// Auto-generated from brelow-mascot.png — BRELOW boot 마스코트.
// 112x112 RGB565(LE). 알파는 near-white 배경에 합성 + 라운드 코너.
// 재생성: python _design_tmp/gen_mascot.py
#include "lvgl.h"

static const uint8_t brelow_mascot_map[] = {
  0xDF,0xF7,0xDF,0xF7,0xDF,0xF7,0xDF,0xF7,0xDF,0xF7,0xDF,0xF7,0xDF,0xF7,0xDF,0xF7,
  0xDF,0xF7,0xDF,0xF7,0xDF,0xF7,0xDF,0xF7,0xDF,0xF7,0xDF,0xF7,0xDE,0xFF,0xDE,0xFF,
  0x9E,0xEF,0x5F,0xC7,0xFF,0x9E,0x9F,0x76,0x7F,0x5E,0x5F,0x4E,0x3F,0x46,0x3F,0x46,
  0x3F,0x46,0x3F,0x46,0x3F,0x46,0x3F,0x46,0x3F,0x46,0x3F,0x46,0x3F,0x46,0x3F,0x46,
  0x3F,0x46,0x3F,0x46,0x3F,0x46,0x3F,0x46,0x3F,0x46,0x3F,0x46,0x3F,0x46,0x3F,0x46,
  0x3F,0x46,0x3F,0x46,0x3F,0x46,0x3F,0x46,0x3F,0x46,0x3F,0x46,0x3F,0x46,0x3F,0x46,
  0x3F,0x46,0x3F,0x46,0x3F,0x46,0x3F,0x46,0x3F,0x46,0x3F,0x46,0x3F,0x46,0x3F,0x46,
  0x3F,0x46,0x3F,0x46,0x3F,0x46,0x3F,0x46,0x3F,0x46,0x3F,0x46,0x3F,0x46,0x3F,0x46,
  0x3F,0x46,0x3F,0x46,0x3F,0x46,0x3F,0x46,0x3F,0x46,0x3F,0x46,0x3F,0x46,0x3F,0x46,
  0x3F,0x46,0x3F,0x46,0x3F,0x46,0x3F,0x46,0x3F,0x46,0x3F,0x46,0x3F,0x46,0x3F,0x46,
  0x3F,0x46,0x3F,0x46,0x3F,0x46,0x3F,0x46,0x3F,0x46,0x3F,0x46,0x3F,0x46,0x3F,0x46,
  0x3F,0x46,0x3F,0x46,0x5F,0x4E,0x7F,0x5E,0xBF,0x7E,0xFF,0x9E,0x5F,0xC7,0x9E,0xEF,
  0xDE,0xFF,0xBE,0xFF,0xDF,0xF7,0xDF,0xF7,0xDF,0xF7,0xDF,0xF7,0xDF,0xF7,0xDF,0xF7,
  0xDF,0xF7,0xDF,0xF7,0xDF,0xF7,0xDF,0xF7,0xDF,0xF7,0xDF,0xF7,0xDF,0xF7,0xDF,0xF7,
  0xDF,0xF7,0xDF,0xF7,0xDF,0xF7,0xDF,0xF7,0xDF,0xF7,0xDF,0xF7,0xDF,0xF7,0xDF,0xF7,
  0xDF,0xF7,0xDF,0xF7,0xDF,0xF7,0xBE,0xF7,0xDE,0xFF,0xBE,0xFF,0x5F,0xCF,0xDF,0x8E,
  0x5F,0x56,0x3F,0x3E,0x1F,0x36,0x1F,0x3E,0x1F,0x3E,0x3F,0x3E,0x3F,0x3E,0x3F,0x46,
  0x3F,0x46,0x3F,0x46,0x3F,0x46,0x3F,0x46,0x3F,0x46,0x3F,0x46,0x3F,0x46,0x3F,0x46,
  0x3F,0x46,0x3F,0x46,0x3F,0x46,0x3F,0x46,0x3F,0x46,0x3F,0x46,0x3F,0x46,0x3F,0x46,
  0x3F,0x46,0x3F,0x46,0x3F,0x46,0x3F,0x46,0x3F,0x46,0x3F,0x46,0x3F,0x46,0x3F,0x46,
  0x3F,0x46,0x3F,0x46,0x3F,0x46,0x3F,0x46,0x3F,0x46,0x3F,0x46,0x3F,0x46,0x3F,0x46,
  0x3F,0x46,0x3F,0x46,0x3F,0x46,0x3F,0x46,0x3F,0x46,0x3F,0x46,0x3F,0x46,0x3F,0x46,
  0x3F,0x46,0x3F,0x46,0x3F,0x46,0x3F,0x46,0x3F,0x46,0x3F,0x46,0x3F,0x46,0x3F,0x46,
  0x3F,0x46,0x3F,0x46,0x3F,0x46,0x3F,0x46,0x3F,0x46,0x3F,0x46,0x3F,0x46,0x3F,0x46,
  0x3F,0x46,0x3F,0x46,0x3F,0x46,0x3F,0x46,0x3F,0x46,0x3F,0x46,0x3F,0x46,0x3F,0x46,
  0x3F,0x46,0x3F,0x46,0x3F,0x3E,0x1F,0x3E,0x1F,0x36,0x1F,0x36,0x3F,0x3E,0x5F,0x56,
  0xDF,0x8E,0x5E,0xCF,0xBE,0xFF,0xBE,0xFF,0xBE,0xF7,0xDF,0xF7,0xDF,0xF7,0xDF,0xF7,
  0xDF,0xF7,0xDF,0xF7,0xDF,0xF7,0xDF,0xF7,0xDF,0xF7,0xDF,0xF7,0xDF,0xF7,0xDF,0xF7,
  0xDF,0xF7,0xDF,0xF7,0xDF,0xF7,0xDF,0xF7,0xDF,0xF7,0xDF,0xF7,0xDF,0xF7,0xDF,0xF7,
  0xDF,0xF7,0xBE,0xF7,0xBE,0xFF,0xBE,0xFF,0x5F,0xC7,0x9F,0x6E,0x1F,0x3E,0x1F,0x36,
  0x1F,0x3E,0x1F,0x3E,0x3F,0x46,0x3F,0x46,0x3F,0x3E,0x1F,0x3E,0x1F,0x3E,0x3F,0x3E,
  0x1F,0x3E,0x1F,0x3E,0x3F,0x3E,0x3F,0x3E,0x3F,0x3E,0x3F,0x3E,0x1F,0x3E,0x3F,0x3E,
  0x3F,0x3E,0x3F,0x3E,0x1F,0x3E,0x1F,0x3E,0x3F,0x3E,0x3F,0x3E,0x3F,0x3E,0x1F,0x3E,
  0x1F,0x3E,0x1F,0x3E,0x1F,0x3E,0x3F,0x3E,0x3F,0x3E,0x1F,0x3E,0x1F,0x3E,0x1F,0x3E,
  0x1F,0x3E,0x1F,0x3E,0x3F,0x3E,0x3F,0x3E,0x3F,0x3E,0x1F,0x3E,0x3F,0x3E,0x1F,0x3E,
  0x3F,0x3E,0x1F,0x3E,0x1F,0x3E,0x1F,0x3E,0x3F,0x3E,0x1F,0x3E,0x3F,0x3E,0x1F,0x3E,
  0x3F,0x3E,0x3F,0x3E,0x3F,0x3E,0x1F,0x3E,0x3F,0x3E,0x1F,0x3E,0x1F,0x3E,0x3F,0x3E,
  0x3F,0x3E,0x3F,0x3E,0x1F,0x3E,0x1F,0x3E,0x3F,0x3E,0x3F,0x3E,0x3F,0x3E,0x1F,0x3E,
  0x1F,0x3E,0x1F,0x3E,0x1F,0x3E,0x3F,0x3E,0x1F,0x3E,0x1F,0x3E,0x3F,0x3E,0x1F,0x3E,
  0x3F,0x3E,0x3F,0x3E,0x1F,0x3E,0x3F,0x3E,0x3F,0x46,0x3F,0x46,0x3F,0x3E,0x1F,0x3E,
  0x1F,0x36,0x1F,0x3E,0x7F,0x6E,0x3F,0xC7,0xBE,0xFF,0xBE,0xFF,0xBE,0xF7,0xDF,0xF7,
  0xDF,0xF7,0xDF,0xF7,0xDF,0xF7,0xDF,0xF7,0xDF,0xF7,0xDF,0xF7,0xDF,0xF7,0xDF,0xF7,
  0xDF,0xF7,0xDF,0xF7,0xDF,0xF7,0xDF,0xF7,0xDF,0xF7,0xDF,0xF7,0xDF,0xF7,0xDF,0xF7,
  0xBE,0xF7,0xDE,0xFF,0x7E,0xE7,0x9F,0x7E,0x1F,0x36,0x1F,0x36,0x1F,0x3E,0x1F,0x46,
  0x1F,0x3E,0x1F,0x3E,0x1F,0x3E,0x1F,0x3E,0x1F,0x3E,0x1F,0x3E,0x1F,0x3E,0x1F,0x3E,
  0x1F,0x3E,0x1F,0x3E,0x1F,0x3E,0x1F,0x3E,0x1F,0x3E,0x1F,0x3E,0x1F,0x3E,0x1F,0x3E,
  0x1F,0x3E,0x1F,0x3E,0x1F,0x3E,0x1F,0x3E,0x1F,0x3E,0x1F,0x3E,0x1F,0x3E,0x1F,0x3E,
  0x1F,0x3E,0x1F,0x3E,0x1F,0x3E,0x1F,0x3E,0x1F,0x3E,0x1F,0x3E,0x1F,0x3E,0x1F,0x3E,
  0x1F,0x3E,0x1F,0x3E,0x1F,0x3E,0x1F,0x3E,0x1F,0x3E,0x1F,0x3E,0x1F,0x3E,0x1F,0x3E,
  0x1F,0x3E,0x1F,0x3E,0x1F,0x3E,0x1F,0x3E,0x1F,0x3E,0x1F,0x3E,0x1F,0x3E,0x1F,0x3E,
  0x1F,0x3E,0x1F,0x3E,0x1F,0x3E,0x1F,0x3E,0x1F,0x3E,0x1F,0x3E,0x1F,0x3E,0x1F,0x3E,
  0x1F,0x3E,0x1F,0x3E,0x1F,0x3E,0x1F,0x3E,0x1F,0x3E,0x1F,0x3E,0x1F,0x3E,0x1F,0x3E,
  0x1F,0x3E,0x1F,0x3E,0x1F,0x3E,0x1F,0x3E,0x1F,0x3E,0x1F,0x3E,0x1F,0x3E,0x1F,0x3E,
  0x1F,0x3E,0x1F,0x3E,0x1F,0x3E,0x1F,0x3E,0x1F,0x3E,0x1F,0x3E,0x1F,0x3E,0x1F,0x3E,
  0x1F,0x46,0x1F,0x3E,0x1F,0x36,0x1F,0x36,0x9F,0x7E,0x7E,0xE7,0xDE,0xFF,0xBE,0xF7,
  0xDF,0xF7,0xDF,0xF7,0xDF,0xF7,0xDF,0xF7,0xDF,0xF7,0xDF,0xF7,0xDF,0xF7,0xDF,0xF7,
  0xDF,0xF7,0xDF,0xF7,0xDF,0xF7,0xDF,0xF7,0xDF,0xF7,0xDF,0xF7,0xDF,0xF7,0xBE,0xF7,
  0xDE,0xFF,0x1F,0xB7,0x3F,0x46,0xFF,0x35,0x1F,0x3E,0x1F,0x3E,0x1F,0x3E,0x1F,0x3E,
  0x1F,0x3E,0x1F,0x3E,0x1F,0x3E,0x1F,0x3E,0x1F,0x3E,0x1F,0x3E,0x1F,0x3E,0x1F,0x3E,
  0x1F,0x3E,0x1F,0x3E,0x1F,0x3E,0x1F,0x3E,0x1F,0x3E,0x1F,0x3E,0x1F,0x3E,0x1F,0x3E,
  0x1F,0x3E,0x1F,0x3E,0x1F,0x3E,0x1F,0x3E,0x1F,0x3E,0x1F,0x3E,0x1F,0x3E,0x1F,0x3E,
  0x1F,0x3E,0x1F,0x3E,0x1F,0x3E,0x1F,0x3E,0x1F,0x3E,0x1F,0x3E,0x1F,0x3E,0x1F,0x3E,
  0x1F,0x3E,0x1F,0x3E,0x1F,0x3E,0x1F,0x3E,0x1F,0x3E,0x1F,0x3E,0x1F,0x3E,0x1F,0x3E,
  0x1F,0x3E,0x1F,0x3E,0x1F,0x3E,0x1F,0x3E,0x1F,0x3E,0x1F,0x3E,0x1F,0x3E,0x1F,0x3E,
  0x1F,0x3E,0x1F,0x3E,0x1F,0x3E,0x1F,0x3E,0x1F,0x3E,0x1F,0x3E,0x1F,0x3E,0x1F,0x3E,
  0x1F,0x3E,0x1F,0x3E,0x1F,0x3E,0x1F,0x3E,0x1F,0x3E,0x1F,0x3E,0x1F,0x3E,0x1F,0x3E,
  0x1F,0x3E,0x1F,0x3E,0x1F,0x3E,0x1F,0x3E,0x1F,0x3E,0x1F,0x3E,0x1F,0x3E,0x1F,0x3E,
  0x1F,0x3E,0x1F,0x3E,0x1F,0x3E,0x1F,0x3E,0x1F,0x3E,0x1F,0x3E,0x1F,0x3E,0x1F,0x3E,
  0x1F,0x3E,0x1F,0x3E,0x1F,0x3E,0x1F,0x3E,0xFF,0x35,0x3F,0x46,0x1F,0xB7,0xDE,0xFF,
  0xBE,0xF7,0xDF,0xF7,0xDF,0xF7,0xDF,0xF7,0xDF,0xF7,0xDF,0xF7,0xDF,0xF7,0xDF,0xF7,
  0xDF,0xF7,0xDF,0xF7,0xDF,0xF7,0xDF,0xF7,0xDF,0xF7,0xDF,0xF7,0xBE,0xF7,0xBE,0xFF,
  0xBF,0x8E,0xFF,0x35,0xFF,0x35,0x1F,0x3E,0x1F,0x3E,0x1F,0x3E,0x1F,0x3E,0x1F,0x3E,
  0x1F,0x3E,0x1F,0x3E,0x1F,0x3E,0x1F,0x3E,0x1F,0x3E,0x1F,0x3E,0x1F,0x3E,0x1F,0x3E,
  0x1F,0x3E,0x1F,0x3E,0x1F,0x3E,0x1F,0x3E,0x1F,0x3E,0x1F,0x3E,0x1F,0x3E,0x1F,0x3E,
  0x1F,0x3E,0x1F,0x3E,0x1F,0x3E,0x1F,0x3E,0x1F,0x3E,0x1F,0x3E,0x1F,0x3E,0x1F,0x3E,
  0x1F,0x3E,0x1F,0x3E,0x1F,0x3E,0x1F,0x3E,0x1F,0x3E,0x1F,0x3E,0x1F,0x3E,0x1F,0x3E,
  0x1F,0x3E,0x1F,0x3E,0x1F,0x3E,0x1F,0x3E,0x1F,0x3E,0x1F,0x3E,0x1F,0x3E,0x1F,0x3E,
  0x1F,0x3E,0x1F,0x3E,0x1F,0x3E,0x1F,0x3E,0x1F,0x3E,0x1F,0x3E,0x1F,0x3E,0x1F,0x3E,
  0x1F,0x3E,0x1F,0x3E,0x1F,0x3E,0x1F,0x3E,0x1F,0x3E,0x1F,0x3E,0x1F,0x3E,0x1F,0x3E,
  0x1F,0x3E,0x1F,0x3E,0x1F,0x3E,0x1F,0x3E,0x1F,0x3E,0x1F,0x3E,0x1F,0x3E,0x1F,0x3E,
  0x1F,0x3E,0x1F,0x3E,0x1F,0x3E,0x1F,0x3E,0x1F,0x3E,0x1F,0x3E,0x1F,0x3E,0x1F,0x3E,
  0x1F,0x3E,0x1F,0x3E,0x1F,0x3E,0x1F,0x3E,0x1F,0x3E,0x1F,0x3E,0x1F,0x3E,0x1F,0x3E,
  0x1F,0x3E,0x1F,0x3E,0x1F,0x3E,0x1F,0x3E,0x1F,0x3E,0xFF,0x35,0xFF,0x35,0xDF,0x8E,
  0xBE,0xFF,0xBE,0xF7,0xDF,0xF7,0xDF,0xF7,0xDF,0xF7,0xDF,0xF7,0xDF,0xF7,0xDF,0xF7,
  0xDF,0xF7,0xDF,0xF7,0xDF,0xF7,0xDF,0xF7,0xDF,0xF7,0xBE,0xF7,0xBE,0xFF,0x9F,0x7E,
  0xDF,0x2D,0x1F,0x3E,0xFF,0x3D,0xFF,0x3D,0xFF,0x3D,0xFF,0x3D,0xFF,0x3D,0xFF,0x3D,
  0xFF,0x3D,0xFF,0x3D,0xFF,0x3D,0xFF,0x3D,0xFF,0x3D,0x1F,0x3E,0xFF,0x3D,0xFF,0x3D,
  0xFF,0x3D,0xFF,0x3D,0xFF,0x3D,0xFF,0x3D,0xFF,0x3D,0xFF,0x3D,0xFF,0x3D,0xFF,0x3D,
  0x1F,0x3E,0xFF,0x3D,0xFF,0x3D,0xFF,0x3D,0xFF,0x3D,0xFF,0x3D,0xFF,0x3D,0xFF,0x3D,
  0xFF,0x3D,0xFF,0x3D,0x1F,0x3E,0xFF,0x3D,0xFF,0x3D,0xFF,0x3D,0xFF,0x3D,0xFF,0x3D,
  0xFF,0x3D,0x1F,0x3E,0xFF,0x3D,0xFF,0x3D,0xFF,0x3D,0xFF,0x3D,0xFF,0x3D,0xFF,0x3D,
  0xFF,0x3D,0xFF,0x3D,0xFF,0x3D,0xFF,0x3D,0xFF,0x3D,0xFF,0x3D,0xFF,0x3D,0xFF,0x3D,
  0xFF,0x3D,0xFF,0x3D,0xFF,0x3D,0xFF,0x3D,0xFF,0x3D,0xFF,0x3D,0xFF,0x3D,0xFF,0x3D,
  0xFF,0x3D,0xFF,0x3D,0xFF,0x3D,0xFF,0x3D,0xFF,0x3D,0xFF,0x3D,0xFF,0x3D,0x1F,0x3E,
  0xFF,0x3D,0xFF,0x3D,0x1F,0x3E,0xFF,0x3D,0xFF,0x3D,0xFF,0x3D,0xFF,0x3D,0xFF,0x3D,
  0xFF,0x3D,0xFF,0x3D,0xFF,0x3D,0xFF,0x3D,0xFF,0x3D,0xFF,0x3D,0xFF,0x3D,0xFF,0x3D,
  0xFF,0x3D,0xFF,0x3D,0xFF,0x3D,0xFF,0x3D,0xFF,0x3D,0x1F,0x3E,0xFF,0x3D,0xDF,0x2D,
  0xBF,0x86,0xBE,0xFF,0xBE,0xF7,0xDF,0xF7,0xDF,0xF7,0xDF,0xF7,0xDF,0xF7,0xDF,0xF7,
  0xDF,0xF7,0xDF,0xF7,0xDF,0xF7,0xDF,0xF7,0xBE,0xF7,0xBE,0xFF,0x9F,0x86,0xDF,0x2D,
  0xFF,0x3D,0xFF,0x3D,0xFF,0x3D,0xFF,0x3D,0xFF,0x3D,0xFF,0x3D,0xFF,0x3D,0xFF,0x3D,
  0xFF,0x3D,0xFF,0x3D,0xFF,0x3D,0xFF,0x3D,0xFF,0x3D,0xFF,0x3D,0xFF,0x3D,0xFF,0x3D,
  0xFF,0x3D,0xFF,0x3D,0xFF,0x3D,0xFF,0x3D,0xFF,0x3D,0xFF,0x3D,0xFF,0x3D,0xFF,0x3D,
  0xFF,0x3D,0xFF,0x3D,0xFF,0x3D,0xFF,0x3D,0xFF,0x3D,0xFF,0x3D,0xFF,0x3D,0xFF,0x3D,
  0xFF,0x3D,0xFF,0x3D,0xFF,0x3D,0xFF,0x3D,0xFF,0x3D,0xFF,0x3D,0xFF,0x3D,0xFF,0x3D,
  0xFF,0x3D,0xFF,0x3D,0xFF,0x3D,0xFF,0x3D,0xFF,0x3D,0xFF,0x3D,0xFF,0x3D,0xFF,0x3D,
  0xFF,0x3D,0xFF,0x3D,0xFF,0x3D,0xFF,0x3D,0xFF,0x3D,0xFF,0x3D,0xFF,0x3D,0xFF,0x3D,
  0xFF,0x3D,0xFF,0x3D,0xFF,0x3D,0xFF,0x3D,0xFF,0x3D,0xFF,0x3D,0xFF,0x3D,0xFF,0x3D,
  0xFF,0x3D,0xFF,0x3D,0xFF,0x3D,0xFF,0x3D,0xFF,0x3D,0xFF,0x3D,0xFF,0x3D,0xFF,0x3D,
  0xFF,0x3D,0xFF,0x3D,0xFF,0x3D,0xFF,0x3D,0xFF,0x3D,0xFF,0x3D,0xFF,0x35,0xFF,0x3D,
  0xFF,0x3D,0xFF,0x3D,0xFF,0x3D,0xFF,0x3D,0xFF,0x3D,0xFF,0x3D,0xFF,0x3D,0xFF,0x3D,
  0xFF,0x3D,0xFF,0x3D,0xFF,0x3D,0xFF,0x3D,0xFF,0x3D,0xFF,0x3D,0xFF,0x3D,0xFF,0x3D,
  0xDF,0x2D,0x9F,0x7E,0xBE,0xFF,0xBE,0xF7,0xDF,0xF7,0xDF,0xF7,0xDF,0xF7,0xDF,0xF7,
  0xDF,0xF7,0xDF,0xF7,0xDF,0xF7,0xBE,0xF7,0xDE,0xFF,0xBF,0x8E,0xDF,0x2D,0xFF,0x3D,
  0xFF,0x35,0xFF,0x35,0xFF,0x35,0xFF,0x35,0xFF,0x35,0xFF,0x35,0xFF,0x35,0xFF,0x35,
  0xFF,0x35,0xFF,0x35,0xFF,0x35,0xFF,0x35,0xFF,0x35,0xFF,0x35,0xFF,0x35,0xFF,0x35,
  0xFF,0x35,0xFF,0x35,0xFF,0x35,0xFF,0x35,0xFF,0x35,0xFF,0x35,0xFF,0x35,0xFF,0x35,
  0xFF,0x35,0xFF,0x35,0xFF,0x35,0xFF,0x35,0xFF,0x35,0xFF,0x35,0xFF,0x35,0xFF,0x35,
  0xFF,0x35,0xFF,0x35,0xFF,0x35,0xFF,0x35,0xFF,0x35,0xFF,0x35,0xFF,0x35,0xFF,0x35,
  0xFF,0x35,0xFF,0x35,0xFF,0x35,0xFF,0x35,0xFF,0x35,0xFF,0x35,0xFF,0x35,0xFF,0x35,
  0xFF,0x35,0xFF,0x35,0xFF,0x35,0xFF,0x35,0xFF,0x35,0xFF,0x35,0xFF,0x35,0xFF,0x35,
  0xFF,0x35,0xFF,0x35,0xFF,0x35,0xFF,0x35,0xFF,0x35,0xFF,0x35,0xFF,0x35,0xFF,0x35,
  0xFF,0x35,0xFF,0x35,0xFF,0x35,0xFF,0x35,0xFF,0x35,0xFF,0x35,0xFF,0x35,0xFF,0x35,
  0xFF,0x35,0xFF,0x35,0xFF,0x35,0xFF,0x35,0xFF,0x35,0xFF,0x35,0xFF,0x35,0xFF,0x35,
  0xFF,0x35,0xFF,0x35,0xFF,0x35,0xFF,0x35,0xFF,0x35,0xFF,0x35,0xFF,0x35,0xFF,0x35,
  0xFF,0x35,0xFF,0x35,0xFF,0x35,0xFF,0x35,0xFF,0x35,0xFF,0x35,0xFF,0x35,0xFF,0x35,
  0xFF,0x3D,0xDF,0x2D,0xBF,0x8E,0xDE,0xFF,0xBE,0xF7,0xDF,0xF7,0xDF,0xF7,0xDF,0xF7,
  0xDF,0xF7,0xDF,0xF7,0xBE,0xF7,0xDE,0xFF,0x1F,0xB7,0xDF,0x2D,0xFF,0x35,0xFF,0x35,
  0xFF,0x35,0xFF,0x35,0xFF,0x35,0xFF,0x35,0xFF,0x35,0xFF,0x35,0xFF,0x35,0xFF,0x35,
  0xDF,0x35,0xFF,0x35,0xFF,0x35,0xFF,0x35,0xFF,0x35,0xFF,0x35,0xFF,0x35,0xFF,0x35,
  0xFF,0x35,0xFF,0x35,0xFF,0x35,0xFF,0x35,0xFF,0x35,0xFF,0x35,0xFF,0x35,0xFF,0x35,
  0xFF,0x35,0xFF,0x35,0xFF,0x35,0xFF,0x35,0xFF,0x35,0xFF,0x35,0xFF,0x35,0xFF,0x35,
  0xFF,0x35,0xFF,0x35,0xFF,0x35,0xFF,0x35,0xFF,0x35,0xFF,0x35,0xFF,0x35,0xFF,0x35,
  0xFF,0x35,0xFF,0x35,0xFF,0x35,0xFF,0x35,0xFF,0x35,0xFF,0x35,0xFF,0x35,0xFF,0x35,
  0xFF,0x35,0xFF,0x35,0xFF,0x35,0xFF,0x35,0xFF,0x35,0xFF,0x35,0xFF,0x35,0xFF,0x35,
  0xFF,0x35,0xFF,0x35,0xFF,0x35,0xFF,0x35,0xFF,0x35,0xFF,0x35,0xFF,0x35,0xFF,0x35,
  0xFF,0x35,0xFF,0x35,0xFF,0x35,0xFF,0x35,0xFF,0x35,0xFF,0x35,0xFF,0x35,0xFF,0x35,
  0xFF,0x35,0xFF,0x35,0xFF,0x35,0xFF,0x35,0xFF,0x35,0xFF,0x35,0xFF,0x35,0xFF,0x35,
  0xDF,0x35,0xDF,0x35,0xFF,0x35,0xFF,0x35,0xFF,0x35,0xFF,0x35,0xFF,0x35,0xFF,0x35,
  0xFF,0x35,0xFF,0x35,0xFF,0x35,0xFF,0x35,0xFF,0x35,0xFF,0x35,0xFF,0x35,0xFF,0x35,
  0xFF,0x35,0xFF,0x35,0xDF,0x2D,0x1F,0xB7,0xDE,0xFF,0xBE,0xF7,0xDF,0xF7,0xDF,0xF7,
  0xDF,0xF7,0xDF,0xF7,0xBE,0xFF,0x9E,0xE7,0xFF,0x45,0xDF,0x35,0xDF,0x35,0xDF,0x35,
  0xDF,0x35,0xDF,0x35,0xDF,0x35,0xDF,0x35,0xDF,0x35,0xDF,0x35,0xDF,0x35,0xDF,0x35,
  0xDF,0x35,0xDF,0x35,0xDF,0x35,0xDF,0x35,0xDF,0x35,0xDF,0x35,0xDF,0x35,0xDF,0x35,
  0xDF,0x35,0xDF,0x35,0xDF,0x35,0xDF,0x35,0xDF,0x35,0xDF,0x35,0xDF,0x35,0xDF,0x35,
  0xDF,0x35,0xDF,0x35,0xDF,0x35,0xDF,0x35,0xDF,0x35,0xDF,0x35,0xDF,0x35,0xDF,0x35,
  0xDF,0x35,0xDF,0x35,0xDF,0x35,0xDF,0x35,0xDF,0x35,0xDF,0x35,0xDF,0x35,0xDF,0x35,
  0xDF,0x35,0xDF,0x35,0xDF,0x35,0xDF,0x35,0xDF,0x35,0xDF,0x35,0xDF,0x35,0xDF,0x35,
  0xDF,0x35,0xDF,0x35,0xDF,0x35,0xDF,0x35,0xDF,0x35,0xDF,0x35,0xDF,0x35,0xDF,0x35,
  0xDF,0x35,0xDF,0x35,0xDF,0x35,0xDF,0x35,0xDF,0x35,0xDF,0x35,0xDF,0x35,0xDF,0x35,
  0xDF,0x35,0xDF,0x35,0xDF,0x35,0xDF,0x35,0xDF,0x35,0xDF,0x35,0xDF,0x35,0xDF,0x35,
  0xDF,0x35,0xDF,0x35,0xDF,0x35,0xDF,0x35,0xDF,0x35,0xDF,0x35,0xDF,0x35,0xDF,0x35,
  0xDF,0x35,0xDF,0x35,0xDF,0x35,0xDF,0x35,0xDF,0x35,0xDF,0x35,0xDF,0x35,0xDF,0x35,
  0xDF,0x35,0xDF,0x35,0xDF,0x35,0xDF,0x35,0xDF,0x35,0xDF,0x35,0xDF,0x35,0xDF,0x35,
  0xDF,0x35,0xFF,0x35,0xDF,0x35,0xFF,0x45,0x9E,0xE7,0xBE,0xFF,0xDF,0xF7,0xDF,0xF7,
  0xDF,0xF7,0xBE,0xF7,0xDE,0xFF,0x7F,0x76,0xBF,0x25,0xDF,0x35,0xDF,0x35,0xDF,0x35,
  0xDF,0x35,0xDF,0x35,0xDF,0x35,0xDF,0x35,0xDF,0x35,0xDF,0x35,0xDF,0x35,0xDF,0x35,
  0xDF,0x35,0xDF,0x35,0xDF,0x35,0xDF,0x35,0xDF,0x35,0xDF,0x35,0xDF,0x35,0xDF,0x35,
  0xDF,0x35,0xDF,0x35,0xDF,0x35,0xDF,0x35,0xDF,0x35,0xDF,0x35,0xDF,0x35,0xDF,0x35,
  0xDF,0x35,0xDF,0x35,0xDF,0x35,0xDF,0x35,0xDF,0x35,0xDF,0x35,0xDF,0x35,0xDF,0x35,
  0xDF,0x35,0xDF,0x35,0xDF,0x35,0xDF,0x35,0xDF,0x35,0xDF,0x35,0xDF,0x35,0xDF,0x35,
  0xDF,0x35,0xDF,0x35,0xDF,0x35,0xDF,0x35,0xDF,0x35,0xDF,0x35,0xDF,0x35,0xDF,0x35,
  0xDF,0x35,0xDF,0x35,0xDF,0x35,0xDF,0x35,0xDF,0x35,0xDF,0x35,0xDF,0x35,0xDF,0x35,
  0xDF,0x35,0xDF,0x35,0xDF,0x35,0xDF,0x35,0xDF,0x35,0xDF,0x35,0xDF,0x35,0xDF,0x35,
  0xDF,0x35,0xDF,0x35,0xDF,0x35,0xDF,0x35,0xDF,0x35,0xDF,0x35,0xDF,0x35,0xDF,0x35,
  0xDF,0x35,0xDF,0x35,0xDF,0x35,0xDF,0x35,0xDF,0x35,0xDF,0x35,0xDF,0x35,0xDF,0x35,
  0xDF,0x35,0xDF,0x35,0xDF,0x35,0xDF,0x35,0xDF,0x35,0xDF,0x35,0xDF,0x35,0xDF,0x35,
  0xDF,0x35,0xDF,0x35,0xDF,0x35,0xDF,0x35,0xDF,0x35,0xDF,0x35,0xDF,0x35,0xDF,0x35,
  0xDF,0x35,0xDF,0x35,0xDF,0x35,0xBF,0x25,0x7F,0x76,0xDE,0xFF,0xBE,0xF7,0xDF,0xF7,
  0xDF,0xF7,0xDE,0xFF,0x3F,0xC7,0xBF,0x2D,0xDF,0x35,0xDF,0x35,0xDF,0x35,0xDF,0x35,
  0xDF,0x35,0xDF,0x35,0xDF,0x35,0xDF,0x35,0xDF,0x35,0xDF,0x35,0xDF,0x35,0xDF,0x35,
  0xDF,0x35,0xDF,0x35,0xDF,0x35,0xDF,0x35,0xDF,0x35,0xDF,0x35,0xDF,0x35,0xDF,0x35,
  0xDF,0x35,0xDF,0x35,0xDF,0x35,0xDF,0x35,0xDF,0x35,0xDF,0x35,0xDF,0x35,0xDF,0x35,
  0xDF,0x35,0xDF,0x35,0xDF,0x35,0xDF,0x35,0xDF,0x35,0xDF,0x35,0xDF,0x35,0xDF,0x35,
  0xDF,0x35,0xDF,0x35,0xDF,0x35,0xDF,0x35,0xDF,0x35,0xDF,0x35,0xDF,0x35,0xDF,0x35,
  0xDF,0x35,0xDF,0x35,0xDF,0x35,0xDF,0x35,0xDF,0x35,0xDF,0x35,0xDF,0x35,0xDF,0x35,
  0xDF,0x35,0xDF,0x35,0xDF,0x35,0xDF,0x35,0xDF,0x35,0xDF,0x35,0xDF,0x35,0xDF,0x35,
  0xDF,0x35,0xDF,0x35,0xDF,0x35,0xDF,0x35,0xDF,0x35,0xDF,0x35,0xDF,0x35,0xDF,0x35,
  0xDF,0x35,0xDF,0x35,0xDF,0x35,0xDF,0x35,0xDF,0x35,0xDF,0x35,0xDF,0x35,0xDF,0x35,
  0xDF,0x35,0xDF,0x35,0xDF,0x35,0xDF,0x35,0xDF,0x35,0xDF,0x35,0xDF,0x35,0xDF,0x35,
  0xDF,0x35,0xDF,0x35,0xDF,0x35,0xDF,0x35,0xDF,0x35,0xDF,0x35,0xDF,0x35,0xDF,0x35,
  0xDF,0x35,0xDF,0x35,0xDF,0x35,0xDF,0x35,0xDF,0x35,0xDF,0x35,0xDF,0x35,0xDF,0x35,
  0xDF,0x35,0xDF,0x35,0xDF,0x35,0xDF,0x35,0xBF,0x2D,0x5E,0xCF,0xDE,0xFF,0xDF,0xF7,
  0xDF,0xF7,0xDE,0xFF,0x5F,0x66,0xBF,0x25,0xDF,0x35,0xDF,0x35,0xBF,0x35,0xDF,0x35,
  0xDF,0x35,0xBF,0x35,0xDF,0x35,0xBF,0x35,0xDF,0x35,0xDF,0x35,0xDF,0x35,0xDF,0x35,
  0xDF,0x35,0xBF,0x35,0xDF,0x35,0xDF,0x35,0xBF,0x35,0xDF,0x35,0xBF,0x35,0xDF,0x35,
  0xBF,0x35,0xDF,0x35,0xBF,0x35,0xDF,0x35,0xBF,0x35,0xBF,0x35,0xBF,0x35,0xDF,0x35,
  0xBF,0x35,0xDF,0x35,0xDF,0x35,0xBF,0x35,0xBF,0x35,0xDF,0x35,0xBF,0x35,0xDF,0x35,
  0xDF,0x35,0xBF,0x35,0xBF,0x35,0xBF,0x35,0xDF,0x35,0xBF,0x35,0xBF,0x35,0xDF,0x35,
  0xDF,0x35,0xDF,0x35,0xDF,0x35,0xBF,0x35,0xDF,0x35,0xDF,0x35,0xDF,0x35,0xDF,0x35,
  0xBF,0x35,0xDF,0x35,0xBF,0x35,0xBF,0x35,0xBF,0x35,0xBF,0x35,0xDF,0x35,0xDF,0x35,
  0xBF,0x35,0xBF,0x35,0xDF,0x35,0xBF,0x35,0xDF,0x35,0xDF,0x35,0xBF,0x35,0xDF,0x35,
  0xDF,0x35,0xDF,0x35,0xBF,0x35,0xBF,0x35,0xDF,0x35,0xDF,0x35,0xBF,0x35,0xBF,0x35,
  0xBF,0x35,0xDF,0x35,0xDF,0x35,0xBF,0x35,0xBF,0x35,0xDF,0x35,0xBF,0x35,0xDF,0x35,
  0xBF,0x35,0xBF,0x35,0xDF,0x35,0xBF,0x35,0xDF,0x35,0xDF,0x35,0xBF,0x35,0xBF,0x35,
  0xBF,0x35,0xBF,0x35,0xDF,0x35,0xBF,0x35,0xBF,0x35,0xDF,0x35,0xDF,0x35,0xBF,0x35,
  0xDF,0x35,0xDF,0x35,0xBF,0x35,0xDF,0x35,0xBF,0x25,0x5F,0x6E,0xDE,0xFF,0xDF,0xF7,
  0xDE,0xFF,0x5E,0xD7,0xBF,0x2D,0xBF,0x2D,0xBF,0x2D,0xBF,0x2D,0xBF,0x2D,0xBF,0x2D,
  0xBF,0x2D,0xBF,0x2D,0xBF,0x2D,0xBF,0x2D,0xBF,0x2D,0xBF,0x2D,0xBF,0x2D,0xBF,0x2D,
  0xBF,0x2D,0xBF,0x2D,0xBF,0x2D,0xBF,0x2D,0xBF,0x2D,0xBF,0x2D,0xBF,0x2D,0xBF,0x2D,
  0xBF,0x2D,0xBF,0x2D,0xBF,0x2D,0xBF,0x2D,0xBF,0x2D,0xBF,0x2D,0xBF,0x2D,0xBF,0x2D,
  0xBF,0x2D,0xBF,0x2D,0xBF,0x2D,0xBF,0x2D,0xBF,0x2D,0xBF,0x2D,0xBF,0x2D,0xBF,0x2D,
  0xBF,0x2D,0xBF,0x2D,0xBF,0x2D,0xBF,0x2D,0xBF,0x2D,0xBF,0x2D,0xBF,0x2D,0xBF,0x2D,
  0xBF,0x2D,0xBF,0x2D,0xBF,0x2D,0xBF,0x2D,0xBF,0x2D,0xBF,0x2D,0xBF,0x2D,0xBF,0x2D,
  0xBF,0x2D,0xBF,0x2D,0xBF,0x2D,0xBF,0x2D,0xBF,0x2D,0xBF,0x2D,0xBF,0x2D,0xBF,0x2D,
  0xBF,0x2D,0xBF,0x2D,0xBF,0x2D,0xBF,0x2D,0xBF,0x2D,0xBF,0x2D,0xBF,0x2D,0xBF,0x2D,
  0xBF,0x2D,0xBF,0x2D,0xBF,0x2D,0xBF,0x2D,0xBF,0x2D,0xBF,0x2D,0xBF,0x2D,0xBF,0x2D,
  0xBF,0x2D,0xBF,0x2D,0xBF,0x2D,0xBF,0x2D,0xBF,0x2D,0xBF,0x2D,0xBF,0x2D,0xBF,0x2D,
  0xBF,0x2D,0xBF,0x2D,0xBF,0x2D,0xBF,0x2D,0xBF,0x2D,0xBF,0x2D,0xBF,0x2D,0xBF,0x2D,
  0xBF,0x2D,0xBF,0x2D,0xBF,0x2D,0xBF,0x2D,0xBF,0x2D,0xBF,0x2D,0xBF,0x2D,0xBF,0x2D,
  0xBF,0x2D,0xBF,0x2D,0xBF,0x2D,0xBF,0x2D,0xBF,0x2D,0xBF,0x2D,0x5E,0xCF,0xDE,0xFF,
  0xDE,0xFF,0x9F,0x8E,0x9F,0x25,0xBF,0x35,0xBF,0x2D,0xBF,0x2D,0xBF,0x2D,0xBF,0x2D,
  0xBF,0x2D,0xBF,0x2D,0xBF,0x2D,0xBF,0x2D,0xBF,0x2D,0xBF,0x2D,0xBF,0x2D,0xBF,0x2D,
  0xBF,0x2D,0xBF,0x2D,0xBF,0x2D,0xBF,0x2D,0xBF,0x2D,0xBF,0x2D,0xBF,0x2D,0xBF,0x2D,
  0xBF,0x2D,0xBF,0x2D,0xBF,0x2D,0xBF,0x2D,0xBF,0x2D,0xBF,0x2D,0xBF,0x2D,0xBF,0x2D,
  0xBF,0x2D,0xBF,0x2D,0xBF,0x2D,0xBF,0x2D,0xBF,0x2D,0xBF,0x2D,0xBF,0x2D,0xBF,0x2D,
  0xBF,0x2D,0xBF,0x2D,0xBF,0x2D,0xBF,0x2D,0xBF,0x2D,0xBF,0x2D,0xBF,0x2D,0xBF,0x2D,
  0xBF,0x2D,0xBF,0x2D,0xBF,0x2D,0xBF,0x2D,0xBF,0x2D,0xBF,0x2D,0xBF,0x2D,0xBF,0x2D,
  0xBF,0x2D,0xBF,0x2D,0xBF,0x2D,0xBF,0x2D,0xBF,0x2D,0xBF,0x2D,0xBF,0x2D,0xBF,0x2D,
  0xBF,0x2D,0xBF,0x2D,0xBF,0x2D,0xBF,0x2D,0xBF,0x2D,0xBF,0x2D,0xBF,0x2D,0xBF,0x2D,
  0xBF,0x2D,0xBF,0x2D,0xBF,0x2D,0xBF,0x2D,0xBF,0x2D,0xBF,0x2D,0xBF,0x2D,0xBF,0x2D,
  0xBF,0x2D,0xBF,0x2D,0xBF,0x2D,0xBF,0x2D,0xBF,0x2D,0xBF,0x2D,0xBF,0x2D,0xBF,0x2D,
  0xBF,0x2D,0xBF,0x2D,0xBF,0x2D,0xBF,0x2D,0xBF,0x2D,0xBF,0x2D,0xBF,0x2D,0xBF,0x2D,
  0xBF,0x2D,0xBF,0x2D,0xBF,0x2D,0xBF,0x2D,0xBF,0x2D,0xBF,0x2D,0xBF,0x2D,0xBF,0x2D,
  0xBF,0x2D,0xBF,0x2D,0xBF,0x2D,0xBF,0x2D,0xBF,0x35,0x9F,0x1D,0x9F,0x8E,0xDE,0xFF,
  0xBE,0xF7,0xFF,0x4D,0x9F,0x25,0xBF,0x2D,0xBF,0x2D,0xBF,0x2D,0xBF,0x2D,0xBF,0x2D,
  0xBF,0x2D,0xBF,0x2D,0xBF,0x2D,0xBF,0x2D,0xBF,0x2D,0xBF,0x2D,0xBF,0x2D,0xBF,0x2D,
  0xBF,0x2D,0xBF,0x2D,0xBF,0x2D,0xBF,0x2D,0xBF,0x2D,0xBF,0x2D,0xBF,0x2D,0xBF,0x2D,
  0xBF,0x2D,0xBF,0x2D,0xBF,0x2D,0xBF,0x2D,0xBF,0x2D,0xBF,0x2D,0xBF,0x2D,0xBF,0x2D,
  0xBF,0x2D,0xBF,0x2D,0xBF,0x2D,0xBF,0x2D,0xBF,0x2D,0xBF,0x2D,0xBF,0x2D,0xBF,0x2D,
  0xBF,0x2D,0xBF,0x2D,0xBF,0x2D,0xBF,0x2D,0xBF,0x2D,0xBF,0x2D,0xBF,0x2D,0xBF,0x2D,
  0xBF,0x2D,0xBF,0x2D,0xBF,0x2D,0xBF,0x2D,0xBF,0x2D,0xBF,0x2D,0xBF,0x2D,0xBF,0x2D,
  0xBF,0x2D,0xBF,0x2D,0xBF,0x2D,0xBF,0x2D,0xBF,0x2D,0xBF,0x2D,0xBF,0x2D,0xBF,0x2D,
  0xBF,0x2D,0xBF,0x2D,0xBF,0x2D,0xBF,0x2D,0xBF,0x2D,0xBF,0x2D,0xBF,0x2D,0xBF,0x2D,
  0xBF,0x2D,0xBF,0x2D,0xBF,0x2D,0xBF,0x2D,0xBF,0x2D,0xBF,0x2D,0xBF,0x2D,0xBF,0x2D,
  0xBF,0x2D,0xBF,0x2D,0xBF,0x2D,0xBF,0x2D,0xBF,0x2D,0xBF,0x2D,0xBF,0x2D,0xBF,0x2D,
  0xBF,0x2D,0xBF,0x2D,0xBF,0x2D,0xBF,0x2D,0xBF,0x2D,0xBF,0x2D,0xBF,0x2D,0xBF,0x2D,
  0xBF,0x2D,0xBF,0x2D,0xBF,0x2D,0xBF,0x2D,0xBF,0x2D,0xBF,0x2D,0xBF,0x2D,0xBF,0x2D,
  0xBF,0x2D,0xBF,0x2D,0xBF,0x2D,0xBF,0x2D,0xBF,0x2D,0x9F,0x25,0xFF,0x4D,0x9E,0xF7,
  0x3E,0xCF,0xBF,0x2D,0x9F,0x2D,0x9F,0x2D,0x9F,0x2D,0x9F,0x2D,0x9F,0x2D,0x9F,0x2D,
  0x9F,0x2D,0x9F,0x2D,0x9F,0x2D,0x9F,0x2D,0x9F,0x2D,0x9F,0x2D,0x9F,0x2D,0x9F,0x2D,
  0x9F,0x2D,0x9F,0x2D,0x9F,0x2D,0x9F,0x2D,0x9F,0x2D,0x9F,0x2D,0x9F,0x2D,0x9F,0x2D,
  0x9F,0x2D,0x9F,0x2D,0x9F,0x2D,0x9F,0x2D,0x9F,0x2D,0x9F,0x2D,0x9F,0x2D,0x9F,0x2D,
  0x9F,0x2D,0x9F,0x2D,0x9F,0x2D,0x9F,0x2D,0x9F,0x2D,0x9F,0x2D,0x9F,0x2D,0x9F,0x2D,
  0x9F,0x2D,0x9F,0x2D,0x9F,0x2D,0x9F,0x2D,0x9F,0x2D,0x9F,0x2D,0x9F,0x2D,0x9F,0x2D,
  0x9F,0x2D,0x9F,0x2D,0x9F,0x2D,0x9F,0x2D,0x9F,0x2D,0x9F,0x2D,0x9F,0x2D,0x9F,0x2D,
  0x9F,0x2D,0x9F,0x2D,0x9F,0x2D,0x9F,0x2D,0x9F,0x2D,0x9F,0x2D,0x9F,0x2D,0x9F,0x2D,
  0x9F,0x2D,0x9F,0x2D,0x9F,0x2D,0x9F,0x2D,0x9F,0x2D,0x9F,0x2D,0x9F,0x2D,0x9F,0x2D,
  0x9F,0x2D,0x9F,0x2D,0x9F,0x2D,0x9F,0x2D,0x9F,0x2D,0x9F,0x2D,0x9F,0x2D,0x9F,0x2D,
  0x9F,0x2D,0x9F,0x2D,0x9F,0x2D,0x9F,0x2D,0x9F,0x2D,0x9F,0x2D,0x9F,0x2D,0x9F,0x2D,
  0x9F,0x2D,0x9F,0x2D,0x9F,0x2D,0x9F,0x2D,0x9F,0x2D,0x9F,0x2D,0x9F,0x2D,0x9F,0x2D,
  0x9F,0x2D,0x9F,0x2D,0x9F,0x2D,0x9F,0x2D,0x9F,0x2D,0x9F,0x2D,0x9F,0x2D,0x9F,0x2D,
  0x9F,0x2D,0x9F,0x2D,0x9F,0x2D,0x9F,0x2D,0x9F,0x2D,0x9F,0x2D,0x9F,0x2D,0x3E,0xCF,
  0xBF,0x96,0x7F,0x25,0x9F,0x2D,0x9F,0x2D,0x9F,0x2D,0x9F,0x2D,0x9F,0x2D,0x9F,0x2D,
  0x9F,0x2D,0x9F,0x2D,0x9F,0x2D,0x9F,0x2D,0x9F,0x2D,0x9F,0x2D,0x9F,0x2D,0x9F,0x2D,
  0x9F,0x2D,0x9F,0x2D,0x9F,0x2D,0x9F,0x2D,0x9F,0x2D,0x9F,0x2D,0x9F,0x2D,0x9F,0x2D,
  0x9F,0x2D,0x9F,0x2D,0x9F,0x2D,0x9F,0x2D,0x9F,0x2D,0x9F,0x2D,0x9F,0x2D,0x9F,0x2D,
  0x9F,0x2D,0x9F,0x2D,0x9F,0x2D,0x9F,0x2D,0x9F,0x2D,0x9F,0x2D,0x9F,0x2D,0x9F,0x2D,
  0x9F,0x2D,0x9F,0x2D,0x9F,0x2D,0x9F,0x2D,0x9F,0x2D,0x9F,0x2D,0x9F,0x2D,0x9F,0x2D,
  0x9F,0x2D,0x9F,0x2D,0x9F,0x2D,0x9F,0x2D,0x9F,0x2D,0x9F,0x2D,0x9F,0x2D,0x9F,0x2D,
  0x9F,0x2D,0x9F,0x2D,0x9F,0x2D,0x9F,0x2D,0x9F,0x2D,0x9F,0x2D,0x9F,0x2D,0x9F,0x2D,
  0x9F,0x2D,0x9F,0x2D,0x9F,0x2D,0x9F,0x2D,0x9F,0x2D,0x9F,0x2D,0x9F,0x2D,0x9F,0x2D,
  0x9F,0x2D,0x9F,0x2D,0x9F,0x2D,0x9F,0x2D,0x9F,0x2D,0x9F,0x2D,0x9F,0x2D,0x9F,0x2D,
  0x9F,0x2D,0x9F,0x2D,0x9F,0x2D,0x9F,0x2D,0x9F,0x2D,0x9F,0x2D,0x9F,0x2D,0x9F,0x2D,
  0x9F,0x2D,0x9F,0x2D,0x9F,0x2D,0x9F,0x2D,0x9F,0x2D,0x9F,0x2D,0x9F,0x2D,0x9F,0x2D,
  0x9F,0x2D,0x9F,0x2D,0x9F,0x2D,0x9F,0x2D,0x9F,0x2D,0x9F,0x2D,0x9F,0x2D,0x9F,0x2D,
  0x9F,0x2D,0x9F,0x2D,0x9F,0x2D,0x9F,0x2D,0x9F,0x2D,0x9F,0x2D,0x7F,0x25,0xBF,0x96,
  0x5F,0x6E,0x7F,0x1D,0x9F,0x2D,0x9F,0x2D,0x9F,0x2D,0x9F,0x2D,0x9F,0x2D,0x9F,0x2D,
  0x9F,0x2D,0x9F,0x2D,0x9F,0x2D,0x9F,0x2D,0x9F,0x2D,0x9F,0x2D,0x9F,0x2D,0x9F,0x2D,
  0x9F,0x2D,0x9F,0x2D,0x9F,0x2D,0x9F,0x2D,0x9F,0x2D,0x9F,0x2D,0x9F,0x2D,0x9F,0x2D,
  0x9F,0x2D,0x9F,0x2D,0x9F,0x2D,0x9F,0x2D,0x9F,0x2D,0x9F,0x2D,0x9F,0x2D,0x9F,0x2D,
  0x9F,0x2D,0x9F,0x2D,0x9F,0x2D,0x9F,0x2D,0x9F,0x2D,0x9F,0x2D,0x9F,0x2D,0x9F,0x2D,
  0x9F,0x2D,0x9F,0x2D,0x9F,0x2D,0x9F,0x2D,0x9F,0x2D,0x9F,0x2D,0x9F,0x2D,0x9F,0x2D,
  0x9F,0x2D,0x9F,0x2D,0x9F,0x2D,0x9F,0x2D,0x9F,0x2D,0x9F,0x2D,0x9F,0x2D,0x9F,0x2D,
  0x9F,0x2D,0x9F,0x2D,0x9F,0x2D,0x9F,0x2D,0x9F,0x2D,0x9F,0x2D,0x9F,0x2D,0x9F,0x2D,
  0x9F,0x2D,0x9F,0x2D,0x9F,0x2D,0x9F,0x2D,0x9F,0x2D,0x9F,0x2D,0x9F,0x2D,0x9F,0x2D,
  0x9F,0x2D,0x9F,0x2D,0x9F,0x2D,0x9F,0x2D,0x9F,0x2D,0x9F,0x2D,0x9F,0x2D,0x9F,0x2D,
  0x9F,0x2D,0x9F,0x2D,0x9F,0x2D,0x9F,0x2D,0x9F,0x2D,0x9F,0x2D,0x9F,0x2D,0x9F,0x2D,
  0x9F,0x2D,0x9F,0x2D,0x9F,0x2D,0x9F,0x2D,0x9F,0x2D,0x9F,0x2D,0x9F,0x2D,0x9F,0x2D,
  0x9F,0x2D,0x9F,0x2D,0x9F,0x2D,0x9F,0x2D,0x9F,0x2D,0x9F,0x2D,0x9F,0x2D,0x9F,0x2D,
  0x9F,0x2D,0x9F,0x2D,0x9F,0x2D,0x9F,0x2D,0x9F,0x2D,0x9F,0x2D,0x7F,0x1D,0x3F,0x6E,
  0xFF,0x4D,0x7F,0x25,0x9F,0x2D,0x9F,0x25,0x9F,0x25,0x9F,0x25,0x9F,0x25,0x9F,0x25,
  0x9F,0x25,0x9F,0x25,0x9F,0x25,0x9F,0x25,0x9F,0x25,0x9F,0x25,0x9F,0x25,0x9F,0x25,
  0x9F,0x25,0x9F,0x25,0x9F,0x25,0x9F,0x25,0x9F,0x25,0x9F,0x25,0x9F,0x25,0x9F,0x25,
  0x9F,0x25,0x9F,0x2D,0x9F,0x25,0x9F,0x25,0x9F,0x25,0x9F,0x25,0x9F,0x25,0x9F,0x25,
  0x9F,0x25,0x9F,0x25,0x9F,0x25,0x9F,0x2D,0x9F,0x2D,0x9F,0x2D,0x9F,0x2D,0x9F,0x2D,
  0x9F,0x2D,0x9F,0x2D,0x9F,0x2D,0x9F,0x2D,0x9F,0x2D,0x9F,0x2D,0x9F,0x2D,0x9F,0x2D,
  0x9F,0x2D,0x9F,0x2D,0x9F,0x2D,0x9F,0x2D,0x9F,0x2D,0x9F,0x2D,0x9F,0x2D,0x9F,0x2D,
  0x9F,0x2D,0x9F,0x2D,0x9F,0x2D,0x9F,0x2D,0x9F,0x2D,0x9F,0x25,0x9F,0x25,0x9F,0x25,
  0x9F,0x25,0x9F,0x2D,0x9F,0x25,0x9F,0x2D,0x9F,0x25,0x9F,0x2D,0x9F,0x25,0x9F,0x25,
  0x9F,0x25,0x9F,0x25,0x9F,0x25,0x9F,0x25,0x9F,0x25,0x9F,0x25,0x9F,0x25,0x9F,0x25,
  0x9F,0x25,0x9F,0x25,0x9F,0x25,0x9F,0x25,0x9F,0x25,0x9F,0x2D,0x9F,0x25,0x9F,0x25,
  0x9F,0x25,0x9F,0x25,0x9F,0x25,0x9F,0x25,0x9F,0x25,0x9F,0x25,0x9F,0x25,0x9F,0x25,
  0x9F,0x25,0x9F,0x25,0x9F,0x25,0x9F,0x25,0x9F,0x25,0x9F,0x25,0x9F,0x25,0x9F,0x25,
  0x9F,0x25,0x9F,0x25,0x9F,0x25,0x9F,0x25,0x9F,0x25,0x9F,0x2D,0x7F,0x25,0xFF,0x4D,
  0xBF,0x3D,0x7F,0x25,0x7F,0x25,0x7F,0x25,0x7F,0x25,0x7F,0x25,0x7F,0x25,0x7F,0x25,
  0x7F,0x25,0x7F,0x25,0x7F,0x25,0x7F,0x25,0x7F,0x25,0x7F,0x25,0x7F,0x25,0x7F,0x25,
  0x7F,0x25,0x7F,0x25,0x7F,0x25,0x7F,0x25,0x7F,0x25,0x7F,0x25,0x7F,0x25,0x7F,0x25,
  0x7F,0x25,0x7F,0x25,0x7F,0x25,0x7F,0x25,0x7F,0x25,0x7F,0x25,0x7F,0x25,0x9F,0x25,
  0x7F,0x25,0x9F,0x25,0x9F,0x25,0x7F,0x2D,0x9F,0x2D,0x9F,0x2D,0x9F,0x2D,0x9F,0x2D,
  0x9F,0x2D,0x9F,0x2D,0x9F,0x2D,0x9F,0x2D,0x9F,0x2D,0x9F,0x2D,0x9F,0x2D,0x9F,0x2D,
  0x9F,0x2D,0x9F,0x2D,0x9F,0x2D,0x9F,0x2D,0x9F,0x2D,0x9F,0x2D,0x9F,0x2D,0x9F,0x2D,
  0x9F,0x2D,0x9F,0x2D,0x7F,0x2D,0x9F,0x2D,0x7F,0x25,0x7F,0x25,0x7F,0x25,0x7F,0x25,
  0x7F,0x25,0x7F,0x25,0x7F,0x25,0x7F,0x25,0x7F,0x25,0x7F,0x25,0x7F,0x25,0x7F,0x25,
  0x7F,0x25,0x7F,0x25,0x7F,0x25,0x7F,0x25,0x7F,0x25,0x7F,0x25,0x7F,0x25,0x7F,0x25,
  0x7F,0x25,0x7F,0x25,0x7F,0x25,0x7F,0x25,0x7F,0x25,0x7F,0x25,0x7F,0x25,0x7F,0x25,
  0x7F,0x25,0x7F,0x25,0x7F,0x25,0x7F,0x25,0x7F,0x25,0x7F,0x25,0x7F,0x25,0x7F,0x25,
  0x7F,0x25,0x7F,0x25,0x7F,0x25,0x7F,0x25,0x7F,0x25,0x7F,0x25,0x7F,0x25,0x7F,0x25,
  0x7F,0x25,0x7F,0x25,0x7F,0x25,0x7F,0x25,0x7F,0x25,0x7F,0x25,0x7F,0x25,0xBF,0x3D,
  0x9F,0x2D,0x7F,0x25,0x7F,0x25,0x7F,0x25,0x7F,0x25,0x7F,0x25,0x7F,0x25,0x7F,0x25,
  0x7F,0x25,0x7F,0x25,0x7F,0x25,0x7F,0x25,0x7F,0x25,0x7F,0x25,0x7F,0x25,0x7F,0x25,
  0x7F,0x25,0x7F,0x25,0x7F,0x25,0x7F,0x25,0x7F,0x25,0x7F,0x25,0x7F,0x25,0x7F,0x25,
  0x7F,0x25,0x7F,0x25,0x7F,0x25,0x7F,0x25,0x7F,0x25,0x7F,0x25,0x7F,0x25,0x7F,0x25,
  0x7F,0x25,0x7F,0x25,0x7F,0x2D,0x7F,0x25,0x7F,0x2D,0x9F,0x2D,0x9F,0x2D,0x9F,0x2D,
  0x9F,0x2D,0x9F,0x2D,0x9F,0x2D,0x9F,0x2D,0x9F,0x2D,0x9F,0x2D,0x9F,0x2D,0x9F,0x2D,
  0x9F,0x2D,0x9F,0x2D,0x9F,0x2D,0x9F,0x2D,0x9F,0x2D,0x9F,0x2D,0x9F,0x2D,0x9F,0x2D,
  0x9F,0x2D,0x9F,0x2D,0x9F,0x2D,0x7F,0x2D,0x7F,0x2D,0x7F,0x25,0x7F,0x25,0x7F,0x25,
  0x7F,0x25,0x7F,0x25,0x7F,0x25,0x7F,0x25,0x7F,0x25,0x7F,0x25,0x7F,0x25,0x7F,0x25,
  0x7F,0x25,0x7F,0x25,0x7F,0x25,0x7F,0x25,0x7F,0x25,0x7F,0x25,0x7F,0x25,0x7F,0x25,
  0x7F,0x25,0x7F,0x25,0x7F,0x25,0x7F,0x25,0x7F,0x25,0x7F,0x25,0x7F,0x25,0x7F,0x25,
  0x7F,0x25,0x7F,0x25,0x7F,0x25,0x7F,0x25,0x7F,0x25,0x7F,0x25,0x7F,0x25,0x7F,0x25,
  0x7F,0x25,0x7F,0x25,0x7F,0x25,0x7F,0x25,0x7F,0x25,0x7F,0x25,0x7F,0x25,0x7F,0x25,
  0x7F,0x25,0x7F,0x25,0x7F,0x25,0x7F,0x25,0x7F,0x25,0x7F,0x25,0x7F,0x25,0x9F,0x2D,
  0x7F,0x25,0x7F,0x25,0x7F,0x25,0x7F,0x25,0x7F,0x25,0x7F,0x25,0x7F,0x25,0x7F,0x25,
  0x7F,0x25,0x7F,0x25,0x7F,0x25,0x7F,0x25,0x7F,0x25,0x7F,0x25,0x7F,0x25,0x7F,0x25,
  0x7F,0x25,0x7F,0x25,0x7F,0x25,0x7F,0x25,0x7F,0x25,0x7F,0x25,0x7F,0x25,0x7F,0x25,
  0x7F,0x25,0x7F,0x25,0x7F,0x25,0x7F,0x25,0x7F,0x25,0x7F,0x25,0x7F,0x25,0x7F,0x2D,
  0x7F,0x25,0x7F,0x25,0x9F,0x2D,0x7F,0x2D,0x7F,0x2D,0x9F,0x2D,0x7F,0x2D,0x9F,0x2D,
  0x9F,0x2D,0x9F,0x2D,0x9F,0x2D,0x9F,0x2D,0x9F,0x2D,0x9F,0x2D,0x9F,0x35,0x9F,0x2D,
  0x9F,0x2D,0x9F,0x2D,0x9F,0x2D,0x9F,0x2D,0x9F,0x2D,0x9F,0x2D,0x9F,0x2D,0x9F,0x2D,
  0x9F,0x2D,0x7F,0x2D,0x9F,0x2D,0x7F,0x2D,0x7F,0x2D,0x7F,0x2D,0x7F,0x2D,0x7F,0x2D,
  0x7F,0x25,0x7F,0x25,0x7F,0x25,0x7F,0x25,0x7F,0x25,0x7F,0x25,0x7F,0x25,0x7F,0x25,
  0x7F,0x25,0x7F,0x25,0x7F,0x25,0x7F,0x25,0x7F,0x25,0x7F,0x25,0x7F,0x25,0x7F,0x25,
  0x7F,0x25,0x7F,0x25,0x7F,0x25,0x7F,0x25,0x7F,0x25,0x7F,0x25,0x7F,0x25,0x7F,0x25,
  0x7F,0x25,0x7F,0x25,0x7F,0x25,0x7F,0x25,0x7F,0x25,0x7F,0x25,0x7F,0x25,0x7F,0x25,
  0x7F,0x25,0x7F,0x25,0x7F,0x25,0x7F,0x25,0x7F,0x25,0x7F,0x25,0x7F,0x25,0x7F,0x25,
  0x7F,0x25,0x7F,0x25,0x7F,0x25,0x7F,0x25,0x7F,0x25,0x7F,0x25,0x7F,0x25,0x7F,0x25,
  0x7F,0x25,0x5F,0x25,0x5F,0x25,0x5F,0x25,0x7F,0x25,0x5F,0x25,0x5F,0x25,0x5F,0x25,
  0x5F,0x25,0x5F,0x25,0x7F,0x25,0x7F,0x25,0x5F,0x25,0x5F,0x25,0x5F,0x25,0x7F,0x25,
  0x7F,0x25,0x7F,0x25,0x7F,0x25,0x5F,0x25,0x7F,0x25,0x7F,0x25,0x7F,0x25,0x5F,0x25,
  0x7F,0x25,0x7F,0x25,0x7F,0x25,0x7F,0x25,0x7F,0x25,0x7F,0x25,0x7F,0x2D,0x7F,0x2D,
  0x7F,0x2D,0x7F,0x2D,0x9F,0x2D,0x9F,0x2D,0x9F,0x2D,0x9F,0x2D,0x9F,0x35,0x9F,0x35,
  0x9F,0x35,0x9F,0x35,0xBF,0x35,0xBF,0x35,0x9F,0x35,0xBF,0x35,0x9F,0x35,0x9F,0x35,
  0x9F,0x35,0x9F,0x35,0x9F,0x35,0x9F,0x35,0x9F,0x35,0x9F,0x35,0x9F,0x35,0x9F,0x35,
  0x9F,0x35,0x9F,0x35,0x9F,0x2D,0x9F,0x35,0x9F,0x2D,0x7F,0x2D,0x7F,0x2D,0x7F,0x2D,
  0x7F,0x2D,0x7F,0x2D,0x7F,0x2D,0x7F,0x25,0x7F,0x25,0x7F,0x25,0x7F,0x25,0x7F,0x25,
  0x7F,0x25,0x7F,0x25,0x7F,0x25,0x7F,0x25,0x7F,0x25,0x7F,0x25,0x5F,0x25,0x7F,0x25,
  0x7F,0x25,0x5F,0x25,0x5F,0x25,0x5F,0x25,0x7F,0x25,0x7F,0x25,0x5F,0x25,0x7F,0x25,
  0x7F,0x25,0x5F,0x25,0x5F,0x25,0x5F,0x25,0x7F,0x25,0x5F,0x25,0x5F,0x25,0x5F,0x25,
  0x7F,0x25,0x7F,0x25,0x7F,0x25,0x5F,0x25,0x5F,0x25,0x7F,0x25,0x5F,0x25,0x5F,0x25,
  0x5F,0x25,0x5F,0x25,0x5F,0x25,0x7F,0x25,0x7F,0x25,0x5F,0x25,0x7F,0x25,0x5F,0x25,
  0x5F,0x25,0x5F,0x25,0x5F,0x25,0x5F,0x25,0x5F,0x25,0x5F,0x25,0x5F,0x25,0x5F,0x25,
  0x5F,0x25,0x5F,0x25,0x5F,0x25,0x5F,0x25,0x5F,0x25,0x5F,0x25,0x5F,0x25,0x5F,0x25,
  0x5F,0x25,0x5F,0x25,0x5F,0x25,0x5F,0x25,0x5F,0x25,0x5F,0x25,0x5F,0x25,0x7F,0x25,
  0x7F,0x25,0x7F,0x25,0x7F,0x25,0x7F,0x2D,0x7F,0x2D,0x7F,0x25,0x7F,0x2D,0x7F,0x2D,
  0x9F,0x2D,0x9F,0x35,0x9F,0x35,0x9F,0x35,0xBF,0x35,0x9F,0x35,0x9F,0x35,0x9F,0x35,
  0xBF,0x3D,0xBF,0x3D,0xBF,0x3D,0xBF,0x3D,0xBF,0x3D,0xBF,0x3D,0xBF,0x3D,0xBF,0x3D,
  0xBF,0x3D,0xBF,0x45,0xBF,0x3D,0xBF,0x3D,0xBF,0x3D,0xBF,0x3D,0xBF,0x3D,0xBF,0x3D,
  0xBF,0x3D,0x9F,0x35,0x9F,0x35,0x9F,0x35,0x9F,0x35,0x9F,0x35,0x9F,0x2D,0x7F,0x2D,
  0x9F,0x2D,0x7F,0x2D,0x7F,0x2D,0x7F,0x25,0x7F,0x2D,0x7F,0x25,0x7F,0x25,0x7F,0x25,
  0x7F,0x25,0x7F,0x25,0x5F,0x25,0x5F,0x25,0x5F,0x25,0x5F,0x25,0x5F,0x25,0x5F,0x25,
  0x5F,0x25,0x5F,0x25,0x5F,0x25,0x5F,0x25,0x5F,0x25,0x5F,0x25,0x5F,0x25,0x5F,0x25,
  0x5F,0x25,0x5F,0x25,0x5F,0x25,0x5F,0x25,0x5F,0x25,0x5F,0x25,0x5F,0x25,0x5F,0x25,
  0x5F,0x25,0x5F,0x25,0x5F,0x25,0x5F,0x25,0x5F,0x25,0x5F,0x25,0x5F,0x25,0x5F,0x25,
  0x5F,0x25,0x5F,0x25,0x5F,0x25,0x5F,0x25,0x5F,0x25,0x5F,0x25,0x5F,0x25,0x5F,0x25,
  0x5F,0x25,0x5F,0x25,0x5F,0x25,0x5F,0x25,0x5F,0x25,0x5F,0x25,0x5F,0x25,0x5F,0x25,
  0x5F,0x25,0x5F,0x25,0x5F,0x1D,0x5F,0x25,0x5F,0x1D,0x5F,0x25,0x5F,0x25,0x5F,0x25,
  0x5F,0x25,0x5F,0x25,0x5F,0x25,0x5F,0x25,0x5F,0x25,0x5F,0x25,0x7F,0x25,0x7F,0x25,
  0x7F,0x2D,0x7F,0x2D,0x7F,0x2D,0x7F,0x2D,0x7F,0x2D,0x9F,0x35,0x9F,0x35,0x9F,0x35,
  0x9F,0x35,0xBF,0x3D,0xBF,0x3D,0xBF,0x3D,0xBF,0x3D,0xBF,0x3D,0xBF,0x45,0xDF,0x45,
  0xDF,0x45,0xDF,0x4D,0xDF,0x4D,0xDF,0x4D,0xDF,0x4D,0xDF,0x4D,0xDF,0x4D,0xDF,0x4D,
  0xDF,0x4D,0xDF,0x4D,0xDF,0x4D,0xDF,0x45,0xDF,0x4D,0xDF,0x45,0xDF,0x45,0xDF,0x45,
  0xDF,0x45,0xBF,0x45,0xBF,0x3D,0xBF,0x3D,0xBF,0x3D,0x9F,0x3D,0x9F,0x3D,0x9F,0x35,
  0x9F,0x35,0x9F,0x35,0x9F,0x2D,0x9F,0x2D,0x7F,0x2D,0x7F,0x2D,0x7F,0x25,0x7F,0x25,
  0x7F,0x25,0x5F,0x25,0x5F,0x25,0x5F,0x25,0x5F,0x25,0x5F,0x25,0x5F,0x25,0x5F,0x25,
  0x5F,0x25,0x5F,0x25,0x5F,0x25,0x5F,0x25,0x5F,0x25,0x5F,0x25,0x5F,0x1D,0x5F,0x25,
  0x5F,0x25,0x5F,0x25,0x5F,0x1D,0x5F,0x25,0x5F,0x25,0x5F,0x25,0x5F,0x25,0x5F,0x25,
  0x5F,0x25,0x5F,0x25,0x5F,0x25,0x5F,0x25,0x5F,0x25,0x5F,0x25,0x5F,0x25,0x5F,0x25,
  0x5F,0x25,0x5F,0x25,0x5F,0x25,0x5F,0x1D,0x5F,0x25,0x5F,0x1D,0x5F,0x25,0x5F,0x25,
  0x5F,0x1D,0x5F,0x1D,0x5F,0x1D,0x5F,0x1D,0x5F,0x1D,0x5F,0x1D,0x5F,0x1D,0x5F,0x1D,
  0x5F,0x1D,0x5F,0x1D,0x5F,0x1D,0x5F,0x1D,0x5F,0x1D,0x5F,0x1D,0x5F,0x1D,0x5F,0x25,
  0x5F,0x1D,0x5F,0x25,0x5F,0x25,0x5F,0x25,0x5F,0x25,0x5F,0x25,0x5F,0x25,0x7F,0x25,
  0x7F,0x2D,0x7F,0x2D,0x7F,0x2D,0x9F,0x35,0x9F,0x35,0x9F,0x35,0x9F,0x3D,0xBF,0x45,
  0xBF,0x45,0xBF,0x45,0xDF,0x45,0xDF,0x4D,0xDF,0x4D,0xDF,0x4D,0xFF,0x55,0xFF,0x55,
  0xFF,0x4D,0xFF,0x55,0xFF,0x55,0xFF,0x55,0x1F,0x5E,0x1F,0x5E,0x1F,0x5E,0xFF,0x55,
  0xFF,0x5D,0x1F,0x5E,0xFF,0x55,0xFF,0x55,0xFF,0x55,0xFF,0x55,0xFF,0x55,0xFF,0x55,
  0xFF,0x55,0xDF,0x4D,0xDF,0x4D,0xDF,0x4D,0xDF,0x45,0xDF,0x45,0xBF,0x45,0xBF,0x45,
  0xBF,0x3D,0x9F,0x3D,0x9F,0x35,0x9F,0x35,0x9F,0x35,0x7F,0x2D,0x7F,0x2D,0x7F,0x2D,
  0x7F,0x2D,0x5F,0x25,0x5F,0x25,0x5F,0x25,0x5F,0x25,0x5F,0x25,0x5F,0x25,0x5F,0x1D,
  0x5F,0x1D,0x5F,0x1D,0x5F,0x1D,0x5F,0x1D,0x5F,0x1D,0x5F,0x1D,0x5F,0x1D,0x5F,0x1D,
  0x5F,0x1D,0x5F,0x1D,0x5F,0x1D,0x5F,0x1D,0x5F,0x1D,0x5F,0x1D,0x5F,0x1D,0x5F,0x1D,
  0x5F,0x1D,0x5F,0x1D,0x5F,0x1D,0x5F,0x1D,0x5F,0x1D,0x5F,0x1D,0x5F,0x1D,0x5F,0x1D,
  0x5F,0x1D,0x5F,0x1D,0x5F,0x1D,0x5F,0x1D,0x5F,0x1D,0x5F,0x1D,0x5F,0x1D,0x5F,0x1D,
  0x5F,0x1D,0x3F,0x1D,0x5F,0x1D,0x3F,0x1D,0x5F,0x1D,0x5F,0x1D,0x3F,0x1D,0x3F,0x1D,
  0x3F,0x1D,0x5F,0x1D,0x5F,0x1D,0x5F,0x1D,0x5F,0x1D,0x5F,0x1D,0x5F,0x25,0x5F,0x25,
  0x5F,0x25,0x5F,0x25,0x5F,0x25,0x5F,0x25,0x5F,0x25,0x7F,0x25,0x7F,0x2D,0x7F,0x2D,
  0x9F,0x35,0x9F,0x35,0x9F,0x3D,0x9F,0x35,0xBF,0x3D,0xBF,0x45,0xBF,0x45,0xBF,0x45,
  0xDF,0x4D,0xDF,0x4D,0xFF,0x55,0xFF,0x55,0xFF,0x55,0x1F,0x5E,0x1F,0x5E,0x1F,0x5E,
  0x3F,0x66,0x1F,0x5E,0x3F,0x66,0x3F,0x66,0x3F,0x6E,0x3F,0x6E,0x3F,0x6E,0x5F,0x76,
  0x3F,0x6E,0x5F,0x6E,0x3F,0x6E,0x3F,0x6E,0x3F,0x6E,0x3F,0x66,0x1F,0x66,0x1F,0x5E,
  0x1F,0x5E,0x1F,0x5E,0x1F,0x5E,0xFF,0x55,0xFF,0x55,0xFF,0x55,0xDF,0x4D,0xDF,0x4D,
  0xDF,0x4D,0xBF,0x45,0xBF,0x3D,0x9F,0x3D,0x9F,0x3D,0x9F,0x35,0x9F,0x35,0x7F,0x35,
  0x7F,0x2D,0x7F,0x2D,0x7F,0x2D,0x5F,0x25,0x5F,0x25,0x5F,0x25,0x5F,0x25,0x5F,0x1D,
  0x5F,0x1D,0x5F,0x1D,0x5F,0x1D,0x5F,0x1D,0x3F,0x1D,0x5F,0x1D,0x5F,0x1D,0x3F,0x1D,
  0x3F,0x1D,0x5F,0x1D,0x3F,0x1D,0x5F,0x1D,0x5F,0x1D,0x5F,0x1D,0x5F,0x1D,0x3F,0x1D,
  0x5F,0x1D,0x5F,0x1D,0x5F,0x1D,0x5F,0x1D,0x3F,0x1D,0x5F,0x1D,0x3F,0x1D,0x3F,0x1D,
  0x3F,0x1D,0x3F,0x1D,0x3F,0x1D,0x3F,0x1D,0x5F,0x1D,0x5F,0x1D,0x5F,0x1D,0x5F,0x1D,
  0x3F,0x1D,0x3F,0x1D,0x3F,0x1D,0x3F,0x1D,0x3F,0x1D,0x3F,0x1D,0x3F,0x1D,0x3F,0x1D,
  0x3F,0x1D,0x3F,0x1D,0x3F,0x1D,0x3F,0x1D,0x3F,0x1D,0x3F,0x1D,0x5F,0x1D,0x5F,0x25,
  0x5F,0x25,0x5F,0x25,0x5F,0x25,0x5F,0x25,0x7F,0x2D,0x7F,0x2D,0x7F,0x35,0x9F,0x35,
  0x9F,0x35,0x9F,0x3D,0xBF,0x45,0xDF,0x45,0xDF,0x45,0xDF,0x55,0xDF,0x55,0xFF,0x5D,
  0xFF,0x55,0x1F,0x5E,0x1F,0x5E,0x1F,0x66,0x3F,0x6E,0x5F,0x76,0x7F,0x7E,0x9F,0x86,
  0xBF,0x8E,0xDF,0x9E,0xFF,0xA6,0xFF,0xA6,0x1F,0xAF,0x1F,0xB7,0x1F,0xB7,0x1F,0xB7,
  0x3F,0xB7,0x1F,0xB7,0x1F,0xAF,0x1F,0xAF,0x1F,0xAF,0xFF,0xA6,0xDF,0x96,0xBF,0x96,
  0x9F,0x86,0x7F,0x7E,0x5F,0x76,0x3F,0x66,0x3F,0x66,0x1F,0x5E,0x1F,0x5E,0xFF,0x55,
  0xFF,0x55,0xFF,0x55,0xDF,0x4D,0xDF,0x4D,0xBF,0x45,0xBF,0x45,0xBF,0x3D,0x9F,0x3D,
  0x9F,0x35,0x7F,0x35,0x7F,0x2D,0x7F,0x2D,0x5F,0x2D,0x5F,0x25,0x5F,0x25,0x5F,0x25,
  0x5F,0x25,0x3F,0x1D,0x3F,0x1D,0x3F,0x1D,0x3F,0x1D,0x3F,0x1D,0x3F,0x1D,0x3F,0x1D,
  0x3F,0x1D,0x3F,0x1D,0x3F,0x1D,0x3F,0x1D,0x3F,0x1D,0x3F,0x1D,0x3F,0x1D,0x3F,0x1D,
  0x3F,0x1D,0x3F,0x1D,0x3F,0x1D,0x3F,0x1D,0x3F,0x1D,0x3F,0x1D,0x3F,0x1D,0x3F,0x1D,
  0x3F,0x1D,0x3F,0x1D,0x3F,0x1D,0x3F,0x1D,0x3F,0x1D,0x3F,0x1D,0x3F,0x1D,0x3F,0x1D,
  0x3F,0x1D,0x3F,0x1D,0x3F,0x1D,0x3F,0x1D,0x3F,0x1D,0x3F,0x1D,0x3F,0x1D,0x3F,0x1D,
  0x3F,0x1D,0x3F,0x1D,0x3F,0x1D,0x3F,0x1D,0x3F,0x1D,0x3F,0x25,0x5F,0x25,0x5F,0x25,
  0x5F,0x25,0x5F,0x25,0x5F,0x25,0x7F,0x2D,0x7F,0x35,0x9F,0x35,0x9F,0x3D,0x9F,0x3D,
  0xBF,0x45,0xBF,0x45,0xDF,0x4D,0xDF,0x55,0xFF,0x5D,0xFF,0x5D,0x1F,0x5E,0x3F,0x66,
  0x5F,0x76,0x7F,0x7E,0xBF,0x96,0xFF,0xA6,0x1F,0xB7,0x3F,0xBF,0x5F,0xC7,0x7F,0xCF,
  0x9F,0xD7,0x9F,0xD7,0x9F,0xDF,0xBF,0xDF,0xBF,0xDF,0xBF,0xDF,0xBF,0xDF,0xBF,0xDF,
  0xBF,0xDF,0xBF,0xDF,0xBF,0xDF,0xBF,0xDF,0xBF,0xD7,0x9F,0xDF,0x9F,0xD7,0x9F,0xD7,
  0x7F,0xCF,0x7F,0xC7,0x3F,0xBF,0x1F,0xB7,0xDF,0xA6,0xBF,0x8E,0x7F,0x7E,0x5F,0x76,
  0x3F,0x66,0x1F,0x5E,0xFF,0x5D,0xFF,0x5D,0xFF,0x55,0xDF,0x4D,0xDF,0x4D,0xBF,0x45,
  0xBF,0x3D,0x9F,0x3D,0x9F,0x35,0x7F,0x35,0x7F,0x2D,0x5F,0x2D,0x5F,0x25,0x5F,0x25,
  0x5F,0x25,0x5F,0x25,0x3F,0x1D,0x3F,0x1D,0x3F,0x1D,0x3F,0x1D,0x3F,0x1D,0x3F,0x1D,
  0x3F,0x1D,0x3F,0x1D,0x3F,0x1D,0x3F,0x1D,0x3F,0x1D,0x3F,0x1D,0x3F,0x1D,0x3F,0x1D,
  0x3F,0x1D,0x3F,0x1D,0x3F,0x1D,0x3F,0x1D,0x3F,0x1D,0x3F,0x1D,0x3F,0x1D,0x3F,0x1D,
  0x3F,0x1D,0x3F,0x1D,0x3F,0x1D,0x3F,0x1D,0x3F,0x1D,0x3F,0x1D,0x3F,0x1D,0x3F,0x1D,
  0x3F,0x1D,0x3F,0x1D,0x3F,0x1D,0x3F,0x1D,0x3F,0x1D,0x3F,0x1D,0x3F,0x1D,0x3F,0x1D,
  0x3F,0x1D,0x3F,0x1D,0x3F,0x1D,0x3F,0x1D,0x3F,0x1D,0x3F,0x25,0x3F,0x25,0x5F,0x25,
  0x5F,0x2D,0x7F,0x2D,0x7F,0x2D,0x9F,0x35,0x9F,0x3D,0xBF,0x45,0xBF,0x45,0xDF,0x4D,
  0xDF,0x4D,0xFF,0x55,0x1F,0x5E,0x1F,0x66,0x3F,0x6E,0x7F,0x7E,0xBF,0x96,0xFF,0xA6,
  0x3F,0xBF,0x7F,0xCF,0x9F,0xD7,0xBF,0xDF,0xBF,0xDF,0xBF,0xDF,0xBF,0xDF,0xBF,0xD7,
  0xBF,0xD7,0x9F,0xD7,0x9F,0xD7,0x9F,0xD7,0x9F,0xD7,0x9F,0xD7,0x9F,0xD7,0x9F,0xD7,
  0x9F,0xD7,0x9F,0xD7,0x9F,0xD7,0x9F,0xD7,0x9F,0xD7,0x9F,0xD7,0x9F,0xD7,0x9F,0xD7,
  0xBF,0xD7,0xBF,0xDF,0xBF,0xDF,0xBF,0xDF,0x9F,0xD7,0x9F,0xD7,0x7F,0xC7,0x3F,0xBF,
  0xFF,0xA6,0xBF,0x8E,0x7F,0x7E,0x3F,0x6E,0x1F,0x5E,0xFF,0x5D,0xFF,0x55,0xFF,0x55,
  0xDF,0x4D,0xBF,0x45,0xBF,0x3D,0x9F,0x3D,0x9F,0x35,0x7F,0x35,0x7F,0x2D,0x5F,0x2D,
  0x5F,0x25,0x5F,0x25,0x3F,0x25,0x3F,0x1D,0x3F,0x1D,0x3F,0x1D,0x3F,0x1D,0x3F,0x1D,
  0x3F,0x1D,0x3F,0x1D,0x3F,0x1D,0x3F,0x1D,0x3F,0x1D,0x3F,0x1D,0x3F,0x1D,0x3F,0x1D,
  0x3F,0x1D,0x3F,0x1D,0x3F,0x1D,0x3F,0x1D,0x3F,0x1D,0x3F,0x1D,0x3F,0x1D,0x3F,0x1D,
  0x3F,0x1D,0x3F,0x1D,0x3F,0x1D,0x3F,0x1D,0x3F,0x1D,0x3F,0x1D,0x3F,0x1D,0x3F,0x1D,
  0x1F,0x1D,0x1F,0x15,0x1F,0x1D,0x1F,0x15,0x1F,0x1D,0x1F,0x1D,0x1F,0x1D,0x3F,0x1D,
  0x3F,0x1D,0x3F,0x1D,0x3F,0x1D,0x3F,0x25,0x3F,0x25,0x5F,0x25,0x5F,0x2D,0x5F,0x2D,
  0x7F,0x2D,0x7F,0x35,0x9F,0x3D,0xBF,0x45,0xBF,0x45,0xDF,0x4D,0xFF,0x55,0xFF,0x55,
  0x1F,0x5E,0x3F,0x6E,0x7F,0x7E,0xBF,0x96,0x1F,0xAF,0x5F,0xC7,0x9F,0xD7,0xBF,0xDF,
  0xBF,0xDF,0xBF,0xDF,0x9F,0xD7,0x9F,0xD7,0x9F,0xD7,0x9F,0xD7,0x9F,0xD7,0x9F,0xD7,
  0x9F,0xCF,0x9F,0xCF,0x9F,0xCF,0x9F,0xCF,0x9F,0xCF,0x9F,0xCF,0x9F,0xCF,0x9F,0xCF,
  0x9F,0xCF,0x9F,0xCF,0x9F,0xCF,0x9F,0xCF,0x9F,0xCF,0x9F,0xCF,0x9F,0xCF,0x9F,0xCF,
  0x9F,0xD7,0x9F,0xCF,0x9F,0xD7,0x9F,0xD7,0x9F,0xD7,0x9F,0xD7,0xBF,0xD7,0xBF,0xD7,
  0x9F,0xD7,0x9F,0xD7,0x5F,0xC7,0x1F,0xAF,0xBF,0x96,0x7F,0x7E,0x3F,0x6E,0x1F,0x5E,
  0xFF,0x55,0xDF,0x55,0xDF,0x4D,0xBF,0x4D,0x9F,0x3D,0x9F,0x3D,0x7F,0x35,0x7F,0x2D,
  0x7F,0x2D,0x5F,0x25,0x5F,0x25,0x3F,0x25,0x3F,0x1D,0x3F,0x1D,0x3F,0x1D,0x1F,0x1D,
  0x3F,0x1D,0x3F,0x1D,0x1F,0x1D,0x1F,0x1D,0x1F,0x1D,0x1F,0x1D,0x1F,0x1D,0x1F,0x1D,
  0x1F,0x1D,0x1F,0x1D,0x1F,0x1D,0x1F,0x1D,0x1F,0x15,0x1F,0x1D,0x1F,0x1D,0x1F,0x1D,
  0x1F,0x1D,0x1F,0x1D,0x1F,0x15,0x1F,0x1D,0x1F,0x1D,0x1F,0x1D,0x1F,0x1D,0x1F,0x1D,
  0x1F,0x15,0x1F,0x15,0x1F,0x15,0x1F,0x15,0x1F,0x15,0x1F,0x1D,0x1F,0x1D,0x1F,0x1D,
  0x3F,0x1D,0x3F,0x1D,0x3F,0x25,0x3F,0x25,0x5F,0x25,0x5F,0x2D,0x5F,0x2D,0x7F,0x35,
  0x9F,0x3D,0xBF,0x45,0xBF,0x45,0xDF,0x4D,0xDF,0x55,0xFF,0x5D,0x1F,0x66,0x5F,0x76,
  0xBF,0x8E,0xFF,0xAE,0x5F,0xC7,0x9F,0xD7,0xBF,0xDF,0xBF,0xDF,0xBF,0xD7,0x9F,0xD7,
  0x9F,0xD7,0x9F,0xD7,0x9F,0xD7,0x9F,0xCF,0x9F,0xCF,0x9F,0xCF,0x9F,0xCF,0x9F,0xCF,
  0x9F,0xCF,0x9F,0xCF,0x9F,0xCF,0x9F,0xCF,0x9F,0xCF,0x9F,0xCF,0x9F,0xCF,0x9F,0xCF,
  0x9F,0xCF,0x9F,0xCF,0x9F,0xCF,0x9F,0xCF,0x9F,0xCF,0x9F,0xCF,0x9F,0xCF,0x9F,0xCF,
  0x9F,0xCF,0x9F,0xCF,0x9F,0xCF,0x9F,0xCF,0x9F,0xCF,0x9F,0xCF,0x9F,0xCF,0x9F,0xCF,
  0x9F,0xD7,0xBF,0xD7,0xBF,0xDF,0xBF,0xDF,0x9F,0xD7,0x5F,0xC7,0xFF,0xAE,0x9F,0x8E,
  0x5F,0x76,0x1F,0x66,0xFF,0x55,0xDF,0x55,0xBF,0x4D,0xBF,0x45,0x9F,0x3D,0x9F,0x3D,
  0x7F,0x35,0x5F,0x2D,0x5F,0x2D,0x5F,0x25,0x3F,0x25,0x3F,0x1D,0x3F,0x1D,0x3F,0x1D,
  0x1F,0x1D,0x1F,0x15,0x1F,0x1D,0x1F,0x1D,0x1F,0x15,0x1F,0x15,0x1F,0x15,0x1F,0x15,
  0x1F,0x15,0x1F,0x15,0x1F,0x15,0x1F,0x15,0x1F,0x15,0x1F,0x15,0x1F,0x15,0x1F,0x15,
  0x1F,0x15,0x1F,0x15,0x1F,0x15,0x1F,0x15,0x1F,0x15,0x1F,0x15,0x1F,0x15,0x1F,0x15,
  0x1F,0x15,0x1F,0x15,0x1F,0x15,0x1F,0x15,0x1F,0x15,0x1F,0x1D,0x1F,0x1D,0x1F,0x1D,
  0x3F,0x1D,0x3F,0x25,0x3F,0x25,0x5F,0x2D,0x5F,0x2D,0x7F,0x2D,0x7F,0x35,0xBF,0x45,
  0xBF,0x45,0xBF,0x4D,0xDF,0x55,0xFF,0x5D,0x1F,0x66,0x5F,0x7E,0xDF,0x9E,0x3F,0xBF,
  0x9F,0xD7,0xBF,0xDF,0xBF,0xDF,0xBF,0xD7,0x9F,0xD7,0x9F,0xD7,0x9F,0xD7,0x9F,0xD7,
  0x9F,0xCF,0x9F,0xCF,0x9F,0xCF,0x9F,0xCF,0x9F,0xCF,0x9F,0xCF,0x9F,0xCF,0x9F,0xCF,
  0x9F,0xCF,0x7F,0xC7,0x7F,0xCF,0x7F,0xC7,0x7F,0xC7,0x7F,0xC7,0x7F,0xC7,0x7F,0xC7,
  0x7F,0xC7,0x7F,0xC7,0x7F,0xC7,0x7F,0xC7,0x7F,0xC7,0x7F,0xC7,0x7F,0xC7,0x7F,0xCF,
  0x9F,0xCF,0x7F,0xCF,0x9F,0xCF,0x9F,0xCF,0x9F,0xCF,0x9F,0xCF,0x9F,0xCF,0x9F,0xCF,
  0x9F,0xCF,0x9F,0xCF,0x9F,0xCF,0x9F,0xD7,0x9F,0xD7,0xBF,0xDF,0xBF,0xDF,0x7F,0xD7,
  0x3F,0xBF,0xDF,0x9E,0x5F,0x7E,0x1F,0x66,0xFF,0x55,0xDF,0x55,0xDF,0x4D,0xBF,0x45,
  0x9F,0x3D,0x7F,0x3D,0x5F,0x2D,0x5F,0x2D,0x5F,0x25,0x3F,0x25,0x3F,0x1D,0x3F,0x1D,
  0x1F,0x1D,0x1F,0x1D,0x1F,0x1D,0x1F,0x15,0x1F,0x15,0x1F,0x15,0x1F,0x15,0x1F,0x15,
  0x1F,0x15,0x1F,0x15,0x1F,0x15,0x1F,0x15,0x1F,0x15,0x1F,0x15,0x1F,0x15,0x1F,0x15,
  0x1F,0x15,0x1F,0x15,0x1F,0x15,0x1F,0x15,0x1F,0x15,0x1F,0x15,0x1F,0x15,0x1F,0x15,
  0x1F,0x15,0x1F,0x15,0x1F,0x15,0x1F,0x15,0x1F,0x15,0x1F,0x1D,0x1F,0x1D,0x3F,0x1D,
  0x3F,0x25,0x3F,0x25,0x3F,0x25,0x5F,0x2D,0x7F,0x35,0x9F,0x45,0xBF,0x45,0xBF,0x4D,
  0xDF,0x55,0xFF,0x5D,0x1F,0x66,0x7F,0x7E,0xFF,0xA6,0x5F,0xC7,0x9F,0xD7,0xBF,0xDF,
  0xBF,0xDF,0x9F,0xD7,0x9F,0xD7,0x9F,0xD7,0x9F,0xD7,0x9F,0xCF,0x9F,0xCF,0x9F,0xCF,
  0x9F,0xCF,0x9F,0xCF,0x9F,0xCF,0x9F,0xCF,0x7F,0xC7,0x7F,0xC7,0x7F,0xC7,0x7F,0xC7,
  0x7F,0xC7,0x7F,0xC7,0x7F,0xC7,0x7F,0xC7,0x7F,0xC7,0x7F,0xC7,0x7F,0xC7,0x7F,0xC7,
  0x7F,0xC7,0x7F,0xC7,0x7F,0xC7,0x7F,0xC7,0x7F,0xC7,0x7F,0xC7,0x7F,0xC7,0x7F,0xC7,
  0x7F,0xC7,0x7F,0xC7,0x7F,0xC7,0x7F,0xC7,0x7F,0xC7,0x9F,0xCF,0x7F,0xCF,0x9F,0xCF,
  0x9F,0xCF,0x9F,0xCF,0x9F,0xCF,0x9F,0xCF,0x9F,0xCF,0x9F,0xCF,0x9F,0xD7,0xBF,0xD7,
  0xBF,0xDF,0x9F,0xD7,0x5F,0xC7,0xFF,0xA6,0x7F,0x7E,0x1F,0x66,0xFF,0x5D,0xDF,0x55,
  0xBF,0x4D,0x9F,0x3D,0x9F,0x3D,0x7F,0x35,0x5F,0x2D,0x5F,0x2D,0x3F,0x25,0x3F,0x1D,
  0x1F,0x1D,0x1F,0x1D,0x1F,0x1D,0x1F,0x15,0x1F,0x15,0x1F,0x15,0x1F,0x15,0xFF,0x14,
  0x1F,0x15,0xFF,0x14,0x1F,0x15,0x1F,0x15,0xFF,0x14,0xFF,0x14,0x1F,0x15,0x1F,0x15,
  0x1F,0x15,0x1F,0x15,0x1F,0x15,0x1F,0x15,0x1F,0x15,0x1F,0x15,0x1F,0x15,0x1F,0x15,
  0xFF,0x14,0xFF,0x14,0x1F,0x15,0x1F,0x15,0x1F,0x15,0x1F,0x1D,0x3F,0x1D,0x3F,0x25,
  0x3F,0x25,0x5F,0x2D,0x5F,0x35,0x7F,0x35,0x7F,0x3D,0xBF,0x45,0xDF,0x4D,0xFF,0x55,
  0x1F,0x66,0x7F,0x7E,0xFF,0xA6,0x7F,0xCF,0x9F,0xDF,0xBF,0xDF,0xBF,0xD7,0x9F,0xD7,
  0x9F,0xD7,0x9F,0xD7,0x9F,0xD7,0x9F,0xCF,0x9F,0xCF,0x9F,0xCF,0x9F,0xCF,0x9F,0xCF,
  0x7F,0xCF,0x7F,0xC7,0x7F,0xC7,0x7F,0xC7,0x7F,0xC7,0x7F,0xC7,0x7F,0xC7,0x7F,0xC7,
  0x7F,0xC7,0x7F,0xBF,0x7F,0xC7,0x7F,0xBF,0x7F,0xBF,0x7F,0xBF,0x7F,0xBF,0x7F,0xBF,
  0x7F,0xBF,0x7F,0xBF,0x7F,0xBF,0x7F,0xBF,0x7F,0xBF,0x7F,0xBF,0x7F,0xBF,0x7F,0xBF,
  0x7F,0xBF,0x7F,0xC7,0x7F,0xC7,0x7F,0xC7,0x7F,0xC7,0x7F,0xC7,0x7F,0xC7,0x7F,0xC7,
  0x7F,0xC7,0x7F,0xC7,0x9F,0xCF,0x9F,0xCF,0x9F,0xCF,0x9F,0xCF,0x9F,0xCF,0x9F,0xCF,
  0x9F,0xD7,0x9F,0xD7,0xBF,0xDF,0x9F,0xD7,0x5F,0xC7,0xDF,0xA6,0x5F,0x7E,0x1F,0x5E,
  0xDF,0x55,0xDF,0x4D,0xBF,0x45,0x9F,0x3D,0x7F,0x35,0x5F,0x2D,0x5F,0x2D,0x3F,0x25,
  0x3F,0x1D,0x1F,0x1D,0x1F,0x1D,0x1F,0x15,0x1F,0x15,0x1F,0x15,0xFF,0x14,0xFF,0x14,
  0xFF,0x14,0xFF,0x14,0xFF,0x14,0xFF,0x14,0xFF,0x14,0xFF,0x14,0xFF,0x14,0xFF,0x14,
  0xFF,0x14,0xFF,0x14,0xFF,0x14,0xFF,0x14,0xFF,0x14,0xFF,0x14,0xFF,0x14,0xFF,0x14,
  0xFF,0x14,0xFF,0x14,0x1F,0x15,0x1F,0x1D,0x1F,0x15,0x1F,0x1D,0x3F,0x25,0x3F,0x25,
  0x5F,0x2D,0x5F,0x35,0x7F,0x3D,0x9F,0x45,0xBF,0x4D,0xDF,0x55,0xFF,0x5D,0x5F,0x76,
  0xDF,0xA6,0x5F,0xC7,0x9F,0xDF,0xBF,0xDF,0x9F,0xD7,0x9F,0xD7,0x9F,0xD7,0x9F,0xD7,
  0x9F,0xCF,0x9F,0xCF,0x9F,0xCF,0x9F,0xCF,0x9F,0xCF,0x7F,0xC7,0x7F,0xC7,0x7F,0xC7,
  0x7F,0xC7,0x7F,0xC7,0x7F,0xC7,0x7F,0xBF,0x7F,0xBF,0x7F,0xBF,0x7F,0xBF,0x7F,0xBF,
  0x7F,0xBF,0x7F,0xBF,0x5F,0xBF,0x7F,0xBF,0x5F,0xBF,0x5F,0xBF,0x5F,0xBF,0x5F,0xBF,
  0x5F,0xBF,0x5F,0xBF,0x5F,0xBF,0x5F,0xBF,0x7F,0xBF,0x5F,0xBF,0x5F,0xBF,0x7F,0xBF,
  0x5F,0xBF,0x7F,0xBF,0x7F,0xBF,0x7F,0xBF,0x7F,0xBF,0x7F,0xBF,0x7F,0xC7,0x7F,0xC7,
  0x7F,0xC7,0x7F,0xC7,0x7F,0xC7,0x7F,0xC7,0x9F,0xC7,0x7F,0xCF,0x9F,0xCF,0x9F,0xCF,
  0x9F,0xCF,0x9F,0xCF,0x9F,0xD7,0x9F,0xD7,0xBF,0xDF,0x9F,0xD7,0x5F,0xC7,0xDF,0x9E,
  0x3F,0x76,0xFF,0x5D,0xDF,0x55,0xBF,0x4D,0x9F,0x45,0x7F,0x3D,0x5F,0x35,0x5F,0x2D,
  0x3F,0x25,0x3F,0x25,0x1F,0x1D,0x1F,0x1D,0x1F,0x15,0xFF,0x14,0xFF,0x14,0xFF,0x14,
  0xFF,0x14,0xFF,0x14,0xFF,0x14,0xFF,0x14,0xFF,0x14,0xFF,0x14,0xFF,0x14,0xFF,0x14,
  0xFF,0x14,0xFF,0x14,0xFF,0x14,0xFF,0x14,0xFF,0x14,0xFF,0x14,0xFF,0x14,0xFF,0x14,
  0xFF,0x14,0xFF,0x14,0xFF,0x14,0x1F,0x1D,0x1F,0x1D,0x3F,0x25,0x3F,0x25,0x5F,0x2D,
  0x7F,0x35,0x7F,0x3D,0x9F,0x45,0xBF,0x4D,0xFF,0x5D,0x3F,0x6E,0xBF,0x96,0x3F,0xBF,
  0x9F,0xDF,0xBF,0xDF,0x9F,0xD7,0x9F,0xD7,0x9F,0xD7,0x9F,0xD7,0x9F,0xCF,0x9F,0xCF,
  0x9F,0xCF,0x9F,0xCF,0x9F,0xCF,0x7F,0xC7,0x7F,0xC7,0x7F,0xC7,0x7F,0xC7,0x7F,0xC7,
  0x7F,0xBF,0x7F,0xBF,0x7F,0xBF,0x7F,0xBF,0x7F,0xBF,0x7F,0xBF,0x7F,0xBF,0x5F,0xB7,
  0x5F,0xB7,0x5F,0xB7,0x5F,0xB7,0x5F,0xB7,0x5F,0xB7,0x5F,0xB7,0x5F,0xB7,0x5F,0xB7,
  0x5F,0xB7,0x5F,0xB7,0x5F,0xB7,0x5F,0xB7,0x5F,0xB7,0x5F,0xB7,0x5F,0xB7,0x5F,0xB7,
  0x5F,0xB7,0x5F,0xB7,0x5F,0xBF,0x5F,0xBF,0x5F,0xBF,0x7F,0xBF,0x5F,0xBF,0x7F,0xBF,
  0x7F,0xBF,0x7F,0xBF,0x7F,0xC7,0x7F,0xC7,0x7F,0xC7,0x7F,0xC7,0x7F,0xC7,0x7F,0xCF,
  0x9F,0xCF,0x9F,0xCF,0x9F,0xCF,0x9F,0xCF,0x9F,0xCF,0x9F,0xD7,0xBF,0xDF,0x9F,0xD7,
  0x3F,0xBF,0x9F,0x8E,0x1F,0x66,0xDF,0x55,0xBF,0x4D,0xBF,0x45,0x7F,0x3D,0x7F,0x35,
  0x5F,0x2D,0x3F,0x25,0x3F,0x25,0x1F,0x1D,0x1F,0x1D,0xFF,0x14,0xFF,0x14,0xFF,0x14,
  0xFF,0x14,0xFF,0x14,0xFF,0x14,0xFF,0x14,0xFF,0x14,0xFF,0x14,0xFF,0x14,0xFF,0x14,
  0xFF,0x14,0xFF,0x14,0xFF,0x14,0xFF,0x14,0xFF,0x14,0xFF,0x14,0xFF,0x14,0xFF,0x14,
  0xFF,0x14,0xFF,0x14,0x1F,0x1D,0x1F,0x1D,0x3F,0x25,0x5F,0x2D,0x5F,0x35,0x7F,0x3D,
  0x9F,0x45,0xBF,0x4D,0xDF,0x55,0x1F,0x66,0x7F,0x86,0x1F,0xB7,0x9F,0xD7,0xBF,0xDF,
  0x9F,0xD7,0x9F,0xD7,0x9F,0xD7,0x9F,0xD7,0x9F,0xCF,0x9F,0xCF,0x9F,0xCF,0x7F,0xCF,
  0x7F,0xC7,0x7F,0xC7,0x7F,0xC7,0x7F,0xC7,0x7F,0xC7,0x7F,0xBF,0x7F,0xBF,0x7F,0xBF,
  0x7F,0xBF,0x5F,0xBF,0x5F,0xBF,0x5F,0xB7,0x5F,0xB7,0x5F,0xB7,0x5F,0xB7,0x5F,0xB7,
  0x5F,0xB7,0x5F,0xB7,0x5F,0xB7,0x5F,0xAF,0x5F,0xB7,0x5F,0xB7,0x5F,0xAF,0x5F,0xAF,
  0x5F,0xB7,0x5F,0xAF,0x5F,0xAF,0x5F,0xB7,0x5F,0xB7,0x5F,0xB7,0x5F,0xB7,0x5F,0xB7,
  0x5F,0xB7,0x5F,0xB7,0x5F,0xB7,0x5F,0xB7,0x5F,0xB7,0x5F,0xB7,0x5F,0xB7,0x5F,0xBF,
  0x7F,0xBF,0x7F,0xBF,0x7F,0xBF,0x7F,0xBF,0x7F,0xBF,0x7F,0xC7,0x7F,0xC7,0x7F,0xC7,
  0x7F,0xC7,0x7F,0xC7,0x9F,0xCF,0x9F,0xCF,0x9F,0xCF,0x9F,0xCF,0x9F,0xCF,0x9F,0xD7,
  0xBF,0xDF,0x7F,0xCF,0xFF,0xAE,0x5F,0x7E,0xFF,0x5D,0xDF,0x55,0x9F,0x45,0x9F,0x3D,
  0x7F,0x35,0x5F,0x2D,0x3F,0x25,0x1F,0x1D,0x1F,0x1D,0x1F,0x1D,0xFF,0x14,0xFF,0x14,
  0xFF,0x14,0xFF,0x14,0xFF,0x14,0xFF,0x0C,0xFF,0x0C,0xDF,0x0C,0xFF,0x0C,0xDF,0x0C,
  0xDF,0x0C,0xDF,0x0C,0xFF,0x0C,0xDF,0x0C,0xDF,0x0C,0xDF,0x0C,0xDF,0x0C,0xDF,0x0C,
  0xFF,0x14,0xFF,0x14,0x1F,0x1D,0x3F,0x25,0x3F,0x2D,0x5F,0x2D,0x7F,0x3D,0x9F,0x45,
  0xBF,0x4D,0xDF,0x55,0x3F,0x76,0xBF,0x9E,0x7F,0xCF,0xBF,0xDF,0xBF,0xDF,0x9F,0xD7,
  0x9F,0xD7,0x9F,0xD7,0x9F,0xCF,0x9F,0xCF,0x9F,0xCF,0x7F,0xCF,0x9F,0xC7,0x7F,0xC7,
  0x7F,0xC7,0x7F,0xC7,0x7F,0xBF,0x7F,0xBF,0x7F,0xBF,0x7F,0xBF,0x7F,0xBF,0x7F,0xBF,
  0x5F,0xB7,0x5F,0xB7,0x5F,0xB7,0x5F,0xB7,0x5F,0xB7,0x5F,0xB7,0x5F,0xAF,0x5F,0xAF,
  0x5F,0xAF,0x5F,0xAF,0x3F,0xAF,0x5F,0xAF,0x3F,0xAF,0x3F,0xAF,0x3F,0xAF,0x3F,0xAF,
  0x3F,0xAF,0x3F,0xAF,0x3F,0xAF,0x3F,0xAF,0x3F,0xAF,0x3F,0xAF,0x3F,0xAF,0x5F,0xAF,
  0x3F,0xAF,0x5F,0xAF,0x5F,0xAF,0x5F,0xAF,0x5F,0xB7,0x5F,0xB7,0x5F,0xB7,0x5F,0xB7,
  0x5F,0xB7,0x5F,0xB7,0x5F,0xBF,0x5F,0xBF,0x7F,0xBF,0x7F,0xBF,0x7F,0xBF,0x7F,0xC7,
  0x7F,0xC7,0x7F,0xC7,0x7F,0xC7,0x7F,0xC7,0x9F,0xCF,0x9F,0xCF,0x9F,0xCF,0x9F,0xCF,
  0x9F,0xD7,0x9F,0xD7,0x9F,0xD7,0x5F,0xBF,0x9F,0x96,0x1F,0x66,0xDF,0x55,0xBF,0x4D,
  0x9F,0x3D,0x5F,0x35,0x5F,0x2D,0x3F,0x25,0x1F,0x1D,0x1F,0x1D,0xFF,0x1C,0xFF,0x14,
  0xFF,0x14,0xDF,0x14,0xDF,0x14,0xDF,0x0C,0xDF,0x0C,0xDF,0x0C,0xDF,0x0C,0xDF,0x0C,
  0xDF,0x0C,0xDF,0x0C,0xDF,0x0C,0xDF,0x0C,0xDF,0x0C,0xDF,0x0C,0xDF,0x0C,0xDF,0x0C,
  0xFF,0x1C,0x1F,0x1D,0x1F,0x25,0x3F,0x2D,0x5F,0x35,0x7F,0x3D,0x9F,0x45,0xDF,0x55,
  0xFF,0x5D,0x5F,0x7E,0x1F,0xB7,0x9F,0xD7,0xBF,0xDF,0x9F,0xD7,0x9F,0xD7,0x9F,0xD7,
  0x9F,0xCF,0x9F,0xCF,0x9F,0xCF,0x9F,0xCF,0x7F,0xCF,0x7F,0xC7,0x7F,0xC7,0x7F,0xC7,
  0x7F,0xBF,0x7F,0xBF,0x7F,0xBF,0x7F,0xBF,0x5F,0xBF,0x5F,0xB7,0x5F,0xB7,0x5F,0xB7,
  0x5F,0xB7,0x5F,0xB7,0x5F,0xAF,0x5F,0xAF,0x5F,0xAF,0x5F,0xAF,0x3F,0xAF,0x3F,0xAF,
  0x3F,0xAF,0x3F,0xAF,0x3F,0xA7,0x3F,0xA7,0x3F,0xA7,0x3F,0xA7,0x3F,0xA7,0x3F,0xA7,
  0x3F,0xA7,0x3F,0xA7,0x3F,0xA7,0x3F,0xA7,0x3F,0xA7,0x3F,0xA7,0x3F,0xA7,0x3F,0xA7,
  0x3F,0xAF,0x3F,0xAF,0x3F,0xAF,0x3F,0xAF,0x3F,0xAF,0x3F,0xAF,0x5F,0xAF,0x5F,0xAF,
  0x5F,0xB7,0x5F,0xB7,0x5F,0xB7,0x5F,0xB7,0x5F,0xB7,0x5F,0xBF,0x5F,0xBF,0x5F,0xBF,
  0x7F,0xBF,0x7F,0xC7,0x7F,0xC7,0x7F,0xC7,0x7F,0xC7,0x7F,0xC7,0x9F,0xCF,0x9F,0xCF,
  0x9F,0xCF,0x9F,0xCF,0x9F,0xD7,0xBF,0xDF,0x7F,0xCF,0xDF,0xA6,0x3F,0x76,0xDF,0x55,
  0xBF,0x4D,0x9F,0x45,0x7F,0x35,0x5F,0x2D,0x3F,0x2D,0x1F,0x25,0x1F,0x1D,0xFF,0x14,
  0xFF,0x14,0xDF,0x14,0xDF,0x0C,0xDF,0x0C,0xDF,0x0C,0xDF,0x0C,0xDF,0x0C,0xDF,0x0C,
  0xDF,0x0C,0xDF,0x0C,0xDF,0x0C,0xDF,0x0C,0xDF,0x0C,0xDF,0x0C,0xDF,0x0C,0xDF,0x0C,
  0xFF,0x1C,0x1F,0x25,0x3F,0x2D,0x5F,0x35,0x7F,0x3D,0x9F,0x45,0xDF,0x55,0xFF,0x65,
  0x9F,0x96,0x5F,0xC7,0xBF,0xDF,0xBF,0xDF,0x9F,0xD7,0x9F,0xD7,0x9F,0xD7,0x9F,0xCF,
  0x9F,0xCF,0x9F,0xCF,0x7F,0xCF,0x7F,0xC7,0x7F,0xC7,0x7F,0xC7,0x7F,0xC7,0x7F,0xBF,
  0x7F,0xBF,0x7F,0xBF,0x5F,0xB7,0x5F,0xB7,0x5F,0xB7,0x5F,0xB7,0x5F,0xB7,0x5F,0xAF,
  0x5F,0xAF,0x3F,0xAF,0x3F,0xAF,0x3F,0xAF,0x3F,0xAF,0x3F,0xA7,0x3F,0xA7,0x3F,0xA7,
  0x3F,0xA7,0x3F,0xA7,0x3F,0xA7,0x3F,0xA7,0x3F,0xA7,0x3F,0xA7,0x3F,0xA7,0x1F,0xA7,
  0x3F,0xA7,0x3F,0xA7,0x3F,0xA7,0x3F,0xA7,0x3F,0xA7,0x3F,0xA7,0x3F,0xA7,0x3F,0xA7,
  0x3F,0xA7,0x3F,0xA7,0x3F,0xA7,0x3F,0xA7,0x3F,0xA7,0x3F,0xAF,0x3F,0xA7,0x3F,0xAF,
  0x3F,0xAF,0x5F,0xAF,0x5F,0xAF,0x5F,0xB7,0x5F,0xB7,0x5F,0xB7,0x5F,0xB7,0x5F,0xBF,
  0x5F,0xBF,0x7F,0xBF,0x7F,0xBF,0x7F,0xBF,0x7F,0xC7,0x7F,0xC7,0x7F,0xC7,0x7F,0xCF,
  0x9F,0xCF,0x9F,0xCF,0x9F,0xCF,0x9F,0xD7,0x9F,0xD7,0x9F,0xD7,0x1F,0xB7,0x5F,0x7E,
  0xFF,0x5D,0xBF,0x4D,0x9F,0x45,0x7F,0x3D,0x5F,0x2D,0x3F,0x2D,0x1F,0x25,0xFF,0x1C,
  0xFF,0x14,0xFF,0x14,0xDF,0x14,0xDF,0x0C,0xDF,0x0C,0xDF,0x0C,0xDF,0x0C,0xDF,0x0C,
  0xDF,0x0C,0xDF,0x0C,0xDF,0x0C,0xDF,0x0C,0xDF,0x0C,0xDF,0x0C,0xDF,0x0C,0xDF,0x0C,
  0x1F,0x25,0x3F,0x2D,0x5F,0x35,0x7F,0x3D,0x9F,0x4D,0xDF,0x55,0x1F,0x6E,0xDF,0xA6,
  0x7F,0xD7,0xBF,0xDF,0x9F,0xD7,0x9F,0xD7,0x9F,0xD7,0x9F,0xD7,0x9F,0xCF,0x9F,0xCF,
  0x9F,0xCF,0x7F,0xC7,0x7F,0xC7,0x7F,0xC7,0x7F,0xC7,0x7F,0xBF,0x7F,0xBF,0x5F,0xBF,
  0x5F,0xBF,0x5F,0xB7,0x5F,0xB7,0x5F,0xB7,0x5F,0xB7,0x5F,0xAF,0x3F,0xAF,0x3F,0xAF,
  0x3F,0xAF,0x3F,0xA7,0x3F,0xA7,0x3F,0xA7,0x3F,0xA7,0x3F,0xA7,0x3F,0xA7,0x3F,0xA7,
  0x3F,0x9F,0x1F,0x9F,0x1F,0x9F,0x1F,0x9F,0x1F,0x9F,0x1F,0x9F,0x1F,0x9F,0x1F,0x9F,
  0x1F,0x9F,0x1F,0x9F,0x1F,0x9F,0x1F,0x9F,0x1F,0x9F,0x1F,0x9F,0x1F,0x9F,0x1F,0x9F,
  0x1F,0x9F,0x3F,0xA7,0x3F,0xA7,0x3F,0xA7,0x3F,0xA7,0x3F,0xA7,0x3F,0xA7,0x3F,0xA7,
  0x3F,0xA7,0x3F,0xAF,0x3F,0xAF,0x5F,0xAF,0x5F,0xAF,0x5F,0xB7,0x5F,0xB7,0x5F,0xB7,
  0x5F,0xB7,0x5F,0xB7,0x7F,0xBF,0x7F,0xBF,0x7F,0xBF,0x7F,0xC7,0x7F,0xC7,0x7F,0xC7,
  0x7F,0xC7,0x7F,0xCF,0x9F,0xCF,0x9F,0xCF,0x9F,0xCF,0x9F,0xD7,0xBF,0xD7,0x5F,0xC7,
  0x9F,0x8E,0xFF,0x5D,0xBF,0x55,0x9F,0x45,0x7F,0x3D,0x5F,0x35,0x3F,0x25,0x1F,0x1D,
  0xFF,0x1C,0xFF,0x14,0xDF,0x14,0xDF,0x0C,0xDF,0x0C,0xBF,0x0C,0xDF,0x0C,0xBF,0x0C,
  0xBF,0x0C,0xBF,0x0C,0xBF,0x0C,0xBF,0x0C,0xBF,0x0C,0xBF,0x0C,0xBF,0x0C,0xBF,0x0C,
  0x3F,0x2D,0x5F,0x35,0x7F,0x3D,0x9F,0x4D,0xDF,0x55,0x3F,0x76,0x1F,0xB7,0x9F,0xDF,
  0xBF,0xDF,0x9F,0xD7,0x9F,0xD7,0x9F,0xD7,0x9F,0xCF,0x9F,0xCF,0x9F,0xCF,0x7F,0xC7,
  0x7F,0xC7,0x7F,0xC7,0x7F,0xC7,0x7F,0xBF,0x7F,0xBF,0x7F,0xBF,0x5F,0xB7,0x5F,0xB7,
  0x5F,0xB7,0x5F,0xB7,0x5F,0xB7,0x5F,0xAF,0x3F,0xAF,0x3F,0xAF,0x3F,0xAF,0x3F,0xA7,
  0x3F,0xA7,0x3F,0xA7,0x3F,0xA7,0x3F,0xA7,0x1F,0x9F,0x1F,0x9F,0x1F,0x9F,0x1F,0x9F,
  0x1F,0x9F,0x1F,0x9F,0x1F,0x9F,0x1F,0x9F,0x1F,0x9F,0x1F,0x97,0x1F,0x97,0x1F,0x97,
  0x1F,0x97,0x1F,0x97,0x1F,0x97,0x1F,0x97,0x1F,0x97,0x1F,0x97,0x1F,0x9F,0x1F,0x9F,
  0x1F,0x9F,0x1F,0x9F,0x1F,0x9F,0x1F,0x9F,0x1F,0x9F,0x3F,0x9F,0x1F,0x9F,0x3F,0xA7,
  0x3F,0xA7,0x3F,0xA7,0x3F,0xA7,0x3F,0xA7,0x3F,0xAF,0x3F,0xAF,0x5F,0xAF,0x5F,0xAF,
  0x5F,0xB7,0x5F,0xB7,0x5F,0xB7,0x5F,0xBF,0x5F,0xBF,0x7F,0xBF,0x7F,0xBF,0x7F,0xC7,
  0x7F,0xC7,0x7F,0xC7,0x7F,0xC7,0x9F,0xCF,0x9F,0xCF,0x9F,0xCF,0x9F,0xD7,0xBF,0xD7,
  0x7F,0xCF,0xBF,0x9E,0xFF,0x65,0xBF,0x55,0x9F,0x45,0x5F,0x35,0x3F,0x2D,0x1F,0x25,
  0xFF,0x1C,0xFF,0x1C,0xDF,0x14,0xDF,0x14,0xDF,0x0C,0xDF,0x0C,0xBF,0x0C,0xBF,0x0C,
  0xBF,0x0C,0xBF,0x0C,0xBF,0x0C,0xBF,0x0C,0xBF,0x0C,0xBF,0x0C,0xBF,0x0C,0xBF,0x0C,
  0x5F,0x35,0x7F,0x45,0x9F,0x4D,0xDF,0x5D,0x5F,0x7E,0x3F,0xBF,0xBF,0xDF,0xBF,0xDF,
  0x9F,0xD7,0x9F,0xD7,0x9F,0xCF,0x9F,0xCF,0x9F,0xCF,0x9F,0xCF,0x9F,0xC7,0x7F,0xC7,
  0x7F,0xC7,0x7F,0xBF,0x7F,0xBF,0x7F,0xBF,0x5F,0xBF,0x5F,0xB7,0x5F,0xB7,0x5F,0xB7,
  0x5F,0xAF,0x5F,0xAF,0x3F,0xAF,0x3F,0xAF,0x3F,0xA7,0x3F,0xA7,0x3F,0xA7,0x3F,0xA7,
  0x3F,0x9F,0x3F,0x9F,0x1F,0x9F,0x1F,0x9F,0x1F,0x9F,0x1F,0x9F,0x1F,0x9F,0x1F,0x97,
  0x1F,0x97,0x1F,0x97,0x1F,0x97,0x1F,0x97,0x1F,0x97,0x1F,0x97,0xFF,0x96,0xFF,0x96,
  0x1F,0x97,0x1F,0x97,0xFF,0x96,0xFF,0x96,0x1F,0x97,0x1F,0x97,0xFF,0x96,0x1F,0x97,
  0x1F,0x97,0x1F,0x97,0x1F,0x97,0x1F,0x9F,0x1F,0x9F,0x1F,0x9F,0x1F,0x9F,0x1F,0x9F,
  0x1F,0x9F,0x1F,0x9F,0x3F,0xA7,0x3F,0xA7,0x3F,0xA7,0x3F,0xA7,0x3F,0xAF,0x3F,0xAF,
  0x3F,0xAF,0x5F,0xAF,0x5F,0xB7,0x5F,0xB7,0x5F,0xB7,0x5F,0xBF,0x5F,0xBF,0x7F,0xBF,
  0x7F,0xBF,0x7F,0xC7,0x7F,0xC7,0x7F,0xC7,0x9F,0xCF,0x9F,0xCF,0x9F,0xCF,0x9F,0xD7,
  0xBF,0xD7,0x9F,0xD7,0xDF,0xA6,0x1F,0x6E,0xBF,0x55,0x9F,0x45,0x5F,0x3D,0x3F,0x2D,
  0x1F,0x25,0x1F,0x1D,0xDF,0x14,0xDF,0x14,0xDF,0x0C,0xBF,0x0C,0xBF,0x0C,0xBF,0x0C,
  0xBF,0x0C,0xBF,0x04,0xBF,0x04,0xBF,0x04,0xBF,0x04,0xBF,0x04,0xBF,0x04,0xBF,0x04,
  0x7F,0x45,0x9F,0x4D,0xDF,0x5D,0x7F,0x86,0x5F,0xC7,0xBF,0xDF,0xBF,0xD7,0x9F,0xD7,
  0x9F,0xD7,0x9F,0xD7,0x9F,0xCF,0x9F,0xCF,0x7F,0xC7,0x7F,0xC7,0x7F,0xC7,0x7F,0xC7,
  0x7F,0xBF,0x7F,0xBF,0x7F,0xBF,0x5F,0xB7,0x5F,0xB7,0x5F,0xB7,0x5F,0xB7,0x5F,0xAF,
  0x3F,0xAF,0x3F,0xAF,0x3F,0xA7,0x3F,0xA7,0x3F,0xA7,0x3F,0xA7,0x3F,0x9F,0x1F,0x9F,
  0x1F,0x9F,0x1F,0x9F,0x1F,0x9F,0x1F,0x97,0x1F,0x97,0x1F,0x97,0x1F,0x97,0xFF,0x96,
  0xFF,0x96,0xFF,0x96,0xFF,0x8E,0xFF,0x8E,0xFF,0x8E,0xFF,0x8E,0xFF,0x8E,0xFF,0x8E,
  0xFF,0x8E,0xFF,0x8E,0xFF,0x8E,0xFF,0x8E,0xFF,0x8E,0xFF,0x8E,0xFF,0x8E,0xFF,0x8E,
  0xFF,0x96,0xFF,0x96,0xFF,0x96,0x1F,0x97,0x1F,0x97,0x1F,0x97,0x1F,0x97,0x1F,0x9F,
  0x1F,0x9F,0x1F,0x9F,0x1F,0x9F,0x1F,0x9F,0x3F,0xA7,0x3F,0xA7,0x3F,0xA7,0x3F,0xA7,
  0x3F,0xAF,0x3F,0xAF,0x5F,0xAF,0x5F,0xAF,0x5F,0xB7,0x5F,0xB7,0x5F,0xB7,0x5F,0xBF,
  0x7F,0xBF,0x7F,0xBF,0x7F,0xC7,0x7F,0xC7,0x7F,0xC7,0x7F,0xCF,0x9F,0xCF,0x9F,0xCF,
  0x9F,0xCF,0xBF,0xD7,0x9F,0xD7,0xFF,0xAE,0x1F,0x6E,0xBF,0x55,0x9F,0x45,0x5F,0x35,
  0x3F,0x2D,0x1F,0x25,0xFF,0x1C,0xDF,0x14,0xDF,0x14,0xBF,0x0C,0xBF,0x0C,0xBF,0x0C,
  0xBF,0x04,0xBF,0x04,0xBF,0x04,0xBF,0x04,0xBF,0x04,0xBF,0x04,0xBF,0x04,0xBF,0x04,
  0xBF,0x4D,0xDF,0x5D,0x7F,0x8E,0x5F,0xC7,0xBF,0xDF,0x9F,0xD7,0x9F,0xD7,0x9F,0xD7,
  0x9F,0xCF,0x9F,0xCF,0x9F,0xCF,0x9F,0xCF,0x7F,0xC7,0x7F,0xC7,0x7F,0xC7,0x7F,0xBF,
  0x5F,0xBF,0x5F,0xBF,0x5F,0xB7,0x5F,0xB7,0x5F,0xB7,0x5F,0xAF,0x3F,0xAF,0x3F,0xAF,
  0x3F,0xA7,0x3F,0xA7,0x3F,0xA7,0x3F,0xA7,0x1F,0x9F,0x1F,0x9F,0x1F,0x9F,0x1F,0x9F,
  0x1F,0x97,0x1F,0x97,0x1F,0x97,0xFF,0x96,0xFF,0x96,0xFF,0x8E,0xFF,0x8E,0xFF,0x8E,
  0xFF,0x8E,0xFF,0x8E,0xFF,0x8E,0xFF,0x8E,0xFF,0x8E,0xFF,0x8E,0xFF,0x8E,0xFF,0x8E,
  0xFF,0x8E,0xFF,0x8E,0xFF,0x8E,0xFF,0x86,0xFF,0x8E,0xFF,0x8E,0xFF,0x8E,0xFF,0x8E,
  0xFF,0x8E,0xFF,0x8E,0xFF,0x8E,0xFF,0x8E,0xFF,0x8E,0xFF,0x96,0xFF,0x96,0xFF,0x96,
  0x1F,0x97,0x1F,0x97,0x1F,0x9F,0x1F,0x9F,0x1F,0x9F,0x1F,0x9F,0x1F,0x9F,0x3F,0xA7,
  0x3F,0xA7,0x3F,0xA7,0x3F,0xAF,0x3F,0xAF,0x5F,0xAF,0x5F,0xB7,0x5F,0xB7,0x5F,0xB7,
  0x5F,0xBF,0x7F,0xBF,0x7F,0xBF,0x7F,0xC7,0x7F,0xC7,0x7F,0xC7,0x7F,0xC7,0x9F,0xCF,
  0x9F,0xCF,0x9F,0xCF,0x9F,0xD7,0x9F,0xD7,0xFF,0xAE,0x1F,0x6E,0xBF,0x55,0x9F,0x45,
  0x5F,0x3D,0x3F,0x2D,0x1F,0x25,0xDF,0x14,0xDF,0x14,0xBF,0x0C,0xBF,0x0C,0xBF,0x0C,
  0xBF,0x04,0xBF,0x04,0x9F,0x04,0x9F,0x04,0x9F,0x04,0x9F,0x04,0x9F,0x04,0x9F,0x04,
  0xBF,0x55,0x7F,0x8E,0x7F,0xCF,0xBF,0xDF,0x9F,0xD7,0x9F,0xD7,0x9F,0xD7,0x9F,0xCF,
  0x9F,0xCF,0x9F,0xCF,0x9F,0xC7,0x7F,0xC7,0x7F,0xC7,0x7F,0xBF,0x7F,0xBF,0x5F,0xBF,
  0x5F,0xB7,0x5F,0xB7,0x5F,0xB7,0x5F,0xAF,0x3F,0xAF,0x3F,0xAF,0x3F,0xA7,0x3F,0xA7,
  0x3F,0xA7,0x3F,0x9F,0x3F,0x9F,0x1F,0x9F,0x1F,0x9F,0x1F,0x97,0x1F,0x97,0x1F,0x97,
  0x1F,0x97,0xFF,0x96,0xFF,0x8E,0xFF,0x8E,0xFF,0x8E,0xFF,0x8E,0xFF,0x8E,0xFF,0x8E,
  0xFF,0x86,0xFF,0x86,0xFF,0x86,0xDF,0x86,0xDF,0x86,0xDF,0x86,0xDF,0x86,0xDF,0x86,
  0xDF,0x86,0xDF,0x86,0xDF,0x86,0xDF,0x86,0xDF,0x86,0xDF,0x86,0xDF,0x86,0xDF,0x86,
  0xDF,0x86,0xFF,0x8E,0xFF,0x8E,0xFF,0x8E,0xFF,0x8E,0xFF,0x8E,0xFF,0x8E,0xFF,0x8E,
  0xFF,0x8E,0xFF,0x96,0x1F,0x97,0x1F,0x97,0x1F,0x97,0x1F,0x9F,0x1F,0x9F,0x1F,0x9F,
  0x3F,0xA7,0x3F,0xA7,0x3F,0xA7,0x3F,0xA7,0x3F,0xAF,0x3F,0xAF,0x5F,0xAF,0x5F,0xB7,
  0x5F,0xB7,0x5F,0xB7,0x5F,0xBF,0x7F,0xBF,0x7F,0xBF,0x7F,0xC7,0x7F,0xC7,0x7F,0xC7,
  0x9F,0xCF,0x9F,0xCF,0x9F,0xCF,0x9F,0xD7,0x9F,0xD7,0xFF,0xAE,0x1F,0x6E,0xBF,0x4D,
  0x7F,0x45,0x5F,0x35,0x1F,0x25,0xFF,0x24,0xFF,0x1C,0xDF,0x14,0xBF,0x0C,0xBF,0x0C,
  0xBF,0x0C,0x9F,0x04,0x9F,0x04,0x9F,0x04,0x9F,0x04,0x9F,0x04,0x9F,0x04,0x9F,0x04,
  0x7F,0x8E,0x7F,0xCF,0xBF,0xDF,0x9F,0xD7,0x9F,0xD7,0x9F,0xD7,0x9F,0xCF,0x9F,0xCF,
  0x9F,0xCF,0x7F,0xC7,0x7F,0xC7,0x7F,0xC7,0x7F,0xBF,0x7F,0xBF,0x5F,0xBF,0x5F,0xB7,
  0x5F,0xB7,0x5F,0xB7,0x5F,0xAF,0x3F,0xAF,0x3F,0xAF,0x3F,0xA7,0x3F,0xA7,0x3F,0xA7,
  0x1F,0x9F,0x1F,0x9F,0x1F,0x9F,0x1F,0x97,0x1F,0x97,0x1F,0x97,0xFF,0x96,0xFF,0x8E,
  0xFF,0x8E,0xFF,0x8E,0xFF,0x8E,0xFF,0x8E,0xFF,0x86,0xDF,0x86,0xDF,0x86,0xDF,0x86,
  0xDF,0x86,0xDF,0x86,0xDF,0x86,0xDF,0x86,0xDF,0x7E,0xDF,0x7E,0xDF,0x7E,0xDF,0x7E,
  0xDF,0x86,0xDF,0x86,0xDF,0x7E,0xDF,0x7E,0xDF,0x7E,0xDF,0x7E,0xDF,0x86,0xDF,0x86,
  0xDF,0x86,0xDF,0x86,0xDF,0x86,0xDF,0x86,0xDF,0x86,0xDF,0x86,0xFF,0x8E,0xFF,0x8E,
  0xFF,0x8E,0xFF,0x8E,0xFF,0x8E,0xFF,0x96,0x1F,0x97,0x1F,0x97,0x1F,0x97,0x1F,0x9F,
  0x1F,0x9F,0x3F,0x9F,0x3F,0xA7,0x3F,0xA7,0x3F,0xA7,0x3F,0xAF,0x3F,0xAF,0x5F,0xAF,
  0x5F,0xB7,0x5F,0xB7,0x5F,0xB7,0x5F,0xBF,0x7F,0xBF,0x7F,0xBF,0x7F,0xC7,0x7F,0xC7,
  0x7F,0xC7,0x9F,0xCF,0x9F,0xCF,0x9F,0xCF,0x9F,0xD7,0x9F,0xD7,0xFF,0xAE,0x1F,0x6E,
  0x9F,0x4D,0x7F,0x3D,0x5F,0x35,0x1F,0x25,0xFF,0x1C,0xDF,0x14,0xBF,0x0C,0xBF,0x0C,
  0x9F,0x04,0x9F,0x04,0x9F,0x04,0x9F,0x04,0x9F,0x04,0x9F,0x04,0x9F,0x04,0x9F,0x04,
  0x5F,0xCF,0xBF,0xDF,0x9F,0xD7,0x9F,0xD7,0x9F,0xD7,0x9F,0xCF,0x9F,0xCF,0x9F,0xCF,
  0x7F,0xC7,0x7F,0xC7,0x7F,0xC7,0x7F,0xBF,0x7F,0xBF,0x5F,0xB7,0x5F,0xB7,0x5F,0xB7,
  0x5F,0xAF,0x3F,0xAF,0x3F,0xAF,0x3F,0xA7,0x3F,0xA7,0x3F,0xA7,0x3F,0x9F,0x1F,0x9F,
  0x1F,0x9F,0x1F,0x97,0x1F,0x97,0x1F,0x97,0xFF,0x96,0xFF,0x8E,0xFF,0x8E,0xFF,0x8E,
  0xFF,0x8E,0xFF,0x86,0xFF,0x86,0xDF,0x86,0xDF,0x86,0xDF,0x86,0xDF,0x86,0xDF,0x7E,
  0xBF,0x7E,0xBF,0x76,0xBF,0x76,0xDF,0x7E,0xDF,0x86,0xDF,0x86,0xDF,0x86,0xBF,0x7E,
  0xBF,0x76,0xBF,0x76,0xBF,0x7E,0xBF,0x7E,0xBF,0x7E,0xBF,0x7E,0xBF,0x7E,0xBF,0x7E,
  0xBF,0x7E,0xDF,0x7E,0xDF,0x7E,0xDF,0x7E,0xDF,0x86,0xDF,0x86,0xDF,0x86,0xDF,0x86,
  0xFF,0x8E,0xFF,0x8E,0xFF,0x8E,0xFF,0x8E,0xFF,0x8E,0xFF,0x96,0xFF,0x96,0x1F,0x97,
  0x1F,0x9F,0x1F,0x9F,0x1F,0x9F,0x1F,0x9F,0x3F,0xA7,0x3F,0xA7,0x3F,0xA7,0x3F,0xAF,
  0x3F,0xAF,0x5F,0xB7,0x5F,0xB7,0x5F,0xB7,0x5F,0xB7,0x7F,0xBF,0x7F,0xBF,0x7F,0xC7,
  0x7F,0xC7,0x7F,0xC7,0x9F,0xCF,0x9F,0xCF,0x9F,0xCF,0x9F,0xD7,0x9F,0xD7,0xFF,0xA6,
  0xFF,0x65,0x9F,0x4D,0x7F,0x3D,0x3F,0x35,0x1F,0x25,0xDF,0x1C,0xBF,0x14,0xBF,0x0C,
  0x9F,0x0C,0x9F,0x04,0x9F,0x04,0x9F,0x04,0x9F,0x04,0x7F,0x04,0x7F,0x04,0x7F,0x04,
  0xBF,0xDF,0x9F,0xD7,0x9F,0xD7,0x9F,0xD7,0x9F,0xCF,0x9F,0xCF,0x9F,0xCF,0x7F,0xC7,
  0x7F,0xC7,0x7F,0xBF,0x7F,0xBF,0x7F,0xBF,0x5F,0xB7,0x5F,0xB7,0x5F,0xB7,0x5F,0xAF,
  0x5F,0xAF,0x3F,0xAF,0x3F,0xA7,0x3F,0xA7,0x3F,0xA7,0x1F,0x9F,0x1F,0x9F,0x1F,0x9F,
  0x1F,0x97,0x1F,0x97,0xFF,0x96,0xFF,0x8E,0xFF,0x8E,0xFF,0x8E,0xFF,0x86,0xFF,0x86,
  0xDF,0x86,0xDF,0x86,0xDF,0x86,0xDF,0x7E,0xDF,0x7E,0xDF,0x7E,0xBF,0x76,0xBF,0x7E,
  0xFF,0x96,0x5F,0xBF,0x9F,0xD7,0xBF,0xDF,0xDF,0xEF,0xDF,0xEF,0xDF,0xEF,0xBF,0xDF,
  0x5F,0xBF,0xFF,0x96,0xBF,0x76,0xBF,0x76,0xBF,0x76,0xBF,0x76,0xBF,0x76,0xBF,0x76,
  0xBF,0x7E,0xBF,0x7E,0xBF,0x7E,0xBF,0x7E,0xBF,0x7E,0xDF,0x7E,0xDF,0x86,0xDF,0x86,
  0xDF,0x86,0xDF,0x86,0xDF,0x86,0xFF,0x8E,0xFF,0x8E,0xFF,0x8E,0xFF,0x8E,0xFF,0x96,
  0xFF,0x96,0x1F,0x97,0x1F,0x9F,0x1F,0x9F,0x1F,0x9F,0x1F,0x9F,0x3F,0xA7,0x3F,0xA7,
  0x3F,0xAF,0x3F,0xAF,0x5F,0xAF,0x5F,0xB7,0x5F,0xB7,0x5F,0xB7,0x5F,0xBF,0x7F,0xBF,
  0x7F,0xC7,0x7F,0xC7,0x7F,0xC7,0x9F,0xCF,0x9F,0xCF,0x9F,0xCF,0x9F,0xD7,0x9F,0xD7,
  0xDF,0x9E,0xDF,0x5D,0x9F,0x4D,0x5F,0x3D,0x3F,0x2D,0x1F,0x25,0xFF,0x1C,0xDF,0x14,
  0xBF,0x0C,0x9F,0x04,0x9F,0x04,0x9F,0x04,0x9F,0x04,0x7F,0x04,0x7F,0x04,0x7F,0x04,
  0x9F,0xD7,0x9F,0xD7,0x9F,0xD7,0x9F,0xCF,0x9F,0xCF,0x9F,0xCF,0x7F,0xC7,0x7F,0xC7,
  0x7F,0xBF,0x7F,0xBF,0x7F,0xBF,0x5F,0xB7,0x5F,0xB7,0x5F,0xB7,0x5F,0xAF,0x3F,0xAF,
  0x3F,0xAF,0x3F,0xA7,0x3F,0xA7,0x3F,0x9F,0x1F,0x9F,0x1F,0x9F,0x1F,0x97,0x1F,0x97,
  0xFF,0x96,0xFF,0x8E,0xFF,0x8E,0xFF,0x8E,0xFF,0x8E,0xFF,0x86,0xFF,0x86,0xDF,0x86,
  0xDF,0x7E,0xDF,0x7E,0xDF,0x7E,0xDF,0x7E,0xBF,0x7E,0xBF,0x76,0x1F,0x9F,0xBF,0xDF,
  0xFF,0xFF,0xFF,0xFF,0xFF,0xFF,0xFF,0xFF,0xFF,0xFF,0xFF,0xFF,0xFF,0xFF,0xFF,0xFF,
  0xFF,0xFF,0xFF,0xF7,0x7F,0xC7,0xBF,0x7E,0x9F,0x76,0x9F,0x76,0xBF,0x76,0xBF,0x76,
  0xBF,0x76,0xBF,0x76,0xBF,0x76,0xBF,0x76,0xBF,0x7E,0xBF,0x7E,0xBF,0x7E,0xBF,0x7E,
  0xDF,0x7E,0xDF,0x86,0xDF,0x86,0xDF,0x86,0xDF,0x86,0xDF,0x8E,0xFF,0x8E,0xFF,0x8E,
  0xFF,0x8E,0xFF,0x96,0x1F,0x97,0x1F,0x97,0x1F,0x9F,0x1F,0x9F,0x1F,0x9F,0x3F,0xA7,
  0x3F,0xA7,0x3F,0xA7,0x3F,0xAF,0x5F,0xAF,0x5F,0xB7,0x5F,0xB7,0x5F,0xB7,0x7F,0xBF,
  0x7F,0xBF,0x7F,0xC7,0x7F,0xC7,0x7F,0xC7,0x9F,0xCF,0x9F,0xCF,0x9F,0xCF,0x9F,0xD7,
  0x7F,0xD7,0x9F,0x96,0xDF,0x5D,0x9F,0x4D,0x5F,0x3D,0x1F,0x2D,0xFF,0x24,0xDF,0x1C,
  0xBF,0x0C,0xBF,0x0C,0x9F,0x04,0x9F,0x04,0x9F,0x04,0x9F,0x04,0x9F,0x04,0x9F,0x04,
  0x9F,0xD7,0x9F,0xD7,0x9F,0xCF,0x9F,0xCF,0x7F,0xCF,0x7F,0xC7,0x7F,0xC7,0x7F,0xBF,
  0x7F,0xBF,0x5F,0xBF,0x5F,0xB7,0x5F,0xB7,0x5F,0xB7,0x5F,0xAF,0x3F,0xAF,0x3F,0xA7,
  0x3F,0xA7,0x3F,0xA7,0x1F,0x9F,0x1F,0x9F,0x1F,0x9F,0x1F,0x97,0x1F,0x97,0xFF,0x96,
  0xFF,0x8E,0xFF,0x8E,0xFF,0x8E,0xFF,0x86,0xDF,0x86,0xDF,0x86,0xDF,0x86,0xDF,0x7E,
  0xDF,0x7E,0xDF,0x7E,0xBF,0x7E,0xBF,0x76,0xBF,0x76,0x3F,0xAF,0xFF,0xFF,0xFF,0xFF,
  0xFF,0xFF,0xFF,0xF7,0xDF,0xF7,0xDF,0xF7,0xDF,0xEF,0xDF,0xEF,0xDF,0xEF,0xDF,0xEF,
  0xDF,0xEF,0xDF,0xEF,0xDF,0xF7,0x5F,0xBF,0x9F,0x6E,0x9F,0x6E,0x9F,0x6E,0x9F,0x6E,
  0x9F,0x6E,0x9F,0x76,0x9F,0x76,0x9F,0x76,0xBF,0x76,0xBF,0x76,0xBF,0x76,0xBF,0x7E,
  0xBF,0x7E,0xBF,0x7E,0xDF,0x7E,0xDF,0x86,0xDF,0x86,0xDF,0x86,0xDF,0x86,0xDF,0x8E,
  0xFF,0x8E,0xFF,0x8E,0xFF,0x96,0xFF,0x96,0xFF,0x96,0x1F,0x9F,0x1F,0x9F,0x1F,0x9F,
  0x3F,0xA7,0x3F,0xA7,0x3F,0xA7,0x3F,0xAF,0x3F,0xAF,0x5F,0xB7,0x5F,0xB7,0x5F,0xB7,
  0x5F,0xBF,0x7F,0xBF,0x7F,0xC7,0x7F,0xC7,0x7F,0xC7,0x9F,0xCF,0x9F,0xCF,0x9F,0xCF,
  0xBF,0xD7,0x7F,0xCF,0x7F,0x86,0xBF,0x55,0x7F,0x45,0x5F,0x35,0x1F,0x2D,0xFF,0x1C,
  0xDF,0x14,0xBF,0x14,0x9F,0x0C,0x9F,0x04,0x9F,0x04,0x9F,0x04,0x9F,0x04,0x7F,0x04,
  0x9F,0xD7,0x9F,0xCF,0x9F,0xCF,0x9F,0xCF,0x7F,0xC7,0x7F,0xC7,0x7F,0xBF,0x7F,0xBF,
  0x5F,0xBF,0x5F,0xB7,0x5F,0xB7,0x5F,0xB7,0x5F,0xAF,0x3F,0xAF,0x3F,0xA7,0x3F,0xA7,
  0x3F,0xA7,0x1F,0x9F,0x1F,0x9F,0x1F,0x97,0x1F,0x97,0x1F,0x97,0xFF,0x8E,0xFF,0x8E,
  0xFF,0x8E,0xFF,0x86,0xDF,0x86,0xDF,0x86,0xDF,0x7E,0xDF,0x7E,0xDF,0x7E,0xBF,0x7E,
  0xBF,0x76,0xBF,0x76,0xBF,0x76,0x9F,0x6E,0xFF,0x8E,0xDF,0xEF,0xDF,0xEF,0xDF,0xE7,
  0xDF,0xE7,0xBF,0xE7,0xBF,0xE7,0xBF,0xE7,0xBF,0xE7,0xBF,0xDF,0xBF,0xDF,0xBF,0xDF,
  0xBF,0xD7,0x9F,0xD7,0x9F,0xD7,0x9F,0xD7,0xBF,0x86,0x7F,0x66,0x9F,0x6E,0x9F,0x6E,
  0x9F,0x6E,0x9F,0x6E,0x9F,0x6E,0x9F,0x6E,0x9F,0x6E,0x9F,0x76,0x9F,0x76,0xBF,0x76,
  0xBF,0x76,0xBF,0x76,0xBF,0x7E,0xBF,0x7E,0xBF,0x7E,0xDF,0x7E,0xDF,0x86,0xDF,0x86,
  0xDF,0x86,0xFF,0x8E,0xFF,0x8E,0xFF,0x8E,0xFF,0x96,0x1F,0x97,0x1F,0x97,0x1F,0x9F,
  0x1F,0x9F,0x3F,0xA7,0x3F,0xA7,0x3F,0xA7,0x3F,0xAF,0x3F,0xAF,0x5F,0xB7,0x5F,0xB7,
  0x5F,0xB7,0x7F,0xBF,0x7F,0xBF,0x7F,0xC7,0x7F,0xC7,0x7F,0xC7,0x7F,0xCF,0x9F,0xCF,
  0x9F,0xD7,0x9F,0xD7,0x3F,0xBF,0x3F,0x7E,0xBF,0x4D,0x7F,0x3D,0x3F,0x35,0x1F,0x25,
  0xDF,0x1C,0xDF,0x14,0xBF,0x0C,0x9F,0x0C,0x9F,0x04,0x9F,0x04,0x9F,0x04,0x9F,0x04,
  0x9F,0xCF,0x9F,0xCF,0x9F,0xCF,0x7F,0xC7,0x7F,0xC7,0x7F,0xC7,0x7F,0xBF,0x5F,0xBF,
  0x5F,0xB7,0x5F,0xB7,0x5F,0xB7,0x5F,0xAF,0x3F,0xAF,0x3F,0xA7,0x3F,0xA7,0x3F,0xA7,
  0x1F,0x9F,0x1F,0x9F,0x1F,0x97,0x1F,0x97,0x1F,0x97,0xFF,0x8E,0xFF,0x8E,0xFF,0x86,
  0xFF,0x86,0xDF,0x86,0xDF,0x7E,0xDF,0x7E,0xDF,0x7E,0xBF,0x7E,0xBF,0x76,0xBF,0x76,
  0xBF,0x76,0xBF,0x76,0xBF,0x76,0x9F,0x6E,0x5F,0xB7,0xBF,0xDF,0x9F,0xD7,0xBF,0xD7,
  0x9F,0xD7,0xBF,0xD7,0xBF,0xD7,0x9F,0xCF,0x7F,0xC7,0x7F,0xC7,0x7F,0xC7,0x9F,0xCF,
  0x9F,0xC7,0x7F,0xC7,0x7F,0xC7,0x7F,0xC7,0x9F,0x7E,0x7F,0x66,0x7F,0x66,0x7F,0x66,
  0x7F,0x66,0x7F,0x6E,0x7F,0x6E,0x9F,0x6E,0x9F,0x6E,0x9F,0x6E,0x9F,0x6E,0x9F,0x76,
  0x9F,0x76,0x9F,0x76,0xBF,0x76,0xBF,0x76,0xBF,0x7E,0xBF,0x7E,0xDF,0x7E,0xDF,0x86,
  0xDF,0x86,0xDF,0x86,0xFF,0x8E,0xFF,0x8E,0xFF,0x8E,0xFF,0x96,0x1F,0x97,0x1F,0x97,
  0x1F,0x9F,0x1F,0x9F,0x3F,0x9F,0x3F,0xA7,0x3F,0xA7,0x3F,0xAF,0x3F,0xAF,0x5F,0xAF,
  0x5F,0xB7,0x5F,0xB7,0x5F,0xBF,0x7F,0xBF,0x7F,0xC7,0x7F,0xC7,0x7F,0xC7,0x9F,0xCF,
  0x9F,0xCF,0x9F,0xD7,0x9F,0xD7,0x1F,0xB7,0xFF,0x65,0x9F,0x4D,0x5F,0x3D,0x3F,0x35,
  0xFF,0x24,0xDF,0x1C,0xBF,0x14,0xBF,0x0C,0x9F,0x04,0x9F,0x04,0x9F,0x04,0x9F,0x04,
  0x9F,0xCF,0x7F,0xCF,0x7F,0xC7,0x7F,0xC7,0x7F,0xBF,0x7F,0xBF,0x7F,0xBF,0x5F,0xB7,
  0x5F,0xB7,0x5F,0xB7,0x3F,0xAF,0x3F,0xAF,0x3F,0xA7,0x3F,0xA7,0x3F,0x9F,0x1F,0x9F,
  0x1F,0x9F,0x1F,0x97,0x1F,0x97,0xFF,0x8E,0xFF,0x8E,0xFF,0x8E,0xFF,0x86,0xDF,0x86,
  0xDF,0x86,0xDF,0x7E,0xDF,0x7E,0xBF,0x7E,0xBF,0x76,0xBF,0x76,0xBF,0x76,0xBF,0x76,
  0x9F,0x6E,0x9F,0x6E,0x9F,0x6E,0x7F,0x66,0x3F,0xA7,0x9F,0xCF,0x7F,0xC7,0x7F,0xC7,
  0x7F,0xC7,0x3F,0xAF,0xBE,0x86,0x5E,0x76,0x5E,0x6E,0x5E,0x6E,0x5E,0x6E,0x9E,0x86,
  0x5F,0xAF,0x7F,0xB7,0x7F,0xB7,0xFF,0x9E,0x5F,0x66,0x5F,0x66,0x5F,0x66,0x7F,0x66,
  0x7F,0x66,0x7F,0x66,0x7F,0x66,0x7F,0x66,0x7F,0x66,0x7F,0x6E,0x9F,0x6E,0x9F,0x6E,
  0x9F,0x6E,0x9F,0x76,0x9F,0x76,0xBF,0x76,0xBF,0x7E,0xBF,0x7E,0xBF,0x7E,0xBF,0x7E,
  0xBF,0x7E,0xDF,0x86,0xDF,0x86,0xDF,0x86,0xFF,0x8E,0xFF,0x8E,0xFF,0x8E,0xFF,0x96,
  0x1F,0x97,0x1F,0x9F,0x1F,0x9F,0x1F,0x9F,0x3F,0xA7,0x3F,0xA7,0x3F,0xAF,0x5F,0xAF,
  0x5F,0xB7,0x5F,0xB7,0x5F,0xB7,0x7F,0xBF,0x7F,0xBF,0x7F,0xC7,0x7F,0xC7,0x9F,0xCF,
  0x9F,0xCF,0x9F,0xCF,0x9F,0xD7,0x9F,0xD7,0xBF,0x9E,0xDF,0x5D,0x7F,0x45,0x5F,0x3D,
  0x1F,0x2D,0xFF,0x1C,0xDF,0x14,0xBF,0x0C,0x9F,0x0C,0x9F,0x04,0x9F,0x04,0x9F,0x04,
  0x9F,0xCF,0x7F,0xC7,0x7F,0xC7,0x7F,0xC7,0x7F,0xBF,0x7F,0xBF,0x5F,0xB7,0x5F,0xB7,
  0x5F,0xB7,0x5F,0xAF,0x3F,0xAF,0x3F,0xA7,0x3F,0xA7,0x3F,0xA7,0x1F,0x9F,0x1F,0x9F,
  0x1F,0x97,0x1F,0x97,0xFF,0x8E,0xFF,0x8E,0xFF,0x8E,0xFF,0x86,0xDF,0x86,0xDF,0x7E,
  0xDF,0x7E,0xDF,0x7E,0xBF,0x76,0xBF,0x76,0xBF,0x76,0xBF,0x76,0x9F,0x6E,0x9F,0x6E,
  0x9F,0x6E,0x9F,0x6E,0x9F,0x6E,0x7F,0x66,0x9F,0x7E,0x5F,0xB7,0x7F,0xB7,0x7F,0xB7,
  0xFF,0x96,0x1E,0x5E,0x1E,0x56,0x1E,0x5E,0x1E,0x5E,0x1E,0x5E,0x1E,0x56,0xFE,0x55,
  0x3E,0x66,0x9F,0x7E,0x9E,0x7E,0x3E,0x5E,0x3F,0x5E,0x5F,0x5E,0x5F,0x5E,0x5F,0x5E,
  0x5F,0x5E,0x5F,0x66,0x7F,0x66,0x7F,0x66,0x7F,0x66,0x7F,0x66,0x7F,0x66,0x7F,0x6E,
  0x7F,0x6E,0x7F,0x66,0x7F,0x66,0x7F,0x6E,0x9F,0x6E,0x9F,0x76,0xBF,0x7E,0xBF,0x7E,
  0xBF,0x7E,0xBF,0x7E,0xDF,0x86,0xDF,0x86,0xDF,0x86,0xFF,0x8E,0xFF,0x8E,0xFF,0x8E,
  0xFF,0x96,0x1F,0x97,0x1F,0x9F,0x1F,0x9F,0x1F,0xA7,0x3F,0xA7,0x3F,0xA7,0x3F,0xAF,
  0x5F,0xAF,0x5F,0xAF,0x5F,0xB7,0x5F,0xB7,0x7F,0xBF,0x7F,0xBF,0x7F,0xC7,0x7F,0xC7,
  0x7F,0xCF,0x9F,0xCF,0x9F,0xCF,0x9F,0xD7,0x7F,0xCF,0x7F,0x86,0xBF,0x55,0x7F,0x45,
  0x3F,0x35,0x1F,0x25,0xDF,0x1C,0xBF,0x14,0xBF,0x0C,0x9F,0x04,0x9F,0x04,0x9F,0x04,
  0x7F,0xC7,0x7F,0xC7,0x7F,0xC7,0x7F,0xBF,0x7F,0xBF,0x5F,0xB7,0x5F,0xB7,0x5F,0xAF,
  0x5F,0xAF,0x3F,0xAF,0x3F,0xA7,0x3F,0xA7,0x1F,0x9F,0x1F,0x9F,0x1F,0x9F,0x1F,0x97,
  0x1F,0x97,0xFF,0x8E,0xFF,0x8E,0xFF,0x86,0xFF,0x86,0xDF,0x86,0xDF,0x7E,0xDF,0x7E,
  0xDF,0x7E,0xBF,0x76,0xBF,0x76,0xBF,0x76,0x9F,0x6E,0x9F,0x6E,0x9F,0x6E,0x9F,0x6E,
  0x9F,0x66,0x7F,0x66,0x7F,0x66,0x7F,0x66,0x3F,0x5E,0x5E,0x6E,0xBF,0x86,0x7E,0x76,
  0x1E,0x5E,0x3F,0x5E,0x3F,0x5E,0x5F,0x5E,0x5F,0x5E,0x5F,0x5E,0x3F,0x5E,0x3F,0x5E,
  0x1E,0x56,0xFE,0x55,0xFE,0x55,0x1F,0x56,0x3F,0x5E,0x5F,0x5E,0x5F,0x5E,0x5F,0x5E,
  0x5F,0x5E,0x5F,0x5E,0x5F,0x5E,0x5F,0x5E,0x5F,0x66,0x5F,0x66,0x7F,0x66,0x5F,0x66,
  0x7F,0x6E,0x1F,0x9F,0x3F,0xB7,0x3F,0xB7,0xFF,0x9E,0xBF,0x7E,0x9F,0x6E,0x9F,0x76,
  0xBF,0x7E,0xBF,0x7E,0xDF,0x7E,0xDF,0x7E,0xDF,0x86,0xDF,0x86,0xFF,0x8E,0xFF,0x8E,
  0xFF,0x8E,0xFF,0x96,0x1F,0x97,0x1F,0x9F,0x1F,0x9F,0x1F,0x9F,0x3F,0xA7,0x3F,0xA7,
  0x3F,0xAF,0x5F,0xAF,0x5F,0xB7,0x5F,0xB7,0x5F,0xB7,0x7F,0xBF,0x7F,0xBF,0x7F,0xC7,
  0x7F,0xC7,0x7F,0xCF,0x9F,0xCF,0x9F,0xCF,0xBF,0xD7,0x1F,0xB7,0x1F,0x6E,0x9F,0x4D,
  0x5F,0x3D,0x3F,0x35,0xFF,0x24,0xFF,0x1C,0xBF,0x14,0xBF,0x0C,0x9F,0x04,0x9F,0x04,
  0x7F,0xC7,0x7F,0xC7,0x7F,0xBF,0x7F,0xBF,0x5F,0xBF,0x5F,0xB7,0x5F,0xB7,0x5F,0xAF,
  0x3F,0xAF,0x3F,0xA7,0x3F,0xA7,0x3F,0x9F,0x1F,0x9F,0x1F,0x9F,0x1F,0x97,0x1F,0x97,
  0xFF,0x8E,0xFF,0x8E,0xFF,0x86,0xDF,0x86,0xDF,0x86,0xDF,0x7E,0xDF,0x7E,0xBF,0x7E,
  0xBF,0x76,0xBF,0x76,0xBF,0x76,0x9F,0x6E,0x9F,0x6E,0x9F,0x6E,0x9F,0x66,0x7F,0x66,
  0x7F,0x66,0x7F,0x66,0x7F,0x5E,0x5F,0x5E,0x5F,0x5E,0x1E,0x56,0xFE,0x55,0xFE,0x55,
  0x3F,0x56,0x3F,0x5E,0x5F,0x5E,0x5F,0x5E,0x3F,0x5E,0x3F,0x56,0x3F,0x56,0x3F,0x56,
  0x3F,0x56,0x1F,0x56,0x3F,0x56,0x3F,0x56,0x3F,0x56,0x3F,0x56,0x3F,0x56,0x3F,0x56,
  0x3F,0x5E,0x3F,0x5E,0x5F,0x5E,0x5F,0x5E,0x5F,0x5E,0x5F,0x5E,0x5F,0x5E,0x5F,0x66,
  0x3F,0xA7,0xBF,0xDF,0xDF,0xEF,0xFF,0xF7,0xFF,0xFF,0xBF,0xE7,0x1F,0xA7,0x9F,0x6E,
  0x9F,0x76,0xBF,0x76,0xBF,0x7E,0xBF,0x7E,0xDF,0x7E,0xDF,0x86,0xDF,0x86,0xDF,0x86,
  0xFF,0x8E,0xFF,0x8E,0xFF,0x96,0x1F,0x97,0x1F,0x9F,0x1F,0x9F,0x3F,0xA7,0x3F,0xA7,
  0x3F,0xA7,0x3F,0xAF,0x5F,0xAF,0x5F,0xB7,0x5F,0xB7,0x5F,0xBF,0x7F,0xBF,0x7F,0xBF,
  0x7F,0xC7,0x7F,0xCF,0x9F,0xCF,0x9F,0xCF,0x9F,0xD7,0x9F,0xD7,0xBF,0x9E,0xDF,0x5D,
  0x7F,0x45,0x3F,0x35,0x1F,0x2D,0xFF,0x24,0xBF,0x14,0xBF,0x0C,0x9F,0x0C,0x9F,0x04,
  0x7F,0xC7,0x7F,0xBF,0x7F,0xBF,0x5F,0xBF,0x5F,0xB7,0x5F,0xB7,0x5F,0xAF,0x3F,0xAF,
  0x3F,0xA7,0x3F,0xA7,0x3F,0x9F,0x1F,0x9F,0x1F,0x9F,0x1F,0x97,0x1F,0x97,0xFF,0x8E,
  0xFF,0x8E,0xFF,0x86,0xFF,0x86,0xDF,0x86,0xDF,0x7E,0xDF,0x7E,0xBF,0x76,0xBF,0x76,
  0xBF,0x76,0x9F,0x6E,0x9F,0x6E,0x9F,0x6E,0x9F,0x6E,0x7F,0x66,0x7F,0x66,0x7F,0x66,
  0x7F,0x5E,0x7F,0x5E,0x5F,0x5E,0x5F,0x5E,0x5F,0x5E,0x5F,0x5E,0x3F,0x56,0x3F,0x56,
  0x3F,0x56,0x3F,0x56,0x3F,0x56,0x1F,0x4E,0x1F,0x4E,0x3F,0x56,0x3F,0x56,0x3F,0x56,
  0x3F,0x56,0x3F,0x56,0x3F,0x56,0x3F,0x56,0x1F,0x56,0x3F,0x56,0x3F,0x56,0x3F,0x56,
  0x3F,0x56,0x3F,0x56,0x3F,0x56,0x3F,0x56,0x3F,0x5E,0x5F,0x5E,0x3F,0x56,0x9F,0x76,
  0x7F,0xBF,0x9F,0xC7,0x9F,0xD7,0xBF,0xE7,0xDF,0xEF,0xFF,0xFF,0xFF,0xFF,0x7F,0xCF,
  0x9F,0x76,0x9F,0x76,0xBF,0x76,0xBF,0x7E,0xBF,0x7E,0xBF,0x7E,0xDF,0x86,0xDF,0x86,
  0xDF,0x8E,0xFF,0x8E,0xFF,0x8E,0xFF,0x96,0xFF,0x96,0x1F,0x9F,0x1F,0x9F,0x1F,0x9F,
  0x3F,0xA7,0x3F,0xA7,0x3F,0xAF,0x5F,0xAF,0x5F,0xB7,0x5F,0xB7,0x5F,0xBF,0x7F,0xBF,
  0x7F,0xC7,0x7F,0xC7,0x9F,0xCF,0x9F,0xCF,0x9F,0xCF,0xBF,0xD7,0x7F,0xCF,0x5F,0x86,
  0x9F,0x4D,0x7F,0x3D,0x3F,0x35,0xFF,0x24,0xDF,0x1C,0xBF,0x0C,0xBF,0x0C,0x9F,0x0C,
  0x7F,0xC7,0x7F,0xBF,0x5F,0xBF,0x5F,0xB7,0x5F,0xB7,0x5F,0xAF,0x3F,0xAF,0x3F,0xA7,
  0x3F,0xA7,0x3F,0xA7,0x1F,0x9F,0x1F,0x9F,0x1F,0x97,0x1F,0x97,0xFF,0x8E,0xFF,0x8E,
  0xFF,0x86,0xDF,0x86,0xDF,0x7E,0xDF,0x7E,0xDF,0x7E,0xBF,0x76,0xBF,0x76,0xBF,0x76,
  0x9F,0x6E,0x9F,0x6E,0x9F,0x6E,0x9F,0x66,0x7F,0x66,0x7F,0x66,0x7F,0x66,0x7F,0x5E,
  0x5F,0x5E,0x5F,0x5E,0x5F,0x5E,0x5F,0x56,0x3F,0x56,0x3F,0x56,0x3F,0x56,0x3F,0x56,
  0x3F,0x56,0x1F,0x4E,0x7F,0x6E,0xBF,0x86,0x7F,0x6E,0x1F,0x4E,0x1F,0x4E,0x1F,0x4E,
  0x1F,0x4E,0x1F,0x4E,0x1F,0x4E,0x1F,0x4E,0x1F,0x4E,0x1F,0x4E,0x1F,0x4E,0x1F,0x56,
  0x1F,0x56,0x3F,0x56,0x3F,0x56,0x3F,0x56,0x3F,0x56,0x3F,0x56,0x3F,0x56,0x7F,0x6E,
  0x5F,0xAF,0x7F,0xBF,0x7F,0xCF,0x9F,0xD7,0xBF,0xE7,0xDF,0xEF,0xFF,0xFF,0xFF,0xFF,
  0x9F,0xD7,0x9F,0x76,0x9F,0x6E,0xBF,0x76,0xBF,0x7E,0xBF,0x7E,0xBF,0x7E,0xDF,0x7E,
  0xDF,0x86,0xDF,0x86,0xFF,0x8E,0xFF,0x8E,0xFF,0x96,0x1F,0x97,0x1F,0x9F,0x1F,0x9F,
  0x1F,0x9F,0x3F,0xA7,0x3F,0xA7,0x3F,0xAF,0x5F,0xAF,0x5F,0xB7,0x5F,0xB7,0x5F,0xBF,
  0x7F,0xBF,0x7F,0xC7,0x7F,0xC7,0x9F,0xCF,0x9F,0xCF,0x9F,0xD7,0x9F,0xD7,0x1F,0xB7,
  0xFF,0x65,0x9F,0x4D,0x5F,0x3D,0x1F,0x2D,0xFF,0x1C,0xDF,0x1C,0xBF,0x0C,0x9F,0x04,
  0x7F,0xBF,0x7F,0xBF,0x5F,0xB7,0x5F,0xB7,0x5F,0xAF,0x3F,0xAF,0x3F,0xAF,0x3F,0xA7,
  0x3F,0xA7,0x1F,0x9F,0x1F,0x9F,0x1F,0x97,0x1F,0x97,0xFF,0x8E,0xFF,0x8E,0xFF,0x86,
  0xDF,0x86,0xDF,0x7E,0xDF,0x7E,0xDF,0x7E,0xBF,0x76,0xBF,0x76,0xBF,0x76,0x9F,0x6E,
  0x9F,0x6E,0x9F,0x66,0x7F,0x66,0x7F,0x66,0x7F,0x66,0x7F,0x5E,0x5F,0x5E,0x5F,0x5E,
  0x5F,0x5E,0x5F,0x56,0x3F,0x56,0x3F,0x56,0x3F,0x56,0x3F,0x56,0x3F,0x56,0x1F,0x4E,
  0x1F,0x4E,0xBF,0x86,0xBF,0xDF,0xDF,0xF7,0xBF,0xDF,0xBF,0x86,0x1F,0x4E,0x1F,0x4E,
  0x1F,0x4E,0x1F,0x4E,0xFF,0x4D,0x1F,0x4E,0x1F,0x4E,0x1F,0x4E,0x1F,0x4E,0x1F,0x4E,
  0x1F,0x4E,0x1F,0x4E,0x1F,0x4E,0x1F,0x56,0x1F,0x56,0x3F,0x56,0x3F,0x56,0x1F,0x56,
  0xBF,0x86,0x7F,0xB7,0x7F,0xC7,0x9F,0xCF,0xBF,0xD7,0xBF,0xE7,0xDF,0xF7,0xFF,0xFF,
  0xFF,0xFF,0x9F,0xD7,0x9F,0x76,0x9F,0x76,0x9F,0x76,0xBF,0x76,0xBF,0x7E,0xBF,0x7E,
  0xDF,0x86,0xDF,0x86,0xDF,0x86,0xFF,0x8E,0xFF,0x8E,0xFF,0x96,0x1F,0x97,0x1F,0x9F,
  0x1F,0x9F,0x3F,0xA7,0x3F,0xA7,0x3F,0xAF,0x3F,0xAF,0x5F,0xB7,0x5F,0xB7,0x5F,0xB7,
  0x7F,0xBF,0x7F,0xBF,0x7F,0xC7,0x7F,0xC7,0x9F,0xCF,0x9F,0xCF,0x9F,0xD7,0x9F,0xD7,
  0x7F,0x8E,0xBF,0x55,0x7F,0x45,0x3F,0x35,0x1F,0x25,0xDF,0x1C,0xDF,0x14,0xBF,0x0C,
  0x5F,0xBF,0x5F,0xBF,0x5F,0xB7,0x5F,0xB7,0x5F,0xAF,0x3F,0xAF,0x3F,0xA7,0x3F,0xA7,
  0x1F,0x9F,0x1F,0x9F,0x1F,0x97,0x1F,0x97,0xFF,0x8E,0xFF,0x8E,0xFF,0x86,0xDF,0x86,
  0xDF,0x86,0xDF,0x7E,0xDF,0x7E,0xBF,0x76,0xBF,0x76,0xBF,0x76,0x9F,0x6E,0x9F,0x6E,
  0x9F,0x66,0x7F,0x66,0x7F,0x66,0x7F,0x5E,0x7F,0x5E,0x5F,0x5E,0x5F,0x5E,0x5F,0x5E,
  0x5F,0x56,0x3F,0x56,0x3F,0x56,0x3F,0x56,0x1F,0x4E,0x3F,0x4E,0x1F,0x4E,0x1F,0x4E,
  0x3F,0x56,0x7F,0xCF,0xFF,0xFF,0xDF,0xF7,0xFF,0xFF,0x7F,0xCF,0x1F,0x56,0xFF,0x45,
  0xFF,0x45,0xFF,0x45,0xFF,0x45,0xFF,0x45,0xFF,0x45,0xFF,0x45,0xFF,0x45,0xFF,0x45,
  0xFF,0x4D,0xFF,0x4D,0x1F,0x4E,0x1F,0x4E,0x1F,0x4E,0x1F,0x56,0x1F,0x56,0x1F,0x56,
  0xFE,0x55,0x5E,0x6E,0x9E,0x7E,0xFF,0x9E,0x9F,0xCF,0xBF,0xDF,0xBF,0xE7,0xDF,0xF7,
  0xFF,0xFF,0xFF,0xFF,0x5F,0xBF,0x7F,0x6E,0x9F,0x76,0x9F,0x76,0xBF,0x76,0xBF,0x7E,
  0xBF,0x7E,0xDF,0x86,0xDF,0x86,0xDF,0x86,0xFF,0x8E,0xFF,0x8E,0xFF,0x96,0x1F,0x97,
  0x1F,0x9F,0x1F,0x9F,0x3F,0xA7,0x3F,0xA7,0x3F,0xAF,0x5F,0xAF,0x5F,0xB7,0x5F,0xB7,
  0x5F,0xBF,0x7F,0xBF,0x7F,0xC7,0x7F,0xC7,0x7F,0xCF,0x9F,0xCF,0x9F,0xCF,0x9F,0xD7,
  0x3F,0xBF,0x1F,0x6E,0x9F,0x4D,0x5F,0x3D,0x1F,0x2D,0xFF,0x24,0xBF,0x14,0xBF,0x0C,
  0x5F,0xBF,0x5F,0xB7,0x5F,0xB7,0x5F,0xAF,0x3F,0xAF,0x3F,0xA7,0x3F,0xA7,0x1F,0x9F,
  0x1F,0x9F,0x1F,0x97,0xFF,0x96,0xFF,0x8E,0xFF,0x8E,0xFF,0x86,0xDF,0x86,0xDF,0x7E,
  0xDF,0x7E,0xDF,0x7E,0xBF,0x76,0xBF,0x76,0xBF,0x76,0x9F,0x6E,0x9F,0x6E,0x9F,0x66,
  0x7F,0x66,0x7F,0x66,0x7F,0x5E,0x7F,0x5E,0x5F,0x5E,0x5F,0x56,0x5F,0x56,0x3F,0x56,
  0x3F,0x56,0x3F,0x56,0x1F,0x4E,0x1F,0x4E,0x1F,0x4E,0x1F,0x4E,0x1F,0x4E,0xFF,0x45,
  0x3F,0x5E,0x9F,0xD7,0xFF,0xF7,0xDF,0xEF,0xFF,0xF7,0x7F,0xCF,0x3F,0x5E,0xDF,0x45,
  0xFF,0x45,0xFF,0x45,0xFF,0x45,0xFF,0x45,0x5F,0x6E,0xFF,0x9E,0xFF,0x9E,0x3F,0x5E,
  0xFF,0x45,0xFF,0x4D,0xFF,0x45,0xFF,0x4D,0x1F,0x4E,0x1F,0x4E,0x1F,0x4E,0x1F,0x4E,
  0xFF,0x4D,0xDE,0x4D,0xDE,0x4D,0xDE,0x4D,0x7E,0x76,0x7F,0xC7,0xBF,0xDF,0xBF,0xE7,
  0xFF,0xF7,0xFF,0xFF,0xFF,0xFF,0xFF,0x96,0x7F,0x66,0x9F,0x76,0x9F,0x76,0xBF,0x76,
  0xBF,0x7E,0xDF,0x7E,0xDF,0x86,0xDF,0x86,0xDF,0x8E,0xFF,0x8E,0xFF,0x96,0x1F,0x97,
  0x1F,0x97,0x1F,0x9F,0x1F,0x9F,0x3F,0xA7,0x3F,0xA7,0x3F,0xAF,0x5F,0xAF,0x5F,0xB7,
  0x5F,0xB7,0x7F,0xBF,0x7F,0xBF,0x7F,0xC7,0x7F,0xC7,0x9F,0xCF,0x9F,0xCF,0x9F,0xD7,
  0x9F,0xD7,0xBF,0x9E,0xBF,0x55,0x7F,0x45,0x5F,0x35,0xFF,0x24,0xDF,0x1C,0xBF,0x14,
  0x5F,0xB7,0x5F,0xB7,0x5F,0xAF,0x3F,0xAF,0x3F,0xA7,0x3F,0xA7,0x3F,0x9F,0x1F,0x9F,
  0x1F,0x97,0x1F,0x97,0xFF,0x96,0xFF,0x8E,0xFF,0x8E,0xDF,0x86,0xDF,0x86,0xDF,0x7E,
  0xDF,0x7E,0xBF,0x76,0xBF,0x76,0xBF,0x6E,0x9F,0x6E,0x9F,0x6E,0x9F,0x66,0x7F,0x66,
  0x7F,0x66,0x7F,0x5E,0x5F,0x5E,0x5F,0x5E,0x5F,0x56,0x5F,0x56,0x3F,0x56,0x3F,0x56,
  0x3F,0x4E,0x1F,0x4E,0x1F,0x4E,0x1F,0x4E,0x1F,0x4E,0xFF,0x45,0x1F,0x46,0xFF,0x45,
  0x3F,0x5E,0x7F,0xCF,0xDF,0xEF,0xDF,0xE7,0xDF,0xEF,0x7F,0xCF,0x1F,0x56,0xDF,0x3D,
  0xDF,0x45,0xDF,0x45,0xDF,0x3D,0x5F,0x6E,0x9F,0xD7,0xDF,0xEF,0xDF,0xEF,0x5F,0xBF,
  0x3F,0x5E,0xDF,0x45,0xFF,0x45,0xFF,0x45,0xFF,0x45,0xFF,0x4D,0xFF,0x4D,0x1F,0x4E,
  0x1F,0x4E,0x1F,0x4E,0x1F,0x56,0x1F,0x56,0xDE,0x4D,0x5E,0x76,0x9F,0xCF,0xBF,0xDF,
  0xBF,0xE7,0xDF,0xF7,0xFF,0xFF,0x9F,0xD7,0x7F,0x6E,0x9F,0x6E,0x9F,0x76,0x9F,0x76,
  0xBF,0x76,0xBF,0x7E,0xBF,0x7E,0xDF,0x86,0xDF,0x86,0xFF,0x8E,0xFF,0x8E,0xFF,0x96,
  0x1F,0x97,0x1F,0x97,0x1F,0x9F,0x3F,0xA7,0x3F,0xA7,0x3F,0xA7,0x5F,0xAF,0x5F,0xAF,
  0x5F,0xB7,0x5F,0xBF,0x7F,0xBF,0x7F,0xC7,0x7F,0xC7,0x7F,0xC7,0x9F,0xCF,0x9F,0xCF,
  0xBF,0xD7,0x3F,0xBF,0x1F,0x76,0x9F,0x4D,0x7F,0x3D,0x3F,0x2D,0xFF,0x24,0xDF,0x1C,
  0x5F,0xB7,0x5F,0xB7,0x5F,0xAF,0x3F,0xA7,0x3F,0xA7,0x3F,0xA7,0x1F,0x9F,0x1F,0x9F,
  0x1F,0x97,0xFF,0x96,0xFF,0x8E,0xFF,0x8E,0xDF,0x86,0xDF,0x86,0xDF,0x7E,0xDF,0x7E,
  0xBF,0x76,0xBF,0x76,0xBF,0x6E,0x9F,0x6E,0x9F,0x6E,0x9F,0x66,0x7F,0x66,0x7F,0x66,
  0x7F,0x5E,0x5F,0x5E,0x5F,0x5E,0x5F,0x56,0x3F,0x56,0x3F,0x56,0x3F,0x4E,0x3F,0x4E,
  0x1F,0x4E,0x1F,0x4E,0x1F,0x4E,0x1F,0x46,0xFF,0x45,0xFF,0x45,0xFF,0x45,0xDF,0x3D,
  0x1F,0x56,0x7F,0xC7,0xDF,0xEF,0xBF,0xE7,0xDF,0xEF,0x7F,0xC7,0xFF,0x4D,0xDF,0x3D,
  0xDF,0x3D,0xDF,0x3D,0x7F,0x76,0x9F,0xD7,0xDF,0xE7,0xDF,0xE7,0xDF,0xE7,0xDF,0xE7,
  0x9F,0x86,0xDF,0x3D,0xDF,0x45,0xDF,0x45,0xDF,0x45,0xFF,0x45,0xFF,0x45,0xFF,0x4D,
  0xFF,0x4D,0x1F,0x4E,0x1F,0x4E,0x1F,0x56,0x1F,0x56,0xDE,0x4D,0x9F,0x86,0x9F,0xCF,
  0xBF,0xDF,0xDF,0xE7,0xFF,0xF7,0xFF,0xF7,0xBF,0x86,0x7F,0x66,0x9F,0x6E,0x9F,0x76,
  0xBF,0x76,0xBF,0x76,0xBF,0x7E,0xDF,0x7E,0xDF,0x86,0xDF,0x86,0xFF,0x8E,0xFF,0x8E,
  0xFF,0x96,0x1F,0x97,0x1F,0x9F,0x1F,0x9F,0x3F,0xA7,0x3F,0xA7,0x3F,0xAF,0x5F,0xAF,
  0x5F,0xB7,0x5F,0xB7,0x7F,0xBF,0x7F,0xBF,0x7F,0xC7,0x7F,0xC7,0x9F,0xCF,0x9F,0xCF,
  0x9F,0xD7,0x9F,0xD7,0xBF,0x9E,0xBF,0x55,0x7F,0x45,0x3F,0x35,0xFF,0x24,0xDF,0x1C,
  0x5F,0xB7,0x5F,0xAF,0x3F,0xAF,0x3F,0xA7,0x3F,0xA7,0x3F,0x9F,0x1F,0x9F,0x1F,0x97,
  0x1F,0x97,0xFF,0x8E,0xFF,0x8E,0xFF,0x86,0xDF,0x86,0xDF,0x7E,0xDF,0x7E,0xBF,0x76,
  0xBF,0x76,0xBF,0x6E,0x9F,0x6E,0x9F,0x6E,0x9F,0x66,0x7F,0x66,0x7F,0x5E,0x7F,0x5E,
  0x5F,0x5E,0x5F,0x56,0x5F,0x56,0x3F,0x56,0x3F,0x56,0x3F,0x4E,0x1F,0x4E,0x1F,0x4E,
  0x1F,0x4E,0x1F,0x46,0xFF,0x45,0xFF,0x45,0xFF,0x45,0xFF,0x45,0xFF,0x45,0xDF,0x3D,
  0xFF,0x55,0x5F,0xBF,0xDF,0xE7,0xBF,0xDF,0xDF,0xE7,0x7F,0xCF,0x1F,0x5E,0xBF,0x35,
  0xDF,0x3D,0x7F,0x7E,0x9F,0xD7,0xBF,0xE7,0xBF,0xE7,0xBF,0xE7,0xBF,0xE7,0xDF,0xE7,
  0xFF,0xA6,0xDF,0x3D,0xDF,0x3D,0xDF,0x45,0xDF,0x45,0xDF,0x45,0xFF,0x45,0xFF,0x45,
  0xFF,0x45,0xFF,0x4D,0x1F,0x4E,0x1F,0x4E,0x1F,0x4E,0x1F,0x56,0xDE,0x4D,0x1F,0xA7,
  0x9F,0xD7,0xBF,0xDF,0xDF,0xE7,0xFF,0xFF,0x1F,0xA7,0x5F,0x5E,0x9F,0x6E,0x9F,0x6E,
  0x9F,0x76,0xBF,0x76,0xBF,0x76,0xBF,0x7E,0xDF,0x7E,0xDF,0x86,0xDF,0x86,0xFF,0x8E,
  0xFF,0x8E,0xFF,0x96,0x1F,0x97,0x1F,0x9F,0x1F,0x9F,0x3F,0xA7,0x3F,0xA7,0x3F,0xAF,
  0x5F,0xAF,0x5F,0xB7,0x5F,0xB7,0x7F,0xBF,0x7F,0xBF,0x7F,0xC7,0x7F,0xC7,0x9F,0xCF,
  0x9F,0xCF,0xBF,0xD7,0x3F,0xBF,0x1F,0x6E,0x9F,0x4D,0x5F,0x3D,0x1F,0x2D,0xFF,0x1C,
  0x5F,0xAF,0x5F,0xAF,0x3F,0xAF,0x3F,0xA7,0x3F,0x9F,0x1F,0x9F,0x1F,0x97,0x1F,0x97,
  0xFF,0x8E,0xFF,0x8E,0xFF,0x86,0xDF,0x86,0xDF,0x7E,0xDF,0x7E,0xBF,0x76,0xBF,0x76,
  0xBF,0x76,0x9F,0x6E,0x9F,0x6E,0x9F,0x66,0x7F,0x66,0x7F,0x5E,0x7F,0x5E,0x5F,0x5E,
  0x5F,0x56,0x5F,0x56,0x3F,0x56,0x3F,0x4E,0x3F,0x4E,0x1F,0x4E,0x1F,0x4E,0x1F,0x46,
  0x1F,0x46,0xFF,0x45,0xFF,0x45,0xFF,0x45,0xFF,0x3D,0xDF,0x3D,0xDF,0x3D,0xDF,0x3D,
  0xDF,0x45,0x1F,0xAF,0xBF,0xDF,0xBF,0xDF,0xBF,0xDF,0x9F,0xD7,0x7F,0x76,0xFF,0x4D,
  0xDF,0x8E,0x9F,0xD7,0xBF,0xDF,0xBF,0xDF,0xBF,0xDF,0xBF,0xDF,0xBF,0xDF,0xBF,0xDF,
  0x7F,0xC7,0x1F,0x56,0xBF,0x3D,0xDF,0x3D,0xDF,0x3D,0xDF,0x3D,0xDF,0x45,0xDF,0x45,
  0xDF,0x45,0xDF,0x45,0xFF,0x45,0xFF,0x4D,0x1F,0x4E,0x1F,0x56,0xFF,0x4D,0x9F,0x86,
  0x9F,0xC7,0x9F,0xCF,0xBF,0xDF,0xDF,0xEF,0x1F,0xA7,0x5F,0x5E,0x7F,0x6E,0x7F,0x6E,
  0x9F,0x6E,0x9F,0x76,0x9F,0x76,0xBF,0x7E,0xBF,0x7E,0xDF,0x86,0xDF,0x86,0xFF,0x8E,
  0xFF,0x8E,0xFF,0x8E,0x1F,0x97,0x1F,0x97,0x1F,0x9F,0x3F,0x9F,0x3F,0xA7,0x3F,0xA7,
  0x5F,0xAF,0x5F,0xB7,0x5F,0xB7,0x5F,0xBF,0x7F,0xBF,0x7F,0xC7,0x7F,0xC7,0x9F,0xCF,
  0x9F,0xCF,0x9F,0xD7,0x9F,0xD7,0x9F,0x96,0xBF,0x55,0x7F,0x45,0x3F,0x2D,0xFF,0x24,
  0x5F,0xAF,0x3F,0xAF,0x3F,0xA7,0x3F,0xA7,0x3F,0x9F,0x1F,0x9F,0x1F,0x97,0xFF,0x96,
  0xFF,0x8E,0xFF,0x86,0xDF,0x86,0xDF,0x86,0xDF,0x7E,0xDF,0x76,0xBF,0x76,0xBF,0x6E,
  0x9F,0x6E,0x9F,0x6E,0x9F,0x66,0x7F,0x66,0x7F,0x66,0x7F,0x5E,0x5F,0x5E,0x5F,0x56,
  0x5F,0x56,0x3F,0x56,0x3F,0x4E,0x3F,0x4E,0x1F,0x4E,0x1F,0x4E,0x1F,0x46,0xFF,0x45,
  0xFF,0x45,0xFF,0x45,0xFF,0x45,0xDF,0x3D,0xDF,0x3D,0xDF,0x3D,0xDF,0x3D,0xDF,0x3D,
  0xBF,0x35,0xBF,0x8E,0xBF,0xDF,0xBF,0xD7,0xBF,0xD7,0xBF,0xD7,0x5F,0xBF,0x3F,0xB7,
  0xBF,0xD7,0xBF,0xD7,0xBF,0xD7,0xBF,0xD7,0xBF,0xD7,0xBF,0xD7,0xBF,0xD7,0xBF,0xD7,
  0xBF,0xD7,0x5F,0x6E,0xBF,0x35,0xBF,0x3D,0xBF,0x3D,0xDF,0x3D,0xDF,0x3D,0xDF,0x3D,
  0x3F,0x5E,0x7F,0x76,0x3F,0x5E,0xFF,0x45,0xFF,0x4D,0x1F,0x4E,0xFF,0x4D,0x9F,0x7E,
  0x7F,0xBF,0x7F,0xBF,0x9F,0xCF,0xDF,0xE7,0xBF,0x8E,0x3F,0x5E,0x7F,0x66,0x7F,0x6E,
  0x7F,0x6E,0x9F,0x6E,0x9F,0x76,0xBF,0x76,0xBF,0x7E,0xBF,0x7E,0xDF,0x86,0xDF,0x86,
  0xDF,0x8E,0xFF,0x8E,0xFF,0x96,0x1F,0x97,0x1F,0x9F,0x1F,0x9F,0x3F,0xA7,0x3F,0xA7,
  0x3F,0xAF,0x5F,0xAF,0x5F,0xB7,0x5F,0xB7,0x7F,0xBF,0x7F,0xBF,0x7F,0xC7,0x7F,0xCF,
  0x9F,0xCF,0x9F,0xCF,0x9F,0xD7,0x1F,0xB7,0xFF,0x65,0x7F,0x45,0x5F,0x3D,0x3F,0x2D,
  0x3F,0xAF,0x3F,0xA7,0x3F,0xA7,0x3F,0x9F,0x1F,0x9F,0x1F,0x97,0x1F,0x97,0xFF,0x8E,
  0xFF,0x8E,0xFF,0x86,0xDF,0x86,0xDF,0x7E,0xDF,0x7E,0xBF,0x76,0xBF,0x76,0xBF,0x6E,
  0x9F,0x6E,0x9F,0x66,0x7F,0x66,0x7F,0x5E,0x7F,0x5E,0x5F,0x5E,0x5F,0x56,0x5F,0x56,
  0x3F,0x56,0x3F,0x4E,0x3F,0x4E,0x1F,0x4E,0x1F,0x4E,0x1F,0x46,0xFF,0x45,0xFF,0x45,
  0xFF,0x45,0xFF,0x3D,0xDF,0x3D,0xDF,0x3D,0xDF,0x3D,0xDF,0x3D,0xBF,0x3D,0xBF,0x3D,
  0x9F,0x35,0x3F,0x6E,0x9F,0xCF,0x9F,0xD7,0x9F,0xD7,0x9F,0xD7,0x9F,0xD7,0xBF,0xD7,
  0x9F,0xD7,0x9F,0xD7,0x9F,0xD7,0x9F,0xD7,0xBF,0xD7,0x9F,0xD7,0x9F,0xD7,0x9F,0xD7,
  0xBF,0xD7,0xDF,0x96,0xBF,0x35,0xBF,0x3D,0xBF,0x3D,0xBF,0x3D,0xBF,0x3D,0x7F,0x76,
  0x5F,0xBF,0x9F,0xD7,0x5F,0xBF,0x5F,0x6E,0xFF,0x45,0xFF,0x4D,0xFF,0x4D,0x1F,0x56,
  0x1F,0x9F,0x7F,0xBF,0x9F,0xC7,0x3F,0xAF,0x3F,0x66,0x5F,0x5E,0x5F,0x66,0x7F,0x66,
  0x7F,0x6E,0x9F,0x6E,0x9F,0x6E,0x9F,0x76,0xBF,0x76,0xBF,0x7E,0xBF,0x7E,0xDF,0x86,
  0xDF,0x86,0xFF,0x8E,0xFF,0x8E,0xFF,0x96,0x1F,0x97,0x1F,0x9F,0x1F,0x9F,0x3F,0xA7,
  0x3F,0xA7,0x3F,0xAF,0x5F,0xB7,0x5F,0xB7,0x5F,0xBF,0x7F,0xBF,0x7F,0xC7,0x7F,0xC7,
  0x9F,0xCF,0x9F,0xCF,0x9F,0xD7,0x7F,0xCF,0x7F,0x8E,0xBF,0x55,0x5F,0x3D,0x3F,0x2D,
  0x3F,0xAF,0x3F,0xA7,0x3F,0xA7,0x1F,0x9F,0x1F,0x97,0x1F,0x97,0xFF,0x8E,0xFF,0x8E,
  0xFF,0x86,0xDF,0x86,0xDF,0x7E,0xDF,0x7E,0xBF,0x76,0xBF,0x76,0xBF,0x6E,0x9F,0x6E,
  0x9F,0x66,0x9F,0x66,0x7F,0x66,0x7F,0x5E,0x7F,0x5E,0x5F,0x56,0x5F,0x56,0x3F,0x56,
  0x3F,0x4E,0x3F,0x4E,0x1F,0x4E,0x1F,0x46,0x1F,0x46,0xFF,0x45,0xFF,0x45,0xFF,0x3D,
  0xDF,0x3D,0xDF,0x3D,0xDF,0x3D,0xDF,0x3D,0xBF,0x3D,0xBF,0x35,0xBF,0x35,0xBF,0x35,
  0x9F,0x35,0xBE,0x3D,0xFF,0xA6,0x9F,0xCF,0x9F,0xCF,0x9F,0xCF,0x9F,0xCF,0x9F,0xCF,
  0x9F,0xCF,0x9F,0xCF,0x9F,0xCF,0x9F,0xCF,0x1F,0xAF,0x7F,0xC7,0x9F,0xCF,0x9F,0xCF,
  0x9F,0xCF,0x5F,0xBF,0xFF,0x55,0x9F,0x35,0xBF,0x3D,0x9F,0x35,0x3F,0x5E,0x5F,0xBF,
  0x9F,0xD7,0x9F,0xCF,0xBF,0xD7,0xFF,0xA6,0xFF,0x4D,0xFF,0x45,0xFF,0x4D,0xDF,0x4D,
  0xFE,0x55,0x7F,0x7E,0x7E,0x7E,0x1E,0x5E,0x1F,0x56,0x5F,0x5E,0x5F,0x5E,0x5F,0x66,
  0x7F,0x66,0x7F,0x6E,0x9F,0x6E,0x9F,0x76,0x9F,0x76,0xBF,0x76,0xBF,0x7E,0xDF,0x7E,
  0xDF,0x86,0xDF,0x8E,0xFF,0x8E,0xFF,0x96,0xFF,0x96,0x1F,0x9F,0x1F,0x9F,0x3F,0xA7,
  0x3F,0xA7,0x3F,0xAF,0x5F,0xAF,0x5F,0xB7,0x5F,0xB7,0x7F,0xBF,0x7F,0xC7,0x7F,0xC7,
  0x7F,0xC7,0x9F,0xCF,0x9F,0xCF,0x9F,0xD7,0xFF,0xAE,0xDF,0x5D,0x9F,0x4D,0x3F,0x35,
  0x3F,0xA7,0x3F,0xA7,0x1F,0x9F,0x1F,0x9F,0x1F,0x97,0x1F,0x97,0xFF,0x8E,0xFF,0x86,
  0xDF,0x86,0xDF,0x7E,0xDF,0x7E,0xDF,0x76,0xBF,0x76,0xBF,0x6E,0xBF,0x6E,0x9F,0x66,
  0x9F,0x66,0x7F,0x66,0x7F,0x5E,0x7F,0x5E,0x5F,0x56,0x5F,0x56,0x3F,0x56,0x3F,0x4E,
  0x3F,0x4E,0x3F,0x4E,0x1F,0x46,0x1F,0x46,0xFF,0x45,0xFF,0x45,0xFF,0x3D,0xDF,0x3D,
  0xDF,0x3D,0xDF,0x3D,0xDF,0x3D,0xBF,0x35,0xBF,0x35,0xBF,0x35,0xBF,0x35,0xBF,0x35,
  0x9F,0x35,0x7F,0x2D,0xDE,0x55,0x5F,0xBF,0x9F,0xCF,0x9F,0xC7,0x9F,0xC7,0x9F,0xC7,
  0x9F,0xCF,0x9F,0xC7,0x3F,0xB7,0x3E,0x76,0x9D,0x4D,0xFF,0xA6,0x9F,0xCF,0x7F,0xC7,
  0x9F,0xC7,0x9F,0xC7,0x7F,0x7E,0x9F,0x2D,0x9F,0x35,0x1F,0x56,0x3F,0xAF,0x9F,0xCF,
  0x9F,0xCF,0x9F,0xC7,0x9F,0xCF,0x1F,0xAF,0xFF,0x4D,0xDF,0x45,0xFF,0x45,0xFF,0x4D,
  0xDF,0x45,0xBE,0x45,0xDE,0x45,0xFF,0x55,0x3F,0x56,0x3F,0x5E,0x5F,0x5E,0x5F,0x66,
  0x7F,0x66,0x7F,0x66,0x7F,0x6E,0x9F,0x6E,0x9F,0x76,0xBF,0x76,0xBF,0x7E,0xDF,0x7E,
  0xDF,0x86,0xDF,0x86,0xFF,0x8E,0xFF,0x8E,0xFF,0x96,0x1F,0x97,0x1F,0x9F,0x1F,0x9F,
  0x3F,0xA7,0x3F,0xA7,0x5F,0xAF,0x5F,0xB7,0x5F,0xB7,0x5F,0xBF,0x7F,0xBF,0x7F,0xC7,
  0x7F,0xC7,0x9F,0xCF,0x9F,0xCF,0x9F,0xD7,0x5F,0xC7,0x3F,0x76,0x9F,0x45,0x5F,0x3D,
  0x3F,0xA7,0x3F,0xA7,0x1F,0x9F,0x1F,0x97,0x1F,0x97,0xFF,0x8E,0xFF,0x8E,0xFF,0x86,
  0xDF,0x86,0xDF,0x7E,0xDF,0x76,0xBF,0x76,0xBF,0x76,0xBF,0x6E,0x9F,0x6E,0x9F,0x66,
  0x9F,0x66,0x7F,0x5E,0x7F,0x5E,0x5F,0x5E,0x5F,0x56,0x3F,0x56,0x3F,0x56,0x3F,0x4E,
  0x3F,0x4E,0x1F,0x46,0x1F,0x46,0xFF,0x45,0xFF,0x45,0xFF,0x3D,0xDF,0x3D,0xDF,0x3D,
  0xDF,0x3D,0xDF,0x35,0xBF,0x35,0xBF,0x35,0xBF,0x35,0xBF,0x35,0x9F,0x35,0x9F,0x35,
  0x9F,0x35,0x7F,0x2D,0x7E,0x35,0xFE,0x65,0x1F,0xAF,0x7F,0xBF,0x7F,0xBF,0x7F,0xBF,
  0x3F,0xAF,0x9E,0x8E,0xBE,0x4D,0x3D,0x2D,0x3E,0x2D,0x5E,0x76,0x7F,0xC7,0x7F,0xC7,
  0x7F,0xC7,0x9F,0xC7,0x3F,0xAF,0xFF,0x55,0x1F,0x5E,0x3F,0xAF,0x9F,0xC7,0x7F,0xC7,
  0x7F,0xC7,0x7F,0xC7,0x9F,0xC7,0x9F,0x86,0xBF,0x3D,0xDF,0x45,0xDF,0x45,0xFF,0x45,
  0xFF,0x4D,0xFF,0x4D,0x1F,0x4E,0x1F,0x56,0x3F,0x56,0x3F,0x56,0x3F,0x5E,0x5F,0x5E,
  0x5F,0x66,0x7F,0x66,0x7F,0x66,0x9F,0x6E,0x9F,0x6E,0x9F,0x76,0xBF,0x76,0xBF,0x7E,
  0xDF,0x7E,0xDF,0x86,0xDF,0x86,0xFF,0x8E,0xFF,0x8E,0x1F,0x97,0x1F,0x97,0x1F,0x9F,
  0x3F,0xA7,0x3F,0xA7,0x3F,0xAF,0x5F,0xAF,0x5F,0xB7,0x5F,0xBF,0x7F,0xBF,0x7F,0xBF,
  0x7F,0xC7,0x9F,0xCF,0x9F,0xCF,0x9F,0xD7,0x9F,0xD7,0x9F,0x96,0xBF,0x55,0x7F,0x45,
  0x3F,0xA7,0x3F,0x9F,0x1F,0x9F,0x1F,0x97,0xFF,0x8E,0xFF,0x8E,0xFF,0x8E,0xDF,0x86,
  0xDF,0x7E,0xDF,0x7E,0xBF,0x76,0xBF,0x76,0xBF,0x6E,0x9F,0x6E,0x9F,0x66,0x9F,0x66,
  0x7F,0x5E,0x7F,0x5E,0x5F,0x5E,0x5F,0x56,0x5F,0x56,0x3F,0x4E,0x3F,0x4E,0x3F,0x4E,
  0x1F,0x46,0x1F,0x46,0xFF,0x45,0xFF,0x45,0xFF,0x3D,0xDF,0x3D,0xDF,0x3D,0xDF,0x3D,
  0xDF,0x35,0xBF,0x35,0xBF,0x35,0xBF,0x35,0x9F,0x35,0x9F,0x35,0x9F,0x35,0x9F,0x2D,
  0x9F,0x2D,0x7F,0x2D,0x7F,0x2D,0x3E,0x2D,0x7D,0x45,0xFE,0x5D,0x1E,0x6E,0xFE,0x65,
  0x9D,0x45,0x3D,0x2D,0x3E,0x2D,0x5E,0x2D,0x5E,0x2D,0x9E,0x45,0x1F,0xA7,0x7F,0xBF,
  0x7F,0xBF,0x7F,0xBF,0x7F,0xBF,0x3F,0xAF,0x5F,0xB7,0x7F,0xBF,0x7F,0xBF,0x7F,0xBF,
  0x7F,0xBF,0x9F,0xC7,0xDF,0x96,0xBE,0x45,0xBF,0x3D,0xDF,0x45,0xDF,0x45,0xFF,0x45,
  0xFF,0x45,0xFF,0x4D,0x1F,0x4E,0x1F,0x4E,0x1F,0x56,0x3F,0x56,0x3F,0x56,0x5F,0x5E,
  0x5F,0x5E,0x7F,0x66,0x7F,0x66,0x7F,0x6E,0x9F,0x6E,0x9F,0x76,0xBF,0x76,0xBF,0x7E,
  0xBF,0x7E,0xDF,0x86,0xDF,0x86,0xFF,0x8E,0xFF,0x8E,0xFF,0x96,0x1F,0x97,0x1F,0x9F,
  0x1F,0x9F,0x3F,0xA7,0x3F,0xAF,0x5F,0xAF,0x5F,0xB7,0x5F,0xB7,0x7F,0xBF,0x7F,0xBF,
  0x7F,0xC7,0x7F,0xC7,0x9F,0xCF,0x9F,0xCF,0xBF,0xD7,0x1F,0xB7,0xFF,0x65,0x7F,0x45,
  0x3F,0xA7,0x1F,0x9F,0x1F,0x97,0x1F,0x97,0xFF,0x8E,0xFF,0x8E,0xFF,0x86,0xDF,0x86,
  0xDF,0x7E,0xDF,0x76,0xBF,0x76,0xBF,0x6E,0xBF,0x6E,0x9F,0x6E,0x9F,0x66,0x7F,0x66,
  0x7F,0x5E,0x7F,0x5E,0x5F,0x56,0x5F,0x56,0x3F,0x56,0x3F,0x4E,0x3F,0x4E,0x1F,0x4E,
  0x1F,0x46,0x1F,0x46,0xFF,0x45,0xFF,0x3D,0xFF,0x3D,0xDF,0x3D,0xDF,0x3D,0xDF,0x35,
  0xBF,0x35,0xBF,0x35,0xBF,0x35,0x9F,0x35,0x9F,0x2D,0x9F,0x2D,0x9F,0x2D,0x9F,0x2D,
  0x7F,0x2D,0x7F,0x2D,0x7F,0x2D,0x7F,0x2D,0x3E,0x2D,0x1D,0x25,0x1D,0x25,0x1D,0x25,
  0x3E,0x25,0x5E,0x2D,0x5F,0x2D,0x7F,0x2D,0x5F,0x2D,0x5E,0x2D,0x7F,0x7E,0x7F,0xBF,
  0x7F,0xB7,0x7F,0xBF,0x7F,0xBF,0x7F,0xBF,0x7F,0xBF,0x7F,0xBF,0x7F,0xBF,0x7F,0xBF,
  0x7F,0xBF,0xFF,0x9E,0xBE,0x4D,0x7E,0x35,0xBF,0x3D,0xBF,0x3D,0xDF,0x3D,0xDF,0x45,
  0xDF,0x45,0xFF,0x45,0xFF,0x4D,0x1F,0x4E,0x1F,0x4E,0x3F,0x56,0x3F,0x56,0x3F,0x5E,
  0x3F,0x5E,0x5F,0x5E,0x7F,0x66,0x7F,0x66,0x9F,0x6E,0x9F,0x6E,0x9F,0x76,0xBF,0x76,
  0xBF,0x7E,0xDF,0x7E,0xDF,0x86,0xDF,0x86,0xFF,0x8E,0xFF,0x8E,0x1F,0x97,0x1F,0x9F,
  0x1F,0x9F,0x3F,0xA7,0x3F,0xA7,0x3F,0xAF,0x5F,0xAF,0x5F,0xB7,0x5F,0xB7,0x7F,0xBF,
  0x7F,0xC7,0x7F,0xC7,0x9F,0xCF,0x9F,0xCF,0xBF,0xD7,0x5F,0xCF,0x3F,0x7E,0x9F,0x4D,
  0x3F,0x9F,0x1F,0x9F,0x1F,0x97,0xFF,0x96,0xFF,0x8E,0xFF,0x86,0xFF,0x86,0xDF,0x7E,
  0xDF,0x7E,0xBF,0x76,0xBF,0x76,0xBF,0x6E,0x9F,0x6E,0x9F,0x66,0x9F,0x66,0x7F,0x5E,
  0x7F,0x5E,0x5F,0x56,0x5F,0x56,0x5F,0x56,0x3F,0x4E,0x3F,0x4E,0x1F,0x4E,0x1F,0x46,
  0x1F,0x46,0xFF,0x45,0xFF,0x3D,0xDF,0x3D,0xDF,0x3D,0xDF,0x3D,0xDF,0x35,0xBF,0x35,
  0xBF,0x35,0xBF,0x35,0x9F,0x35,0x9F,0x2D,0x9F,0x2D,0x9F,0x2D,0x9F,0x2D,0x7F,0x2D,
  0x7F,0x2D,0x7F,0x2D,0x7F,0x2D,0x7F,0x2D,0x5F,0x2D,0x5F,0x2D,0x5E,0x2D,0x5F,0x2D,
  0x5F,0x2D,0x5F,0x2D,0x5F,0x2D,0x5F,0x2D,0x5F,0x2D,0x3E,0x25,0x9E,0x45,0xFF,0x9E,
  0x7F,0xB7,0x5F,0xB7,0x5F,0xB7,0x5F,0xB7,0x5F,0xB7,0x5F,0xB7,0x5F,0xB7,0x7F,0xB7,
  0xFF,0x96,0xBE,0x4D,0x7E,0x35,0x9F,0x3D,0xBF,0x3D,0xBF,0x3D,0xBF,0x3D,0xDF,0x3D,
  0xDF,0x45,0xFF,0x45,0xFF,0x45,0xFF,0x4D,0x1F,0x4E,0x1F,0x56,0x3F,0x56,0x3F,0x56,
  0x3F,0x5E,0x5F,0x5E,0x5F,0x66,0x7F,0x66,0x7F,0x6E,0x9F,0x6E,0x9F,0x6E,0x9F,0x76,
  0xBF,0x7E,0xBF,0x7E,0xDF,0x86,0xDF,0x86,0xFF,0x8E,0xFF,0x8E,0xFF,0x96,0x1F,0x97,
  0x1F,0x9F,0x3F,0xA7,0x3F,0xA7,0x3F,0xAF,0x5F,0xAF,0x5F,0xB7,0x5F,0xB7,0x7F,0xBF,
  0x7F,0xC7,0x7F,0xC7,0x7F,0xCF,0x9F,0xCF,0x9F,0xD7,0x9F,0xD7,0x9F,0x96,0xBF,0x55,
  0x3F,0x9F,0x1F,0x97,0x1F,0x97,0xFF,0x8E,0xFF,0x8E,0xFF,0x86,0xDF,0x86,0xDF,0x7E,
  0xDF,0x76,0xBF,0x76,0xBF,0x6E,0xBF,0x6E,0x9F,0x66,0x9F,0x66,0x7F,0x5E,0x7F,0x5E,
  0x7F,0x5E,0x5F,0x56,0x5F,0x56,0x3F,0x4E,0x3F,0x4E,0x1F,0x4E,0x1F,0x46,0x1F,0x46,
  0xFF,0x45,0xFF,0x3D,0xFF,0x3D,0xDF,0x3D,0xDF,0x3D,0xDF,0x35,0xBF,0x35,0xBF,0x35,
  0xBF,0x35,0x9F,0x35,0x9F,0x2D,0x9F,0x2D,0x9F,0x2D,0x7F,0x2D,0x7F,0x2D,0x7F,0x2D,
  0x7F,0x2D,0x7F,0x2D,0x7F,0x2D,0x5F,0x2D,0x5F,0x2D,0x5F,0x2D,0x5F,0x2D,0x5F,0x2D,
  0x5F,0x2D,0x5F,0x2D,0x5F,0x2D,0x5F,0x2D,0x5F,0x2D,0x5F,0x2D,0x3E,0x2D,0x9E,0x45,
  0xDF,0x96,0x5F,0xB7,0x5F,0xAF,0x5F,0xAF,0x5F,0xAF,0x7F,0xB7,0x5F,0xAF,0xBF,0x86,
  0x9E,0x45,0x5E,0x2D,0x9F,0x35,0x9F,0x35,0xBF,0x35,0xBF,0x3D,0xBF,0x3D,0xDF,0x3D,
  0xDF,0x45,0xDF,0x45,0xFF,0x45,0xFF,0x4D,0xFF,0x4D,0x1F,0x4E,0x1F,0x56,0x3F,0x56,
  0x3F,0x5E,0x5F,0x5E,0x5F,0x5E,0x7F,0x66,0x7F,0x66,0x7F,0x6E,0x9F,0x6E,0x9F,0x76,
  0xBF,0x76,0xBF,0x7E,0xDF,0x7E,0xDF,0x86,0xDF,0x86,0xFF,0x8E,0xFF,0x96,0x1F,0x97,
  0x1F,0x9F,0x1F,0x9F,0x3F,0xA7,0x3F,0xA7,0x5F,0xAF,0x5F,0xB7,0x5F,0xB7,0x5F,0xBF,
  0x7F,0xBF,0x7F,0xC7,0x7F,0xC7,0x9F,0xCF,0x9F,0xCF,0xBF,0xD7,0x1F,0xB7,0xDF,0x65,
  0x1F,0x9F,0x1F,0x97,0x1F,0x97,0xFF,0x8E,0xFF,0x8E,0xFF,0x86,0xDF,0x7E,0xDF,0x7E,
  0xDF,0x76,0xBF,0x76,0xBF,0x6E,0x9F,0x6E,0x9F,0x66,0x9F,0x66,0x7F,0x5E,0x7F,0x5E,
  0x5F,0x56,0x5F,0x56,0x5F,0x56,0x3F,0x4E,0x3F,0x4E,0x1F,0x46,0x1F,0x46,0x1F,0x46,
  0xFF,0x3D,0xFF,0x3D,0xDF,0x3D,0xDF,0x3D,0xDF,0x35,0xBF,0x35,0xBF,0x35,0xBF,0x35,
  0x9F,0x35,0x9F,0x2D,0x9F,0x2D,0x9F,0x2D,0x7F,0x2D,0x7F,0x2D,0x7F,0x2D,0x7F,0x2D,
  0x7F,0x2D,0x5F,0x25,0x5F,0x2D,0x5F,0x25,0x5F,0x25,0x5F,0x25,0x5F,0x25,0x5F,0x25,
  0x5F,0x25,0x5F,0x25,0x5F,0x25,0x5F,0x25,0x5F,0x2D,0x5F,0x2D,0x3E,0x25,0x1D,0x25,
  0x5D,0x3D,0x3E,0x76,0xFF,0x96,0x3F,0xA7,0xFF,0x9E,0xDF,0x8E,0xFE,0x65,0x3D,0x35,
  0x3E,0x2D,0x7F,0x35,0x9F,0x35,0x9F,0x35,0x9F,0x35,0xBF,0x3D,0xBF,0x3D,0xBF,0x3D,
  0xDF,0x3D,0xDF,0x45,0xFF,0x45,0xFF,0x45,0xFF,0x4D,0x1F,0x4E,0x1F,0x4E,0x1F,0x56,
  0x3F,0x56,0x3F,0x5E,0x5F,0x5E,0x5F,0x66,0x7F,0x66,0x7F,0x6E,0x9F,0x6E,0x9F,0x76,
  0xBF,0x76,0xBF,0x7E,0xBF,0x7E,0xDF,0x86,0xDF,0x86,0xFF,0x8E,0xFF,0x8E,0x1F,0x97,
  0x1F,0x97,0x1F,0x9F,0x3F,0xA7,0x3F,0xA7,0x3F,0xAF,0x5F,0xAF,0x5F,0xB7,0x5F,0xBF,
  0x7F,0xBF,0x7F,0xC7,0x7F,0xC7,0x9F,0xCF,0x9F,0xCF,0xBF,0xD7,0x5F,0xC7,0x3F,0x76,
  0x1F,0x97,0x1F,0x97,0xFF,0x8E,0xFF,0x8E,0xFF,0x86,0xDF,0x86,0xDF,0x7E,0xDF,0x7E,
  0xBF,0x76,0xBF,0x6E,0xBF,0x6E,0x9F,0x66,0x9F,0x66,0x7F,0x5E,0x7F,0x5E,0x7F,0x5E,
  0x5F,0x56,0x5F,0x56,0x3F,0x4E,0x3F,0x4E,0x1F,0x4E,0x1F,0x46,0x1F,0x46,0xFF,0x45,
  0xFF,0x3D,0xFF,0x3D,0xDF,0x3D,0xDF,0x35,0xBF,0x35,0xBF,0x35,0xBF,0x35,0xBF,0x35,
  0x9F,0x2D,0x9F,0x2D,0x9F,0x2D,0x7F,0x2D,0x7F,0x2D,0x7F,0x2D,0x7F,0x2D,0x7F,0x2D,
  0x5F,0x25,0x5F,0x25,0x5F,0x25,0x5F,0x25,0x5F,0x25,0x5F,0x25,0x5F,0x25,0x3F,0x25,
  0x3F,0x25,0x3F,0x25,0x3F,0x25,0x3F,0x25,0x3F,0x25,0x5F,0x25,0x3F,0x2D,0x3E,0x2D,
  0x1E,0x25,0x1D,0x2D,0x5D,0x3D,0x9D,0x45,0x7D,0x45,0x3D,0x35,0x1D,0x25,0x3E,0x2D,
  0x7F,0x2D,0x7F,0x2D,0x9F,0x35,0x9F,0x35,0x9F,0x35,0x9F,0x35,0xBF,0x3D,0xBF,0x3D,
  0xBF,0x3D,0xDF,0x3D,0xDF,0x45,0xFF,0x45,0xFF,0x45,0xFF,0x4D,0x1F,0x4E,0x1F,0x56,
  0x3F,0x56,0x3F,0x5E,0x5F,0x5E,0x5F,0x5E,0x7F,0x66,0x7F,0x66,0x9F,0x6E,0x9F,0x6E,
  0x9F,0x76,0xBF,0x76,0xBF,0x7E,0xDF,0x7E,0xDF,0x86,0xFF,0x8E,0xFF,0x8E,0xFF,0x96,
  0x1F,0x97,0x1F,0x9F,0x1F,0x9F,0x3F,0xA7,0x3F,0xAF,0x5F,0xAF,0x5F,0xB7,0x5F,0xB7,
  0x5F,0xBF,0x7F,0xC7,0x7F,0xC7,0x7F,0xCF,0x9F,0xCF,0x9F,0xD7,0x7F,0xCF,0x7F,0x8E,
  0x1F,0x97,0x1F,0x97,0xFF,0x8E,0xFF,0x8E,0xFF,0x86,0xDF,0x7E,0xDF,0x7E,0xDF,0x76,
  0xBF,0x76,0xBF,0x6E,0x9F,0x6E,0x9F,0x66,0x9F,0x66,0x7F,0x5E,0x7F,0x5E,0x5F,0x56,
  0x5F,0x56,0x5F,0x56,0x3F,0x4E,0x3F,0x4E,0x1F,0x46,0x1F,0x46,0xFF,0x45,0xFF,0x3D,
  0xFF,0x3D,0xDF,0x3D,0xDF,0x35,0xDF,0x35,0xBF,0x35,0xBF,0x35,0xBF,0x2D,0x9F,0x2D,
  0x9F,0x2D,0x9F,0x2D,0x7F,0x2D,0x7F,0x2D,0x7F,0x2D,0x7F,0x2D,0x5F,0x25,0x5F,0x25,
  0x5F,0x25,0x5F,0x25,0x5F,0x25,0x5F,0x25,0x5F,0x25,0x3F,0x25,0x3F,0x25,0x3F,0x25,
  0x3F,0x25,0x3F,0x25,0x3F,0x25,0x3F,0x25,0x3F,0x25,0x3F,0x25,0x3F,0x25,0x3F,0x25,
  0x3E,0x2D,0x1E,0x25,0x1E,0x25,0xFD,0x24,0x1D,0x25,0x1E,0x25,0x5E,0x2D,0x5F,0x2D,
  0x7F,0x2D,0x7F,0x2D,0x7F,0x2D,0x9F,0x35,0x9F,0x35,0x9F,0x35,0xBF,0x35,0xBF,0x3D,
  0xBF,0x3D,0xDF,0x3D,0xDF,0x3D,0xDF,0x45,0xFF,0x45,0xFF,0x4D,0x1F,0x4E,0x1F,0x4E,
  0x3F,0x56,0x3F,0x56,0x3F,0x5E,0x5F,0x5E,0x5F,0x66,0x7F,0x66,0x7F,0x6E,0x9F,0x6E,
  0x9F,0x76,0xBF,0x76,0xBF,0x7E,0xDF,0x7E,0xDF,0x86,0xDF,0x86,0xFF,0x8E,0xFF,0x8E,
  0xFF,0x96,0x1F,0x9F,0x1F,0x9F,0x3F,0xA7,0x3F,0xAF,0x5F,0xAF,0x5F,0xB7,0x5F,0xB7,
  0x7F,0xBF,0x7F,0xBF,0x7F,0xC7,0x7F,0xC7,0x9F,0xCF,0x9F,0xCF,0x9F,0xD7,0xDF,0x9E,
  0x1F,0x97,0x1F,0x97,0xFF,0x8E,0xFF,0x86,0xFF,0x86,0xDF,0x7E,0xDF,0x7E,0xBF,0x76,
  0xBF,0x6E,0xBF,0x6E,0x9F,0x66,0x9F,0x66,0x7F,0x5E,0x7F,0x5E,0x7F,0x5E,0x5F,0x56,
  0x5F,0x56,0x3F,0x4E,0x3F,0x4E,0x1F,0x46,0x1F,0x46,0x1F,0x46,0xFF,0x45,0xFF,0x3D,
  0xDF,0x3D,0xDF,0x3D,0xDF,0x35,0xBF,0x35,0xBF,0x35,0xBF,0x2D,0x9F,0x2D,0x9F,0x2D,
  0x9F,0x2D,0x7F,0x2D,0x7F,0x2D,0x7F,0x2D,0x7F,0x25,0x7F,0x25,0x5F,0x25,0x5F,0x25,
  0x5F,0x25,0x5F,0x25,0x5F,0x25,0x3F,0x25,0x3F,0x25,0x3F,0x25,0x3F,0x25,0x3F,0x25,
  0x3F,0x25,0x3F,0x25,0x3F,0x25,0x3F,0x25,0x3F,0x25,0x3F,0x25,0x3F,0x25,0x3F,0x25,
  0x3F,0x25,0x3F,0x25,0x3F,0x25,0x3E,0x2D,0x3F,0x2D,0x5F,0x2D,0x5F,0x2D,0x5F,0x2D,
  0x5F,0x2D,0x7F,0x2D,0x7F,0x2D,0x7F,0x2D,0x9F,0x35,0x9F,0x35,0x9F,0x35,0xBF,0x35,
  0xBF,0x3D,0xBF,0x3D,0xDF,0x3D,0xDF,0x45,0xFF,0x45,0xFF,0x45,0xFF,0x4D,0x1F,0x4E,
  0x1F,0x56,0x3F,0x56,0x3F,0x5E,0x5F,0x5E,0x5F,0x5E,0x7F,0x66,0x7F,0x66,0x9F,0x6E,
  0x9F,0x6E,0xBF,0x76,0xBF,0x76,0xBF,0x7E,0xDF,0x7E,0xDF,0x86,0xFF,0x8E,0xFF,0x8E,
  0xFF,0x96,0x1F,0x97,0x1F,0x9F,0x3F,0xA7,0x3F,0xA7,0x3F,0xAF,0x5F,0xB7,0x5F,0xB7,
  0x5F,0xBF,0x7F,0xBF,0x7F,0xC7,0x7F,0xC7,0x9F,0xCF,0x9F,0xCF,0x9F,0xD7,0x1F,0xB7,
  0x1F,0x97,0xFF,0x8E,0xFF,0x8E,0xFF,0x86,0xDF,0x86,0xDF,0x7E,0xDF,0x76,0xBF,0x76,
  0xBF,0x6E,0xBF,0x6E,0x9F,0x66,0x9F,0x66,0x7F,0x5E,0x7F,0x5E,0x7F,0x56,0x5F,0x56,
  0x5F,0x4E,0x3F,0x4E,0x3F,0x4E,0x1F,0x46,0x1F,0x46,0x1F,0x46,0xFF,0x3D,0xFF,0x3D,
  0xDF,0x3D,0xDF,0x35,0xBF,0x35,0xBF,0x35,0xBF,0x2D,0x9F,0x2D,0x9F,0x2D,0x9F,0x2D,
  0x9F,0x2D,0x7F,0x2D,0x7F,0x2D,0x7F,0x25,0x7F,0x25,0x5F,0x25,0x5F,0x25,0x5F,0x25,
  0x5F,0x25,0x5F,0x25,0x3F,0x25,0x3F,0x25,0x3F,0x25,0x3F,0x25,0x3F,0x25,0x3F,0x25,
  0x3F,0x25,0x3F,0x25,0x3F,0x25,0x3F,0x25,0x3F,0x25,0x3F,0x25,0x3F,0x25,0x3F,0x25,
  0x3F,0x25,0x3F,0x25,0x3F,0x25,0x3F,0x25,0x3F,0x25,0x5F,0x2D,0x5F,0x2D,0x5F,0x2D,
  0x5F,0x2D,0x7F,0x2D,0x7F,0x2D,0x7F,0x2D,0x7F,0x35,0x9F,0x35,0x9F,0x35,0x9F,0x35,
  0xBF,0x3D,0xBF,0x3D,0xDF,0x3D,0xDF,0x45,0xDF,0x45,0xFF,0x45,0xFF,0x4D,0x1F,0x4E,
  0x1F,0x4E,0x3F,0x56,0x3F,0x56,0x5F,0x5E,0x5F,0x5E,0x7F,0x66,0x7F,0x66,0x9F,0x6E,
  0x9F,0x6E,0x9F,0x76,0xBF,0x76,0xBF,0x7E,0xDF,0x7E,0xDF,0x86,0xFF,0x86,0xFF,0x8E,
  0xFF,0x96,0x1F,0x97,0x1F,0x9F,0x3F,0xA7,0x3F,0xA7,0x3F,0xAF,0x5F,0xAF,0x5F,0xB7,
  0x5F,0xB7,0x7F,0xBF,0x7F,0xC7,0x7F,0xC7,0x9F,0xCF,0x9F,0xCF,0x9F,0xD7,0x5F,0xC7,
  0x1F,0x97,0xFF,0x8E,0xFF,0x8E,0xFF,0x86,0xDF,0x7E,0xDF,0x7E,0xBF,0x76,0xBF,0x76,
  0xBF,0x6E,0x9F,0x66,0x9F,0x66,0x9F,0x66,0x7F,0x5E,0x7F,0x5E,0x5F,0x56,0x5F,0x56,
  0x3F,0x4E,0x3F,0x4E,0x3F,0x46,0x1F,0x46,0x1F,0x46,0xFF,0x3D,0xFF,0x3D,0xDF,0x3D,
  0xDF,0x35,0xDF,0x35,0xBF,0x35,0xBF,0x35,0xBF,0x2D,0x9F,0x2D,0x9F,0x2D,0x9F,0x2D,
  0x7F,0x2D,0x7F,0x2D,0x7F,0x25,0x7F,0x25,0x5F,0x25,0x5F,0x25,0x5F,0x25,0x5F,0x25,
  0x5F,0x25,0x3F,0x25,0x3F,0x25,0x3F,0x25,0x3F,0x25,0x3F,0x25,0x3F,0x25,0x1F,0x25,
  0x3F,0x25,0x1E,0x25,0x1E,0x25,0x1E,0x25,0x1E,0x25,0x1E,0x25,0x3E,0x25,0x3F,0x25,
  0x3F,0x25,0x3F,0x25,0x3F,0x25,0x3F,0x25,0x3F,0x25,0x3F,0x25,0x5F,0x2D,0x5F,0x2D,
  0x5F,0x2D,0x5F,0x2D,0x7F,0x2D,0x7F,0x2D,0x7F,0x2D,0x9F,0x35,0x9F,0x35,0x9F,0x35,
  0xBF,0x35,0xBF,0x3D,0xBF,0x3D,0xDF,0x3D,0xDF,0x45,0xFF,0x45,0xFF,0x45,0x1F,0x4E,
  0x1F,0x4E,0x1F,0x56,0x3F,0x56,0x3F,0x5E,0x5F,0x5E,0x5F,0x66,0x7F,0x66,0x7F,0x66,
  0x9F,0x6E,0x9F,0x76,0xBF,0x76,0xBF,0x7E,0xDF,0x7E,0xDF,0x86,0xDF,0x86,0xFF,0x8E,
  0xFF,0x8E,0x1F,0x97,0x1F,0x9F,0x1F,0x9F,0x3F,0xA7,0x3F,0xAF,0x3F,0xAF,0x5F,0xB7,
  0x5F,0xB7,0x7F,0xBF,0x7F,0xBF,0x7F,0xC7,0x7F,0xCF,0x9F,0xCF,0x9F,0xD7,0x7F,0xCF,
  0xFF,0x96,0xFF,0x8E,0xFF,0x8E,0xFF,0x86,0xDF,0x7E,0xDF,0x7E,0xBF,0x76,0xBF,0x76,
  0xBF,0x6E,0x9F,0x66,0x9F,0x66,0x7F,0x5E,0x7F,0x5E,0x5F,0x56,0x5F,0x56,0x5F,0x56,
  0x3F,0x4E,0x3F,0x4E,0x1F,0x46,0x1F,0x46,0x1F,0x46,0xFF,0x3D,0xFF,0x3D,0xDF,0x3D,
  0xDF,0x35,0xBF,0x35,0xBF,0x35,0xBF,0x2D,0x9F,0x2D,0x9F,0x2D,0x9F,0x2D,0x7F,0x2D,
  0x7F,0x2D,0x7F,0x25,0x7F,0x25,0x5F,0x25,0x5F,0x25,0x5F,0x25,0x5F,0x25,0x5F,0x25,
  0x5F,0x25,0x3F,0x25,0x3F,0x25,0x3F,0x25,0x3F,0x25,0x3F,0x25,0x3F,0x25,0x1E,0x25,
  0x1E,0x25,0x1E,0x25,0x1E,0x25,0x1E,0x25,0x1E,0x25,0x1E,0x25,0x1E,0x25,0x1E,0x25,
  0x1E,0x25,0x3F,0x25,0x3F,0x25,0x3F,0x25,0x3F,0x25,0x3F,0x25,0x3F,0x25,0x5F,0x25,
  0x5F,0x2D,0x5F,0x2D,0x5F,0x2D,0x7F,0x2D,0x7F,0x2D,0x7F,0x2D,0x9F,0x35,0x9F,0x35,
  0x9F,0x35,0xBF,0x3D,0xBF,0x3D,0xDF,0x3D,0xDF,0x3D,0xDF,0x45,0xFF,0x45,0xFF,0x4D,
  0x1F,0x4E,0x1F,0x4E,0x3F,0x56,0x3F,0x56,0x5F,0x5E,0x5F,0x5E,0x7F,0x66,0x7F,0x66,
  0x9F,0x6E,0x9F,0x6E,0xBF,0x76,0xBF,0x76,0xBF,0x7E,0xDF,0x86,0xDF,0x86,0xFF,0x8E,
  0xFF,0x8E,0x1F,0x97,0x1F,0x97,0x1F,0x9F,0x3F,0xA7,0x3F,0xA7,0x5F,0xAF,0x5F,0xB7,
  0x5F,0xB7,0x7F,0xBF,0x7F,0xBF,0x7F,0xC7,0x7F,0xC7,0x9F,0xCF,0x9F,0xD7,0x9F,0xD7,
  0xFF,0x8E,0xFF,0x8E,0xFF,0x86,0xDF,0x86,0xDF,0x7E,0xDF,0x7E,0xBF,0x76,0xBF,0x6E,
  0x9F,0x6E,0x9F,0x66,0x9F,0x66,0x7F,0x5E,0x7F,0x5E,0x5F,0x56,0x5F,0x56,0x5F,0x4E,
  0x3F,0x4E,0x3F,0x4E,0x1F,0x46,0x1F,0x46,0xFF,0x3D,0xFF,0x3D,0xFF,0x3D,0xDF,0x3D,
  0xDF,0x35,0xBF,0x35,0xBF,0x35,0xBF,0x2D,0x9F,0x2D,0x9F,0x2D,0x9F,0x2D,0x7F,0x2D,
  0x7F,0x2D,0x7F,0x25,0x7F,0x25,0x5F,0x25,0x5F,0x25,0x5F,0x25,0x5F,0x25,0x3F,0x25,
  0x3F,0x25,0x3F,0x25,0x3F,0x25,0x3F,0x25,0x3F,0x25,0x3F,0x25,0x1E,0x25,0x1E,0x25,
  0x1E,0x25,0x1E,0x25,0x1E,0x25,0x1E,0x25,0x1E,0x25,0x1E,0x25,0x1E,0x25,0x1E,0x25,
  0x1E,0x25,0x1E,0x25,0x1E,0x25,0x3F,0x25,0x3F,0x25,0x3F,0x25,0x3F,0x25,0x5F,0x25,
  0x5F,0x2D,0x5F,0x2D,0x5F,0x2D,0x7F,0x2D,0x7F,0x2D,0x7F,0x2D,0x9F,0x35,0x9F,0x35,
  0x9F,0x35,0xBF,0x35,0xBF,0x3D,0xBF,0x3D,0xDF,0x3D,0xDF,0x45,0xFF,0x45,0xFF,0x4D,
  0x1F,0x4E,0x1F,0x4E,0x1F,0x56,0x3F,0x56,0x5F,0x5E,0x5F,0x5E,0x5F,0x66,0x7F,0x66,
  0x9F,0x6E,0x9F,0x6E,0x9F,0x76,0xBF,0x76,0xBF,0x7E,0xDF,0x86,0xDF,0x86,0xFF,0x8E,
  0xFF,0x8E,0xFF,0x96,0x1F,0x97,0x1F,0x9F,0x3F,0xA7,0x3F,0xA7,0x3F,0xAF,0x5F,0xB7,
  0x5F,0xB7,0x5F,0xBF,0x7F,0xBF,0x7F,0xC7,0x7F,0xC7,0x9F,0xCF,0x9F,0xCF,0x9F,0xD7,
  0xFF,0x8E,0xFF,0x8E,0xFF,0x86,0xDF,0x7E,0xDF,0x7E,0xDF,0x76,0xBF,0x76,0xBF,0x6E,
  0xBF,0x6E,0x9F,0x66,0x9F,0x66,0x7F,0x5E,0x7F,0x5E,0x5F,0x56,0x5F,0x56,0x5F,0x4E,
  0x3F,0x4E,0x3F,0x46,0x1F,0x46,0x1F,0x46,0xFF,0x3D,0xFF,0x3D,0xFF,0x3D,0xDF,0x35,
  0xDF,0x35,0xBF,0x35,0xBF,0x2D,0xBF,0x2D,0x9F,0x2D,0x9F,0x2D,0x9F,0x2D,0x7F,0x25,
  0x7F,0x25,0x7F,0x25,0x5F,0x25,0x5F,0x25,0x5F,0x25,0x5F,0x25,0x3F,0x25,0x3F,0x25,
  0x3F,0x25,0x3F,0x25,0x3F,0x25,0x3F,0x25,0x1F,0x25,0x1E,0x25,0x1E,0x25,0x1E,0x25,
  0x1E,0x25,0x1E,0x25,0x1E,0x25,0x1E,0x25,0x1E,0x25,0x1E,0x25,0x1E,0x25,0x1E,0x25,
  0x1E,0x25,0x1E,0x25,0x1E,0x25,0x3E,0x25,0x3F,0x25,0x3F,0x25,0x3F,0x25,0x3F,0x25,
  0x5F,0x25,0x5F,0x2D,0x5F,0x2D,0x7F,0x2D,0x7F,0x2D,0x7F,0x2D,0x7F,0x35,0x9F,0x35,
  0x9F,0x35,0xBF,0x35,0xBF,0x3D,0xBF,0x3D,0xDF,0x3D,0xDF,0x45,0xFF,0x45,0xFF,0x45,
  0x1F,0x4E,0x1F,0x4E,0x3F,0x56,0x3F,0x56,0x3F,0x5E,0x5F,0x5E,0x5F,0x66,0x7F,0x66,
  0x7F,0x6E,0x9F,0x6E,0x9F,0x76,0xBF,0x76,0xBF,0x7E,0xDF,0x7E,0xDF,0x86,0xFF,0x86,
  0xFF,0x8E,0xFF,0x96,0x1F,0x97,0x1F,0x9F,0x3F,0x9F,0x3F,0xA7,0x3F,0xAF,0x5F,0xAF,
  0x5F,0xB7,0x5F,0xBF,0x7F,0xBF,0x7F,0xC7,0x7F,0xC7,0x9F,0xCF,0x9F,0xCF,0x9F,0xD7,
  0xFF,0x8E,0xFF,0x8E,0xFF,0x86,0xDF,0x7E,0xDF,0x7E,0xDF,0x76,0xBF,0x76,0xBF,0x6E,
  0x9F,0x66,0x9F,0x66,0x9F,0x5E,0x7F,0x5E,0x7F,0x56,0x5F,0x56,0x5F,0x56,0x3F,0x4E,
  0x3F,0x4E,0x1F,0x46,0x1F,0x46,0xFF,0x45,0xFF,0x3D,0xFF,0x3D,0xDF,0x35,0xDF,0x35,
  0xDF,0x35,0xBF,0x35,0xBF,0x2D,0x9F,0x2D,0x9F,0x2D,0x9F,0x2D,0x7F,0x25,0x7F,0x25,
  0x7F,0x25,0x7F,0x25,0x5F,0x25,0x5F,0x25,0x5F,0x25,0x5F,0x25,0x3F,0x25,0x3F,0x25,
  0x3F,0x25,0x3F,0x25,0x3F,0x25,0x1F,0x25,0x1E,0x25,0x1E,0x25,0x1E,0x25,0x1E,0x25,
  0x1E,0x25,0x1E,0x25,0x1E,0x25,0x1E,0x25,0x1E,0x25,0x1E,0x25,0x1E,0x25,0x1E,0x25,
  0x1E,0x25,0x1E,0x25,0x1E,0x25,0x1E,0x25,0x3F,0x25,0x3F,0x25,0x3F,0x25,0x3F,0x25,
  0x5F,0x25,0x5F,0x25,0x5F,0x2D,0x5F,0x2D,0x7F,0x2D,0x7F,0x2D,0x7F,0x2D,0x9F,0x35,
  0x9F,0x35,0x9F,0x35,0xBF,0x35,0xBF,0x3D,0xDF,0x3D,0xDF,0x3D,0xFF,0x45,0xFF,0x45,
  0xFF,0x4D,0x1F,0x4E,0x1F,0x56,0x3F,0x56,0x3F,0x56,0x5F,0x5E,0x5F,0x5E,0x7F,0x66,
  0x7F,0x66,0x9F,0x6E,0x9F,0x6E,0xBF,0x76,0xBF,0x76,0xDF,0x7E,0xDF,0x86,0xDF,0x86,
  0xFF,0x8E,0xFF,0x96,0x1F,0x97,0x1F,0x9F,0x3F,0x9F,0x3F,0xA7,0x3F,0xAF,0x5F,0xAF,
  0x5F,0xB7,0x5F,0xB7,0x7F,0xBF,0x7F,0xC7,0x7F,0xC7,0x9F,0xCF,0x9F,0xCF,0x9F,0xD7,
  0xFF,0x8E,0xFF,0x8E,0xFF,0x86,0xDF,0x7E,0xDF,0x7E,0xBF,0x76,0xBF,0x6E,0xBF,0x6E,
  0x9F,0x66,0x9F,0x66,0x7F,0x5E,0x7F,0x5E,0x7F,0x56,0x5F,0x56,0x5F,0x4E,0x3F,0x4E,
  0x3F,0x4E,0x1F,0x46,0x1F,0x46,0x1F,0x3E,0xFF,0x3D,0xFF,0x3D,0xDF,0x35,0xDF,0x35,
  0xBF,0x35,0xBF,0x2D,0xBF,0x2D,0x9F,0x2D,0x9F,0x2D,0x9F,0x2D,0x7F,0x25,0x7F,0x25,
  0x7F,0x25,0x5F,0x25,0x5F,0x25,0x5F,0x25,0x5F,0x25,0x3F,0x25,0x3F,0x25,0x3F,0x25,
  0x3F,0x25,0x3F,0x25,0x3F,0x25,0x1F,0x25,0x1E,0x25,0x1E,0x25,0x1E,0x25,0x1E,0x25,
  0x1E,0x25,0x1E,0x25,0xFE,0x24,0xFE,0x24,0xFE,0x24,0xFE,0x24,0x1E,0x25,0x1E,0x25,
  0x1E,0x25,0x1E,0x25,0x1E,0x25,0x1E,0x25,0x1E,0x25,0x3F,0x25,0x3F,0x25,0x3F,0x25,
  0x5F,0x25,0x5F,0x2D,0x5F,0x2D,0x5F,0x2D,0x7F,0x2D,0x7F,0x2D,0x7F,0x2D,0x9F,0x35,
  0x9F,0x35,0x9F,0x35,0xBF,0x35,0xBF,0x3D,0xDF,0x3D,0xDF,0x3D,0xDF,0x45,0xFF,0x45,
  0xFF,0x45,0x1F,0x4E,0x1F,0x4E,0x3F,0x56,0x3F,0x56,0x5F,0x5E,0x5F,0x5E,0x7F,0x66,
  0x7F,0x66,0x9F,0x6E,0x9F,0x6E,0xBF,0x76,0xBF,0x76,0xDF,0x7E,0xDF,0x86,0xDF,0x86,
  0xFF,0x8E,0xFF,0x8E,0x1F,0x97,0x1F,0x9F,0x1F,0x9F,0x3F,0xA7,0x3F,0xA7,0x5F,0xAF,
  0x5F,0xB7,0x5F,0xB7,0x7F,0xBF,0x7F,0xBF,0x7F,0xC7,0x7F,0xCF,0x9F,0xCF,0x9F,0xD7,
  0xFF,0x8E,0xFF,0x86,0xDF,0x86,0xDF,0x7E,0xDF,0x7E,0xBF,0x76,0xBF,0x6E,0xBF,0x6E,
  0x9F,0x66,0x9F,0x66,0x7F,0x5E,0x7F,0x5E,0x7F,0x56,0x5F,0x56,0x5F,0x4E,0x3F,0x4E,
  0x3F,0x46,0x1F,0x46,0x1F,0x46,0xFF,0x3D,0xFF,0x3D,0xFF,0x3D,0xDF,0x35,0xDF,0x35,
  0xBF,0x35,0xBF,0x2D,0xBF,0x2D,0x9F,0x2D,0x9F,0x2D,0x7F,0x2D,0x7F,0x25,0x7F,0x25,
  0x7F,0x25,0x5F,0x25,0x5F,0x25,0x5F,0x25,0x5F,0x25,0x3F,0x25,0x3F,0x25,0x3F,0x25,
  0x3F,0x25,0x3F,0x25,0x3F,0x25,0x1F,0x25,0x1E,0x25,0x1E,0x25,0x1E,0x25,0x1E,0x25,
  0x1E,0x25,0xFE,0x24,0xFE,0x24,0xFE,0x24,0xFE,0x24,0xFE,0x24,0xFE,0x24,0xFE,0x24,
  0x1E,0x25,0x1E,0x25,0x1E,0x25,0x1E,0x25,0x1E,0x25,0x3F,0x25,0x3F,0x25,0x3F,0x25,
  0x3F,0x25,0x5F,0x25,0x5F,0x2D,0x5F,0x2D,0x7F,0x2D,0x7F,0x2D,0x7F,0x2D,0x9F,0x35,
  0x9F,0x35,0x9F,0x35,0xBF,0x35,0xBF,0x3D,0xBF,0x3D,0xDF,0x3D,0xDF,0x45,0xFF,0x45,
  0xFF,0x45,0x1F,0x4E,0x1F,0x4E,0x3F,0x56,0x3F,0x56,0x5F,0x5E,0x5F,0x5E,0x7F,0x66,
  0x7F,0x66,0x9F,0x6E,0x9F,0x6E,0x9F,0x76,0xBF,0x7E,0xBF,0x7E,0xDF,0x7E,0xDF,0x86,
  0xFF,0x8E,0xFF,0x8E,0x1F,0x97,0x1F,0x9F,0x1F,0x9F,0x3F,0xA7,0x3F,0xA7,0x5F,0xAF,
  0x5F,0xB7,0x5F,0xB7,0x7F,0xBF,0x7F,0xBF,0x7F,0xC7,0x7F,0xCF,0x9F,0xCF,0x9F,0xD7,
  0x1F,0x97,0xFF,0x86,0xFF,0x86,0xDF,0x7E,0xDF,0x76,0xBF,0x76,0xBF,0x6E,0xBF,0x6E,
  0x9F,0x66,0x9F,0x66,0x7F,0x5E,0x7F,0x5E,0x5F,0x56,0x5F,0x56,0x3F,0x4E,0x3F,0x4E,
  0x3F,0x46,0x1F,0x46,0x1F,0x46,0xFF,0x3D,0xFF,0x3D,0xFF,0x3D,0xDF,0x35,0xDF,0x35,
  0xBF,0x35,0xBF,0x2D,0x9F,0x2D,0x9F,0x2D,0x9F,0x2D,0x9F,0x2D,0x7F,0x25,0x7F,0x25,
  0x7F,0x25,0x5F,0x25,0x5F,0x25,0x5F,0x25,0x5F,0x25,0x3F,0x25,0x3F,0x25,0x3F,0x25,
  0x3F,0x25,0x3F,0x25,0x1F,0x25,0x1F,0x25,0x1E,0x25,0x1E,0x25,0x1E,0x25,0x1E,0x25,
  0xFE,0x24,0xFE,0x24,0xFE,0x24,0xFE,0x24,0xFE,0x24,0xFE,0x24,0xFE,0x24,0xFE,0x24,
  0x1E,0x25,0x1E,0x25,0x1E,0x25,0x1E,0x25,0x1E,0x25,0x1E,0x25,0x3F,0x25,0x3F,0x25,
  0x3F,0x25,0x5F,0x25,0x5F,0x2D,0x5F,0x2D,0x7F,0x2D,0x7F,0x2D,0x7F,0x2D,0x9F,0x35,
  0x9F,0x35,0x9F,0x35,0xBF,0x35,0xBF,0x3D,0xBF,0x3D,0xDF,0x3D,0xDF,0x3D,0xFF,0x45,
  0xFF,0x45,0x1F,0x4E,0x1F,0x4E,0x3F,0x56,0x3F,0x56,0x5F,0x5E,0x5F,0x5E,0x7F,0x66,
  0x7F,0x66,0x9F,0x6E,0x9F,0x6E,0x9F,0x76,0xBF,0x76,0xBF,0x7E,0xDF,0x7E,0xDF,0x86,
  0xFF,0x8E,0xFF,0x8E,0x1F,0x97,0x1F,0x9F,0x1F,0x9F,0x3F,0xA7,0x3F,0xA7,0x3F,0xAF,
  0x5F,0xB7,0x5F,0xB7,0x5F,0xBF,0x7F,0xBF,0x7F,0xC7,0x9F,0xCF,0x9F,0xCF,0x9F,0xD7,
  0x1F,0x9F,0xDF,0x86,0xDF,0x7E,0xDF,0x7E,0xBF,0x76,0xBF,0x76,0xBF,0x6E,0x9F,0x6E,
  0x9F,0x66,0x9F,0x66,0x7F,0x5E,0x7F,0x56,0x5F,0x56,0x5F,0x56,0x5F,0x4E,0x3F,0x4E,
  0x3F,0x46,0x1F,0x46,0x1F,0x46,0xFF,0x3D,0xFF,0x3D,0xDF,0x3D,0xDF,0x35,0xDF,0x35,
  0xBF,0x35,0xBF,0x2D,0x9F,0x2D,0x9F,0x2D,0x9F,0x2D,0x7F,0x25,0x7F,0x25,0x7F,0x25,
  0x7F,0x25,0x5F,0x25,0x5F,0x25,0x5F,0x25,0x5F,0x25,0x3F,0x25,0x3F,0x25,0x3F,0x25,
  0x3F,0x25,0x3F,0x25,0x1F,0x25,0x1F,0x25,0x1E,0x25,0x1E,0x25,0x1E,0x25,0x1E,0x25,
  0x1E,0x25,0xFE,0x24,0xFE,0x24,0xFE,0x24,0xFE,0x24,0xFE,0x24,0xFE,0x24,0xFE,0x24,
  0x1E,0x25,0x1E,0x25,0x1E,0x25,0x1E,0x25,0x1E,0x25,0x1E,0x25,0x3F,0x25,0x3F,0x25,
  0x3F,0x25,0x5F,0x25,0x5F,0x25,0x5F,0x2D,0x5F,0x2D,0x7F,0x2D,0x7F,0x2D,0x7F,0x2D,
  0x9F,0x35,0x9F,0x35,0xBF,0x35,0xBF,0x35,0xBF,0x3D,0xDF,0x3D,0xDF,0x3D,0xFF,0x45,
  0xFF,0x45,0x1F,0x4E,0x1F,0x4E,0x3F,0x56,0x3F,0x56,0x5F,0x5E,0x5F,0x5E,0x5F,0x66,
  0x7F,0x66,0x7F,0x6E,0x9F,0x6E,0x9F,0x76,0xBF,0x76,0xBF,0x7E,0xDF,0x7E,0xDF,0x86,
  0xFF,0x86,0xFF,0x8E,0xFF,0x96,0x1F,0x97,0x1F,0x9F,0x3F,0xA7,0x3F,0xA7,0x3F,0xAF,
  0x5F,0xAF,0x5F,0xB7,0x5F,0xBF,0x7F,0xBF,0x7F,0xC7,0x7F,0xC7,0x9F,0xCF,0x9F,0xD7,
  0x3F,0xAF,0xFF,0x86,0xDF,0x86,0xDF,0x7E,0xDF,0x76,0xBF,0x76,0xBF,0x6E,0x9F,0x66,
  0x9F,0x66,0x9F,0x5E,0x7F,0x5E,0x7F,0x56,0x5F,0x56,0x5F,0x56,0x3F,0x4E,0x3F,0x4E,
  0x3F,0x46,0x1F,0x46,0x1F,0x46,0xFF,0x3D,0xFF,0x3D,0xDF,0x35,0xDF,0x35,0xDF,0x35,
  0xBF,0x35,0xBF,0x2D,0x9F,0x2D,0x9F,0x2D,0x9F,0x2D,0x7F,0x25,0x7F,0x25,0x7F,0x25,
  0x7F,0x25,0x5F,0x25,0x5F,0x25,0x5F,0x25,0x3F,0x25,0x3F,0x25,0x3F,0x25,0x3F,0x25,
  0x3F,0x25,0x3F,0x25,0x1F,0x25,0x1E,0x25,0x1E,0x25,0x1E,0x25,0x1E,0x25,0x1E,0x25,
  0xFE,0x24,0xFE,0x24,0xFE,0x24,0xFE,0x24,0xFE,0x24,0xFE,0x24,0xFE,0x24,0xFE,0x24,
  0xFE,0x24,0x1E,0x25,0x1E,0x25,0x1E,0x25,0x1F,0x25,0x1F,0x25,0x3F,0x25,0x3F,0x25,
  0x3F,0x25,0x3F,0x25,0x5F,0x2D,0x5F,0x2D,0x5F,0x2D,0x7F,0x2D,0x7F,0x2D,0x7F,0x2D,
  0x9F,0x35,0x9F,0x35,0x9F,0x35,0xBF,0x35,0xBF,0x3D,0xDF,0x3D,0xDF,0x3D,0xFF,0x45,
  0xFF,0x45,0x1F,0x4E,0x1F,0x4E,0x3F,0x4E,0x3F,0x56,0x3F,0x56,0x5F,0x5E,0x5F,0x5E,
  0x7F,0x66,0x7F,0x66,0x9F,0x6E,0x9F,0x76,0xBF,0x76,0xBF,0x7E,0xDF,0x7E,0xDF,0x86,
  0xFF,0x86,0xFF,0x8E,0xFF,0x96,0x1F,0x97,0x1F,0x9F,0x3F,0xA7,0x3F,0xA7,0x3F,0xAF,
  0x5F,0xAF,0x5F,0xB7,0x5F,0xBF,0x7F,0xBF,0x7F,0xC7,0x7F,0xC7,0x9F,0xCF,0x9F,0xDF,
  0x5F,0xC7,0xDF,0x7E,0xDF,0x86,0xDF,0x7E,0xDF,0x76,0xBF,0x76,0xBF,0x6E,0x9F,0x66,
  0x9F,0x66,0x9F,0x5E,0x7F,0x5E,0x7F,0x56,0x5F,0x56,0x5F,0x4E,0x3F,0x4E,0x3F,0x4E,
  0x3F,0x46,0x1F,0x46,0x1F,0x3E,0xFF,0x3D,0xFF,0x3D,0xDF,0x35,0xDF,0x35,0xDF,0x35,
  0xBF,0x35,0xBF,0x2D,0x9F,0x2D,0x9F,0x2D,0x9F,0x2D,0x7F,0x25,0x7F,0x25,0x7F,0x25,
  0x5F,0x25,0x5F,0x25,0x5F,0x25,0x5F,0x25,0x5F,0x25,0x3F,0x25,0x3F,0x25,0x3F,0x25,
  0x3F,0x25,0x3F,0x25,0x1F,0x25,0x1F,0x25,0x1E,0x25,0x1E,0x25,0x1E,0x25,0x1E,0x25,
  0xFE,0x24,0xFE,0x24,0xFE,0x24,0xFE,0x24,0xFE,0x24,0xFE,0x24,0xFE,0x24,0xFE,0x24,
  0x1E,0x25,0x1E,0x25,0x1E,0x25,0x1E,0x25,0x1F,0x25,0x1F,0x25,0x3F,0x25,0x3F,0x25,
  0x3F,0x25,0x5F,0x25,0x5F,0x25,0x5F,0x2D,0x5F,0x2D,0x7F,0x2D,0x7F,0x2D,0x7F,0x2D,
  0x9F,0x35,0x9F,0x35,0x9F,0x35,0xBF,0x35,0xBF,0x3D,0xDF,0x3D,0xDF,0x3D,0xFF,0x45,
  0xFF,0x45,0x1F,0x4E,0x1F,0x4E,0x1F,0x4E,0x3F,0x56,0x5F,0x56,0x5F,0x5E,0x5F,0x5E,
  0x7F,0x66,0x7F,0x66,0x9F,0x6E,0x9F,0x6E,0xBF,0x76,0xBF,0x76,0xDF,0x7E,0xDF,0x86,
  0xFF,0x8E,0xFF,0x8E,0x1F,0x97,0x1F,0x97,0x1F,0x9F,0x3F,0xA7,0x3F,0xA7,0x3F,0xAF,
  0x5F,0xAF,0x5F,0xB7,0x5F,0xBF,0x7F,0xBF,0x7F,0xC7,0x7F,0xC7,0x9F,0xCF,0x9F,0xE7,
  0x7E,0xDF,0xFF,0x86,0xDF,0x7E,0xDF,0x7E,0xDF,0x76,0xBF,0x76,0xBF,0x6E,0x9F,0x66,
  0x9F,0x66,0x9F,0x5E,0x7F,0x5E,0x7F,0x56,0x5F,0x56,0x5F,0x56,0x3F,0x4E,0x3F,0x4E,
  0x3F,0x46,0x1F,0x46,0x1F,0x3E,0xFF,0x3D,0xFF,0x3D,0xDF,0x35,0xDF,0x35,0xBF,0x35,
  0xBF,0x2D,0xBF,0x2D,0x9F,0x2D,0x9F,0x2D,0x9F,0x2D,0x7F,0x25,0x7F,0x25,0x7F,0x25,
  0x5F,0x25,0x5F,0x25,0x5F,0x25,0x5F,0x25,0x5F,0x25,0x3F,0x25,0x3F,0x25,0x3F,0x25,
  0x3F,0x25,0x3F,0x25,0x1F,0x25,0x1F,0x25,0x1E,0x25,0x1E,0x25,0x1E,0x25,0x1E,0x25,
  0x1E,0x25,0xFE,0x24,0xFE,0x24,0xFE,0x24,0xFE,0x24,0xFE,0x24,0xFE,0x24,0xFE,0x24,
  0x1E,0x25,0x1E,0x25,0x1E,0x25,0x1E,0x25,0x1E,0x25,0x1F,0x25,0x3F,0x25,0x3F,0x25,
  0x3F,0x25,0x5F,0x25,0x5F,0x25,0x5F,0x2D,0x5F,0x2D,0x7F,0x2D,0x7F,0x2D,0x7F,0x2D,
  0x9F,0x35,0x9F,0x35,0xBF,0x35,0xBF,0x35,0xBF,0x3D,0xDF,0x3D,0xDF,0x3D,0xFF,0x45,
  0xFF,0x45,0x1F,0x4E,0x1F,0x4E,0x1F,0x56,0x3F,0x56,0x5F,0x56,0x5F,0x5E,0x5F,0x5E,
  0x7F,0x66,0x7F,0x66,0x9F,0x6E,0x9F,0x6E,0xBF,0x76,0xBF,0x7E,0xDF,0x7E,0xDF,0x86,
  0xDF,0x86,0xFF,0x8E,0xFF,0x96,0x1F,0x97,0x1F,0x9F,0x3F,0xA7,0x3F,0xA7,0x3F,0xAF,
  0x5F,0xAF,0x5F,0xB7,0x5F,0xBF,0x7F,0xBF,0x7F,0xC7,0x7F,0xC7,0x9F,0xCF,0xBE,0xEF,
  0xBE,0xF7,0x1F,0x97,0xDF,0x7E,0xDF,0x7E,0xDF,0x76,0xBF,0x76,0xBF,0x6E,0x9F,0x66,
  0x9F,0x66,0x9F,0x5E,0x7F,0x5E,0x7F,0x56,0x5F,0x56,0x5F,0x4E,0x3F,0x4E,0x3F,0x4E,
  0x1F,0x46,0x1F,0x46,0x1F,0x3E,0xFF,0x3D,0xFF,0x3D,0xDF,0x35,0xDF,0x35,0xDF,0x35,
  0xBF,0x2D,0xBF,0x2D,0x9F,0x2D,0x9F,0x2D,0x9F,0x25,0x7F,0x25,0x7F,0x25,0x7F,0x25,
  0x5F,0x25,0x5F,0x25,0x5F,0x25,0x5F,0x25,0x3F,0x25,0x3F,0x25,0x3F,0x25,0x3F,0x25,
  0x3F,0x25,0x3F,0x25,0x1F,0x25,0x1F,0x25,0x1E,0x25,0x1E,0x25,0x1E,0x25,0x1E,0x25,
  0x1E,0x25,0xFE,0x24,0xFE,0x24,0xFE,0x24,0xFE,0x24,0xFE,0x24,0xFE,0x24,0xFE,0x24,
  0x1E,0x25,0x1E,0x25,0x1E,0x25,0x1E,0x25,0x1E,0x25,0x1F,0x25,0x3F,0x25,0x3F,0x25,
  0x3F,0x25,0x3F,0x25,0x5F,0x25,0x5F,0x2D,0x5F,0x2D,0x7F,0x2D,0x7F,0x2D,0x7F,0x2D,
  0x9F,0x35,0x9F,0x35,0x9F,0x35,0xBF,0x35,0xBF,0x3D,0xDF,0x3D,0xDF,0x3D,0xFF,0x45,
  0xFF,0x45,0x1F,0x46,0x1F,0x4E,0x1F,0x4E,0x3F,0x56,0x3F,0x56,0x5F,0x5E,0x7F,0x5E,
  0x7F,0x66,0x7F,0x66,0x9F,0x6E,0x9F,0x6E,0xBF,0x76,0xBF,0x7E,0xDF,0x7E,0xDF,0x86,
  0xFF,0x86,0xFF,0x8E,0xFF,0x96,0x1F,0x97,0x1F,0x9F,0x3F,0x9F,0x3F,0xA7,0x3F,0xAF,
  0x5F,0xAF,0x5F,0xB7,0x5F,0xBF,0x7F,0xBF,0x7F,0xC7,0x7F,0xC7,0x9F,0xD7,0xBE,0xF7,
  0xBE,0xFF,0x3F,0xB7,0xDF,0x76,0xDF,0x7E,0xBF,0x76,0xBF,0x6E,0xBF,0x6E,0x9F,0x66,
  0x9F,0x66,0x7F,0x5E,0x7F,0x5E,0x7F,0x56,0x5F,0x56,0x5F,0x4E,0x3F,0x4E,0x3F,0x46,
  0x1F,0x46,0x1F,0x46,0x1F,0x3E,0xFF,0x3D,0xFF,0x3D,0xDF,0x35,0xDF,0x35,0xBF,0x35,
  0xBF,0x2D,0xBF,0x2D,0x9F,0x2D,0x9F,0x2D,0x9F,0x25,0x7F,0x25,0x7F,0x25,0x7F,0x25,
  0x7F,0x25,0x5F,0x25,0x5F,0x25,0x5F,0x25,0x5F,0x25,0x3F,0x25,0x3F,0x25,0x3F,0x25,
  0x3F,0x25,0x3F,0x25,0x1F,0x25,0x1F,0x25,0x1F,0x25,0x1E,0x25,0x1E,0x25,0x1E,0x25,
  0x1E,0x25,0x1E,0x25,0x1E,0x25,0xFE,0x24,0x1E,0x25,0x1E,0x25,0x1E,0x25,0x1E,0x25,
  0x1E,0x25,0x1E,0x25,0x1E,0x25,0x1E,0x25,0x1E,0x25,0x3F,0x25,0x3F,0x25,0x3F,0x25,
  0x3F,0x25,0x5F,0x25,0x5F,0x25,0x5F,0x2D,0x7F,0x2D,0x7F,0x2D,0x7F,0x2D,0x7F,0x2D,
  0x9F,0x35,0x9F,0x35,0x9F,0x35,0xBF,0x35,0xBF,0x3D,0xDF,0x3D,0xDF,0x3D,0xDF,0x45,
  0xFF,0x45,0x1F,0x4E,0x1F,0x4E,0x3F,0x4E,0x3F,0x56,0x5F,0x56,0x5F,0x5E,0x7F,0x5E,
  0x7F,0x66,0x7F,0x66,0x9F,0x6E,0x9F,0x6E,0xBF,0x76,0xBF,0x7E,0xDF,0x7E,0xDF,0x86,
  0xFF,0x86,0xFF,0x8E,0x1F,0x97,0x1F,0x97,0x1F,0x9F,0x3F,0xA7,0x3F,0xA7,0x3F,0xAF,
  0x5F,0xAF,0x5F,0xB7,0x5F,0xBF,0x7F,0xBF,0x7F,0xC7,0x7F,0xC7,0x9F,0xDF,0xBE,0xFF,
  0xBE,0xFF,0x9E,0xDF,0xDF,0x7E,0xDF,0x7E,0xBF,0x76,0xBF,0x6E,0xBF,0x6E,0x9F,0x66,
  0x9F,0x66,0x9F,0x5E,0x7F,0x5E,0x7F,0x56,0x5F,0x56,0x5F,0x4E,0x3F,0x4E,0x3F,0x4E,
  0x3F,0x46,0x1F,0x46,0x1F,0x3E,0xFF,0x3D,0xFF,0x3D,0xDF,0x35,0xDF,0x35,0xBF,0x35,
  0xBF,0x2D,0xBF,0x2D,0x9F,0x2D,0x9F,0x2D,0x9F,0x25,0x7F,0x25,0x7F,0x25,0x7F,0x25,
  0x7F,0x25,0x5F,0x25,0x5F,0x25,0x5F,0x25,0x5F,0x25,0x3F,0x25,0x3F,0x25,0x3F,0x25,
  0x3F,0x25,0x3F,0x25,0x3F,0x25,0x1F,0x25,0x1F,0x25,0x1F,0x25,0x1E,0x25,0x1E,0x25,
  0x1E,0x25,0x1E,0x25,0x1E,0x25,0x1E,0x25,0x1E,0x25,0x1E,0x25,0x1E,0x25,0x1E,0x25,
  0x1E,0x25,0x1E,0x25,0x1E,0x25,0x1F,0x25,0x1F,0x25,0x3F,0x25,0x3F,0x25,0x3F,0x25,
  0x3F,0x25,0x5F,0x25,0x5F,0x25,0x5F,0x25,0x7F,0x2D,0x7F,0x2D,0x7F,0x2D,0x7F,0x2D,
  0x9F,0x35,0x9F,0x35,0xBF,0x35,0xBF,0x35,0xBF,0x3D,0xDF,0x3D,0xDF,0x3D,0xFF,0x45,
  0xFF,0x45,0x1F,0x4E,0x1F,0x4E,0x1F,0x4E,0x3F,0x56,0x5F,0x56,0x5F,0x5E,0x5F,0x5E,
  0x7F,0x66,0x7F,0x66,0x9F,0x6E,0x9F,0x6E,0xBF,0x76,0xBF,0x7E,0xDF,0x7E,0xDF,0x86,
  0xFF,0x86,0xFF,0x8E,0xFF,0x96,0x1F,0x97,0x1F,0x9F,0x1F,0x9F,0x3F,0xA7,0x3F,0xAF,
  0x5F,0xAF,0x5F,0xB7,0x5F,0xBF,0x7F,0xBF,0x7F,0xC7,0x7F,0xC7,0xBE,0xEF,0xBE,0xF7,
  0xDF,0xF7,0xBE,0xFF,0x1F,0xA7,0xBF,0x76,0xDF,0x76,0xBF,0x6E,0xBF,0x6E,0x9F,0x66,
  0x9F,0x66,0x7F,0x5E,0x7F,0x5E,0x7F,0x56,0x5F,0x56,0x5F,0x4E,0x3F,0x4E,0x3F,0x46,
  0x3F,0x46,0x1F,0x46,0x1F,0x3E,0xFF,0x3D,0xFF,0x3D,0xDF,0x35,0xDF,0x35,0xDF,0x35,
  0xBF,0x2D,0xBF,0x2D,0x9F,0x2D,0x9F,0x2D,0x9F,0x25,0x7F,0x25,0x7F,0x25,0x7F,0x25,
  0x7F,0x25,0x5F,0x25,0x5F,0x25,0x5F,0x25,0x5F,0x25,0x3F,0x25,0x3F,0x25,0x3F,0x25,
  0x3F,0x25,0x3F,0x25,0x3F,0x25,0x3F,0x25,0x1F,0x25,0x1F,0x25,0x1E,0x25,0x1E,0x25,
  0x1E,0x25,0x1E,0x25,0x1E,0x25,0x1E,0x25,0x1E,0x25,0x1E,0x25,0x1E,0x25,0x1E,0x25,
  0x1E,0x25,0x1E,0x25,0x1E,0x25,0x1F,0x25,0x1F,0x25,0x3F,0x25,0x3F,0x25,0x3F,0x25,
  0x3F,0x25,0x5F,0x25,0x5F,0x25,0x5F,0x2D,0x7F,0x2D,0x7F,0x2D,0x7F,0x2D,0x7F,0x2D,
  0x9F,0x2D,0x9F,0x35,0xBF,0x35,0xBF,0x35,0xBF,0x3D,0xDF,0x3D,0xDF,0x3D,0xFF,0x45,
  0xFF,0x45,0x1F,0x46,0x1F,0x4E,0x3F,0x4E,0x3F,0x56,0x5F,0x56,0x5F,0x5E,0x5F,0x5E,
  0x7F,0x66,0x7F,0x66,0x9F,0x6E,0x9F,0x6E,0xBF,0x76,0xBF,0x7E,0xDF,0x7E,0xDF,0x86,
  0xFF,0x86,0xFF,0x8E,0xFF,0x96,0x1F,0x97,0x1F,0x9F,0x3F,0x9F,0x3F,0xA7,0x3F,0xAF,
  0x5F,0xAF,0x5F,0xB7,0x5F,0xB7,0x7F,0xBF,0x7F,0xBF,0x9F,0xD7,0xBE,0xF7,0xDF,0xF7,
  0xDF,0xF7,0xBE,0xFF,0x7E,0xDF,0xDF,0x76,0xDF,0x76,0xBF,0x6E,0xBF,0x6E,0x9F,0x66,
  0x9F,0x66,0x9F,0x5E,0x7F,0x5E,0x7F,0x56,0x5F,0x56,0x5F,0x4E,0x3F,0x4E,0x3F,0x46,
  0x3F,0x46,0x1F,0x46,0x1F,0x3E,0xFF,0x3D,0xFF,0x3D,0xDF,0x35,0xDF,0x35,0xDF,0x35,
  0xBF,0x2D,0xBF,0x2D,0xBF,0x2D,0x9F,0x2D,0x9F,0x25,0x7F,0x25,0x7F,0x25,0x7F,0x25,
  0x7F,0x25,0x7F,0x25,0x5F,0x25,0x5F,0x25,0x5F,0x25,0x5F,0x25,0x5F,0x25,0x3F,0x25,
  0x3F,0x25,0x3F,0x25,0x3F,0x25,0x3F,0x25,0x1F,0x25,0x1F,0x25,0x1F,0x25,0x1F,0x25,
  0x1E,0x25,0x1E,0x25,0x1E,0x25,0x1E,0x25,0x1E,0x25,0x1E,0x25,0x1E,0x25,0x1E,0x25,
  0x1E,0x25,0x1E,0x25,0x1F,0x25,0x1F,0x25,0x3F,0x25,0x3F,0x25,0x3F,0x25,0x3F,0x25,
  0x5F,0x25,0x5F,0x25,0x5F,0x25,0x5F,0x2D,0x7F,0x2D,0x7F,0x2D,0x7F,0x2D,0x9F,0x2D,
  0x9F,0x35,0x9F,0x35,0xBF,0x35,0xBF,0x35,0xBF,0x3D,0xDF,0x3D,0xDF,0x3D,0xFF,0x45,
  0xFF,0x45,0x1F,0x4E,0x1F,0x4E,0x3F,0x4E,0x3F,0x56,0x5F,0x56,0x5F,0x5E,0x5F,0x5E,
  0x7F,0x66,0x9F,0x66,0x9F,0x6E,0x9F,0x6E,0xBF,0x76,0xBF,0x7E,0xDF,0x7E,0xDF,0x86,
  0xFF,0x86,0xFF,0x8E,0xFF,0x96,0x1F,0x97,0x1F,0x9F,0x3F,0x9F,0x3F,0xA7,0x3F,0xAF,
  0x5F,0xAF,0x5F,0xB7,0x5F,0xBF,0x7F,0xBF,0x7F,0xC7,0x9F,0xEF,0xBE,0xF7,0xDF,0xF7,
  0xDF,0xF7,0xBE,0xF7,0xBE,0xFF,0x1F,0xA7,0xBF,0x6E,0xBF,0x76,0xBF,0x6E,0x9F,0x66,
  0x9F,0x66,0x7F,0x5E,0x7F,0x5E,0x7F,0x56,0x5F,0x56,0x5F,0x4E,0x3F,0x4E,0x3F,0x4E,
  0x3F,0x46,0x1F,0x46,0x1F,0x3E,0xFF,0x3D,0xFF,0x3D,0xFF,0x35,0xDF,0x35,0xDF,0x35,
  0xBF,0x2D,0xBF,0x2D,0xBF,0x2D,0x9F,0x2D,0x9F,0x25,0x7F,0x25,0x7F,0x25,0x7F,0x25,
  0x7F,0x25,0x7F,0x25,0x5F,0x25,0x5F,0x25,0x5F,0x25,0x5F,0x25,0x5F,0x25,0x3F,0x25,
  0x3F,0x25,0x3F,0x25,0x3F,0x25,0x3F,0x25,0x3F,0x25,0x1F,0x25,0x1F,0x25,0x1F,0x25,
  0x1E,0x25,0x1E,0x25,0x1E,0x25,0x1E,0x25,0x1E,0x25,0x1E,0x25,0x1E,0x25,0x1E,0x25,
  0x1E,0x25,0x1F,0x25,0x1F,0x25,0x3F,0x25,0x3F,0x25,0x3F,0x25,0x3F,0x25,0x3F,0x25,
  0x5F,0x25,0x5F,0x25,0x5F,0x25,0x7F,0x2D,0x7F,0x2D,0x7F,0x2D,0x7F,0x2D,0x9F,0x2D,
  0x9F,0x2D,0x9F,0x35,0xBF,0x35,0xBF,0x35,0xBF,0x3D,0xDF,0x3D,0xDF,0x3D,0xFF,0x45,
  0xFF,0x45,0x1F,0x4E,0x1F,0x4E,0x3F,0x4E,0x3F,0x56,0x5F,0x56,0x5F,0x5E,0x7F,0x5E,
  0x7F,0x66,0x9F,0x66,0x9F,0x6E,0xBF,0x6E,0xBF,0x76,0xBF,0x7E,0xDF,0x7E,0xDF,0x86,
  0xFF,0x86,0xFF,0x8E,0xFF,0x96,0x1F,0x97,0x1F,0x9F,0x3F,0xA7,0x3F,0xA7,0x3F,0xAF,
  0x5F,0xAF,0x5F,0xB7,0x5F,0xBF,0x7F,0xBF,0x9F,0xD7,0xBE,0xFF,0xBE,0xF7,0xDF,0xF7,
  0xDF,0xF7,0xDF,0xF7,0xBE,0xFF,0x9E,0xEF,0xDF,0x7E,0xBF,0x6E,0xBF,0x6E,0x9F,0x66,
  0x9F,0x66,0x9F,0x5E,0x7F,0x5E,0x7F,0x56,0x5F,0x56,0x5F,0x4E,0x5F,0x4E,0x3F,0x4E,
  0x3F,0x46,0x1F,0x46,0x1F,0x3E,0xFF,0x3D,0xFF,0x3D,0xFF,0x35,0xDF,0x35,0xDF,0x35,
  0xBF,0x2D,0xBF,0x2D,0xBF,0x2D,0x9F,0x2D,0x9F,0x2D,0x9F,0x25,0x7F,0x25,0x7F,0x25,
  0x7F,0x25,0x7F,0x25,0x5F,0x25,0x5F,0x25,0x5F,0x25,0x5F,0x25,0x5F,0x25,0x3F,0x25,
  0x3F,0x25,0x3F,0x25,0x3F,0x25,0x3F,0x25,0x3F,0x25,0x3F,0x25,0x1F,0x25,0x1F,0x25,
  0x1F,0x25,0x1F,0x25,0x1E,0x25,0x1F,0x25,0x1F,0x25,0x1F,0x25,0x1F,0x25,0x1F,0x25,
  0x1F,0x25,0x1F,0x25,0x3F,0x25,0x3F,0x25,0x3F,0x25,0x3F,0x25,0x3F,0x25,0x5F,0x25,
  0x5F,0x25,0x5F,0x25,0x5F,0x25,0x7F,0x2D,0x7F,0x2D,0x7F,0x2D,0x7F,0x2D,0x9F,0x2D,
  0x9F,0x35,0x9F,0x35,0xBF,0x35,0xBF,0x35,0xBF,0x3D,0xDF,0x3D,0xFF,0x3D,0xFF,0x45,
  0xFF,0x45,0x1F,0x4E,0x1F,0x4E,0x3F,0x4E,0x3F,0x56,0x5F,0x56,0x5F,0x5E,0x7F,0x5E,
  0x7F,0x66,0x9F,0x66,0x9F,0x6E,0x9F,0x6E,0xBF,0x76,0xBF,0x7E,0xDF,0x7E,0xDF,0x86,
  0xFF,0x86,0xFF,0x8E,0x1F,0x97,0x1F,0x97,0x1F,0x9F,0x3F,0xA7,0x3F,0xA7,0x3F,0xAF,
  0x5F,0xB7,0x5F,0xB7,0x5F,0xB7,0x7F,0xC7,0xBE,0xF7,0xBE,0xF7,0xDF,0xF7,0xDF,0xF7,
  0xDF,0xF7,0xDF,0xF7,0xBE,0xF7,0xBE,0xFF,0x5F,0xCF,0xBF,0x6E,0xBF,0x6E,0x9F,0x66,
  0x9F,0x66,0x9F,0x5E,0x7F,0x5E,0x7F,0x56,0x5F,0x56,0x5F,0x4E,0x5F,0x4E,0x3F,0x4E,
  0x3F,0x46,0x1F,0x46,0x1F,0x3E,0xFF,0x3D,0xFF,0x3D,0xFF,0x35,0xDF,0x35,0xDF,0x35,
  0xDF,0x35,0xBF,0x2D,0xBF,0x2D,0x9F,0x2D,0x9F,0x2D,0x9F,0x25,0x7F,0x25,0x7F,0x25,
  0x7F,0x25,0x7F,0x25,0x5F,0x25,0x5F,0x25,0x5F,0x25,0x5F,0x25,0x5F,0x25,0x5F,0x25,
  0x3F,0x25,0x3F,0x25,0x3F,0x25,0x3F,0x25,0x3F,0x25,0x3F,0x25,0x3F,0x25,0x3F,0x25,
  0x1F,0x25,0x1F,0x25,0x1F,0x25,0x1F,0x25,0x1F,0x25,0x1F,0x25,0x1F,0x25,0x1F,0x25,
  0x3F,0x25,0x3F,0x25,0x3F,0x25,0x3F,0x25,0x3F,0x25,0x3F,0x25,0x3F,0x25,0x5F,0x25,
  0x5F,0x25,0x5F,0x25,0x5F,0x25,0x7F,0x2D,0x7F,0x2D,0x7F,0x2D,0x9F,0x2D,0x9F,0x2D,
  0x9F,0x35,0xBF,0x35,0xBF,0x35,0xBF,0x35,0xDF,0x3D,0xDF,0x3D,0xDF,0x3D,0xFF,0x45,
  0xFF,0x45,0x1F,0x4E,0x1F,0x4E,0x3F,0x56,0x3F,0x56,0x5F,0x56,0x5F,0x5E,0x7F,0x5E,
  0x7F,0x66,0x7F,0x66,0x9F,0x6E,0xBF,0x76,0xBF,0x76,0xBF,0x7E,0xDF,0x7E,0xDF,0x86,
  0xFF,0x8E,0xFF,0x8E,0x1F,0x97,0x1F,0x97,0x1F,0x9F,0x3F,0xA7,0x3F,0xA7,0x3F,0xAF,
  0x5F,0xAF,0x5F,0xB7,0x5F,0xB7,0x9F,0xE7,0xBE,0xFF,0xBE,0xF7,0xDF,0xF7,0xDF,0xF7,
  0xDF,0xF7,0xDF,0xF7,0xDF,0xF7,0xBE,0xF7,0xBE,0xFF,0x3F,0xAF,0x9F,0x66,0xBF,0x6E,
  0x9F,0x66,0x9F,0x5E,0x7F,0x5E,0x7F,0x56,0x7F,0x56,0x5F,0x4E,0x5F,0x4E,0x3F,0x4E,
  0x3F,0x46,0x1F,0x46,0x1F,0x3E,0x1F,0x3E,0xFF,0x3D,0xFF,0x35,0xDF,0x35,0xDF,0x35,
  0xDF,0x35,0xBF,0x2D,0xBF,0x2D,0x9F,0x2D,0x9F,0x2D,0x9F,0x25,0x9F,0x25,0x7F,0x25,
  0x7F,0x25,0x7F,0x25,0x7F,0x25,0x5F,0x25,0x5F,0x25,0x5F,0x25,0x5F,0x25,0x5F,0x25,
  0x5F,0x25,0x3F,0x25,0x3F,0x25,0x3F,0x25,0x3F,0x25,0x3F,0x25,0x3F,0x25,0x3F,0x25,
  0x3F,0x25,0x1F,0x25,0x1F,0x25,0x3F,0x25,0x1F,0x25,0x1F,0x25,0x3F,0x25,0x3F,0x25,
  0x3F,0x25,0x3F,0x25,0x3F,0x25,0x3F,0x25,0x3F,0x25,0x3F,0x25,0x5F,0x25,0x5F,0x25,
  0x5F,0x25,0x5F,0x25,0x7F,0x25,0x7F,0x2D,0x7F,0x2D,0x7F,0x2D,0x9F,0x2D,0x9F,0x2D,
  0x9F,0x35,0xBF,0x35,0xBF,0x35,0xBF,0x35,0xDF,0x3D,0xDF,0x3D,0xFF,0x45,0xFF,0x45,
  0x1F,0x46,0x1F,0x4E,0x1F,0x4E,0x3F,0x56,0x3F,0x56,0x5F,0x5E,0x5F,0x5E,0x7F,0x5E,
  0x7F,0x66,0x9F,0x6E,0x9F,0x6E,0xBF,0x76,0xBF,0x76,0xBF,0x7E,0xDF,0x7E,0xDF,0x86,
  0xFF,0x8E,0xFF,0x8E,0x1F,0x97,0x1F,0x97,0x1F,0x9F,0x3F,0xA7,0x3F,0xA7,0x3F,0xAF,
  0x5F,0xB7,0x5F,0xB7,0x9F,0xD7,0xBE,0xFF,0xBE,0xF7,0xDF,0xF7,0xDF,0xF7,0xDF,0xF7,
  0xDF,0xF7,0xDF,0xF7,0xDF,0xF7,0xDF,0xF7,0xBE,0xF7,0xBE,0xFF,0x1F,0x9F,0x9F,0x5E,
  0x9F,0x66,0x9F,0x5E,0x7F,0x5E,0x7F,0x56,0x5F,0x56,0x5F,0x56,0x5F,0x4E,0x3F,0x4E,
  0x3F,0x46,0x3F,0x46,0x1F,0x46,0x1F,0x3E,0xFF,0x3D,0xFF,0x35,0xDF,0x35,0xDF,0x35,
  0xDF,0x35,0xBF,0x2D,0xBF,0x2D,0xBF,0x2D,0x9F,0x2D,0x9F,0x25,0x9F,0x25,0x7F,0x25,
  0x7F,0x25,0x7F,0x25,0x7F,0x25,0x7F,0x25,0x5F,0x25,0x5F,0x25,0x5F,0x25,0x5F,0x25,
  0x5F,0x25,0x5F,0x25,0x3F,0x25,0x3F,0x25,0x3F,0x25,0x3F,0x25,0x3F,0x25,0x3F,0x25,
  0x3F,0x25,0x3F,0x25,0x3F,0x25,0x3F,0x25,0x3F,0x25,0x3F,0x25,0x3F,0x25,0x3F,0x25,
  0x3F,0x25,0x3F,0x25,0x3F,0x25,0x3F,0x25,0x3F,0x25,0x5F,0x25,0x5F,0x25,0x5F,0x25,
  0x5F,0x25,0x5F,0x25,0x7F,0x2D,0x7F,0x2D,0x7F,0x2D,0x7F,0x2D,0x9F,0x2D,0x9F,0x2D,
  0x9F,0x35,0xBF,0x35,0xBF,0x35,0xDF,0x3D,0xDF,0x3D,0xDF,0x3D,0xFF,0x45,0xFF,0x45,
  0x1F,0x46,0x1F,0x4E,0x1F,0x4E,0x3F,0x56,0x5F,0x56,0x5F,0x56,0x5F,0x5E,0x7F,0x66,
  0x7F,0x66,0x9F,0x6E,0x9F,0x6E,0xBF,0x76,0xBF,0x76,0xBF,0x7E,0xDF,0x7E,0xDF,0x86,
  0xFF,0x8E,0xFF,0x8E,0x1F,0x97,0x1F,0x97,0x1F,0x9F,0x3F,0xA7,0x3F,0xA7,0x5F,0xAF,
  0x5F,0xAF,0x7F,0xCF,0xBE,0xF7,0xBE,0xF7,0xDF,0xF7,0xDF,0xF7,0xDF,0xF7,0xDF,0xF7,
  0xDF,0xF7,0xDF,0xF7,0xDF,0xF7,0xDF,0xF7,0xDF,0xF7,0xBE,0xF7,0xBE,0xFF,0x1F,0x9F,
  0x9F,0x5E,0x9F,0x66,0x9F,0x5E,0x7F,0x56,0x7F,0x56,0x5F,0x56,0x5F,0x4E,0x3F,0x4E,
  0x3F,0x46,0x3F,0x46,0x1F,0x46,0x1F,0x3E,0xFF,0x3D,0xFF,0x3D,0xFF,0x35,0xDF,0x35,
  0xDF,0x35,0xBF,0x2D,0xBF,0x2D,0xBF,0x2D,0x9F,0x2D,0x9F,0x2D,0x9F,0x25,0x7F,0x25,
  0x7F,0x25,0x7F,0x25,0x7F,0x25,0x7F,0x25,0x7F,0x25,0x5F,0x25,0x5F,0x25,0x5F,0x25,
  0x5F,0x25,0x5F,0x25,0x3F,0x25,0x3F,0x25,0x3F,0x25,0x3F,0x25,0x3F,0x25,0x3F,0x25,
  0x3F,0x25,0x3F,0x25,0x3F,0x25,0x3F,0x25,0x3F,0x25,0x3F,0x25,0x3F,0x25,0x3F,0x25,
  0x3F,0x25,0x3F,0x25,0x3F,0x25,0x3F,0x25,0x5F,0x25,0x5F,0x25,0x5F,0x25,0x5F,0x25,
  0x5F,0x25,0x5F,0x25,0x7F,0x2D,0x7F,0x2D,0x7F,0x2D,0x9F,0x2D,0x9F,0x2D,0x9F,0x2D,
  0xBF,0x35,0xBF,0x35,0xBF,0x35,0xDF,0x3D,0xDF,0x3D,0xDF,0x3D,0xFF,0x45,0xFF,0x45,
  0x1F,0x46,0x1F,0x4E,0x3F,0x4E,0x3F,0x56,0x5F,0x56,0x5F,0x5E,0x7F,0x5E,0x7F,0x66,
  0x7F,0x66,0x9F,0x6E,0x9F,0x6E,0xBF,0x76,0xBF,0x76,0xDF,0x7E,0xDF,0x7E,0xFF,0x86,
  0xFF,0x8E,0xFF,0x8E,0x1F,0x97,0x1F,0x9F,0x1F,0x9F,0x3F,0xA7,0x3F,0xAF,0x3F,0xA7,
  0x7F,0xCF,0xBE,0xF7,0xBE,0xF7,0xDF,0xF7,0xDF,0xF7,0xDF,0xF7,0xDF,0xF7,0xDF,0xF7,
  0xDF,0xF7,0xDF,0xF7,0xDF,0xF7,0xDF,0xF7,0xDF,0xF7,0xDF,0xF7,0xBE,0xF7,0xBE,0xFF,
  0x1F,0xA7,0x7F,0x5E,0x7F,0x5E,0x7F,0x5E,0x7F,0x56,0x5F,0x56,0x5F,0x4E,0x3F,0x4E,
  0x3F,0x46,0x3F,0x46,0x1F,0x46,0x1F,0x3E,0xFF,0x3D,0xFF,0x3D,0xFF,0x35,0xDF,0x35,
  0xDF,0x35,0xDF,0x35,0xBF,0x2D,0xBF,0x2D,0xBF,0x2D,0x9F,0x2D,0x9F,0x25,0x9F,0x25,
  0x7F,0x25,0x7F,0x25,0x7F,0x25,0x7F,0x25,0x7F,0x25,0x5F,0x25,0x5F,0x25,0x5F,0x25,
  0x5F,0x25,0x5F,0x25,0x5F,0x25,0x5F,0x25,0x3F,0x25,0x3F,0x25,0x3F,0x25,0x3F,0x25,
  0x3F,0x25,0x3F,0x25,0x3F,0x25,0x3F,0x25,0x3F,0x25,0x3F,0x25,0x3F,0x25,0x3F,0x25,
  0x3F,0x25,0x3F,0x25,0x3F,0x25,0x5F,0x25,0x5F,0x25,0x5F,0x25,0x5F,0x25,0x5F,0x25,
  0x7F,0x25,0x7F,0x25,0x7F,0x2D,0x7F,0x2D,0x7F,0x2D,0x9F,0x2D,0x9F,0x2D,0x9F,0x35,
  0xBF,0x35,0xBF,0x35,0xBF,0x35,0xDF,0x3D,0xDF,0x3D,0xFF,0x3D,0xFF,0x45,0xFF,0x45,
  0x1F,0x4E,0x1F,0x4E,0x3F,0x4E,0x3F,0x56,0x5F,0x56,0x5F,0x5E,0x7F,0x5E,0x7F,0x66,
  0x7F,0x66,0x9F,0x6E,0x9F,0x6E,0xBF,0x76,0xBF,0x76,0xDF,0x7E,0xDF,0x86,0xFF,0x86,
  0xFF,0x8E,0xFF,0x8E,0x1F,0x97,0x1F,0x9F,0x3F,0xA7,0x3F,0xA7,0x3F,0xA7,0x7F,0xCF,
  0xBE,0xFF,0xBE,0xF7,0xDF,0xF7,0xDF,0xF7,0xDF,0xF7,0xDF,0xF7,0xDF,0xF7,0xDF,0xF7,
  0xDF,0xF7,0xDF,0xF7,0xDF,0xF7,0xDF,0xF7,0xDF,0xF7,0xDF,0xF7,0xDF,0xF7,0xBE,0xF7,
  0xBE,0xFF,0x5F,0xC7,0x9F,0x66,0x7F,0x4E,0x7F,0x56,0x7F,0x56,0x5F,0x4E,0x5F,0x4E,
  0x3F,0x46,0x3F,0x46,0x1F,0x46,0x1F,0x3E,0x1F,0x3E,0xFF,0x3D,0xFF,0x35,0xFF,0x35,
  0xDF,0x35,0xDF,0x35,0xBF,0x2D,0xBF,0x2D,0xBF,0x2D,0x9F,0x2D,0x9F,0x25,0x9F,0x25,
  0x9F,0x25,0x7F,0x25,0x7F,0x25,0x7F,0x25,0x7F,0x25,0x7F,0x25,0x5F,0x25,0x5F,0x25,
  0x5F,0x25,0x5F,0x25,0x5F,0x25,0x5F,0x25,0x5F,0x25,0x3F,0x25,0x3F,0x25,0x3F,0x25,
  0x3F,0x25,0x3F,0x25,0x3F,0x25,0x3F,0x25,0x3F,0x25,0x3F,0x25,0x3F,0x25,0x3F,0x25,
  0x3F,0x25,0x5F,0x25,0x5F,0x25,0x5F,0x25,0x5F,0x25,0x5F,0x25,0x5F,0x25,0x5F,0x25,
  0x7F,0x25,0x7F,0x25,0x7F,0x2D,0x7F,0x2D,0x9F,0x2D,0x9F,0x2D,0x9F,0x2D,0x9F,0x35,
  0xBF,0x35,0xBF,0x35,0xDF,0x35,0xDF,0x3D,0xDF,0x3D,0xFF,0x45,0xFF,0x45,0x1F,0x46,
  0x1F,0x4E,0x3F,0x4E,0x3F,0x4E,0x5F,0x56,0x5F,0x56,0x5F,0x5E,0x7F,0x5E,0x7F,0x66,
  0x9F,0x66,0x9F,0x6E,0xBF,0x6E,0xBF,0x76,0xBF,0x76,0xDF,0x7E,0xDF,0x86,0xFF,0x86,
  0xFF,0x8E,0x1F,0x97,0x1F,0x97,0x1F,0x9F,0x1F,0x9F,0x3F,0xAF,0x9F,0xDF,0xBE,0xFF,
  0xBE,0xF7,0xDF,0xF7,0xDF,0xF7,0xDF,0xF7,0xDF,0xF7,0xDF,0xF7,0xDF,0xF7,0xDF,0xF7,
  0xDF,0xF7,0xDF,0xF7,0xDF,0xF7,0xDF,0xF7,0xDF,0xF7,0xDF,0xF7,0xDF,0xF7,0xDF,0xF7,
  0xBE,0xF7,0xBE,0xFF,0x9E,0xE7,0xDF,0x8E,0x7F,0x56,0x5F,0x4E,0x5F,0x4E,0x5F,0x4E,
  0x3F,0x4E,0x3F,0x46,0x3F,0x46,0x1F,0x46,0x1F,0x3E,0xFF,0x3D,0xFF,0x35,0xFF,0x35,
  0xDF,0x35,0xDF,0x35,0xDF,0x2D,0xBF,0x2D,0xBF,0x2D,0xBF,0x2D,0x9F,0x2D,0x9F,0x25,
  0x9F,0x25,0x7F,0x25,0x7F,0x25,0x7F,0x25,0x7F,0x25,0x7F,0x25,0x7F,0x25,0x5F,0x25,
  0x5F,0x25,0x5F,0x25,0x5F,0x25,0x5F,0x25,0x5F,0x25,0x5F,0x25,0x5F,0x25,0x5F,0x25,
  0x5F,0x25,0x3F,0x25,0x3F,0x25,0x3F,0x25,0x3F,0x25,0x3F,0x25,0x3F,0x25,0x5F,0x25,
  0x5F,0x25,0x5F,0x25,0x5F,0x25,0x5F,0x25,0x5F,0x25,0x5F,0x25,0x5F,0x25,0x7F,0x25,
  0x7F,0x25,0x7F,0x25,0x7F,0x2D,0x7F,0x2D,0x9F,0x2D,0x9F,0x2D,0x9F,0x2D,0xBF,0x35,
  0xBF,0x35,0xBF,0x35,0xDF,0x3D,0xDF,0x3D,0xFF,0x3D,0xFF,0x45,0xFF,0x45,0x1F,0x4E,
  0x1F,0x4E,0x3F,0x4E,0x3F,0x56,0x3F,0x56,0x5F,0x5E,0x5F,0x5E,0x7F,0x5E,0x7F,0x66,
  0x9F,0x6E,0x9F,0x6E,0xBF,0x76,0xBF,0x76,0xDF,0x7E,0xDF,0x7E,0xDF,0x86,0xFF,0x8E,
  0xFF,0x8E,0x1F,0x97,0x1F,0x97,0x1F,0x9F,0x5F,0xBF,0x9E,0xEF,0xBE,0xFF,0xBE,0xF7,
  0xDF,0xF7,0xDF,0xF7,0xDF,0xF7,0xDF,0xF7,0xDF,0xF7,0xDF,0xF7,0xDF,0xF7,0xDF,0xF7,
  0xDF,0xF7,0xDF,0xF7,0xDF,0xF7,0xDF,0xF7,0xDF,0xF7,0xDF,0xF7,0xDF,0xF7,0xDF,0xF7,
  0xDF,0xF7,0xBE,0xF7,0xBE,0xFF,0xBE,0xFF,0x5F,0xCF,0xBF,0x7E,0x5F,0x4E,0x3F,0x46,
  0x3F,0x46,0x3F,0x46,0x3F,0x46,0x1F,0x46,0x1F,0x3E,0x1F,0x3E,0xFF,0x3D,0xFF,0x35,
  0xDF,0x35,0xDF,0x35,0xDF,0x35,0xBF,0x2D,0xBF,0x2D,0xBF,0x2D,0x9F,0x2D,0x9F,0x2D,
  0x9F,0x25,0x9F,0x25,0x7F,0x25,0x7F,0x25,0x7F,0x25,0x7F,0x25,0x7F,0x25,0x7F,0x25,
  0x5F,0x25,0x5F,0x25,0x5F,0x25,0x5F,0x25,0x5F,0x25,0x5F,0x25,0x5F,0x25,0x5F,0x25,
  0x5F,0x25,0x5F,0x25,0x5F,0x25,0x5F,0x25,0x5F,0x25,0x5F,0x25,0x5F,0x25,0x5F,0x25,
  0x5F,0x25,0x5F,0x25,0x5F,0x25,0x5F,0x25,0x5F,0x25,0x5F,0x25,0x7F,0x25,0x7F,0x25,
  0x7F,0x25,0x7F,0x2D,0x9F,0x2D,0x9F,0x2D,0x9F,0x2D,0x9F,0x2D,0xBF,0x35,0xBF,0x35,
  0xBF,0x35,0xDF,0x35,0xDF,0x3D,0xDF,0x3D,0xFF,0x3D,0xFF,0x45,0x1F,0x46,0x1F,0x46,
  0x1F,0x4E,0x3F,0x4E,0x3F,0x56,0x5F,0x56,0x5F,0x5E,0x7F,0x5E,0x7F,0x66,0x7F,0x66,
  0x9F,0x6E,0x9F,0x6E,0xBF,0x76,0xBF,0x76,0xDF,0x7E,0xDF,0x7E,0xDF,0x86,0xFF,0x86,
  0xFF,0x86,0xFF,0x96,0x3F,0xAF,0x9E,0xDF,0xBE,0xFF,0xBE,0xFF,0xBE,0xF7,0xDF,0xF7,
  0xDF,0xF7,0xDF,0xF7,0xDF,0xF7,0xDF,0xF7,0xDF,0xF7,0xDF,0xF7,0xDF,0xF7,0xDF,0xF7,
  0xDF,0xF7,0xDF,0xF7,0xDF,0xF7,0xDF,0xF7,0xDF,0xF7,0xDF,0xF7,0xDF,0xF7,0xDF,0xF7,
  0xDF,0xF7,0xDF,0xF7,0xDF,0xF7,0xBE,0xF7,0xBE,0xFF,0xBE,0xFF,0x7E,0xD7,0xDF,0x96,
  0x7F,0x66,0x3F,0x46,0x1F,0x3E,0x1F,0x3E,0x1F,0x3E,0x1F,0x3E,0xFF,0x3D,0xFF,0x3D,
  0xFF,0x35,0xDF,0x35,0xDF,0x35,0xDF,0x2D,0xBF,0x2D,0xBF,0x2D,0xBF,0x2D,0x9F,0x25,
  0x9F,0x25,0x9F,0x25,0x7F,0x25,0x7F,0x25,0x7F,0x25,0x7F,0x25,0x7F,0x25,0x7F,0x25,
  0x7F,0x25,0x5F,0x25,0x5F,0x25,0x5F,0x25,0x5F,0x25,0x5F,0x25,0x5F,0x25,0x5F,0x25,
  0x5F,0x25,0x5F,0x25,0x5F,0x25,0x5F,0x25,0x5F,0x25,0x5F,0x25,0x5F,0x25,0x5F,0x25,
  0x5F,0x25,0x5F,0x25,0x5F,0x25,0x5F,0x25,0x5F,0x25,0x7F,0x25,0x7F,0x25,0x7F,0x25,
  0x7F,0x2D,0x7F,0x2D,0x9F,0x2D,0x9F,0x2D,0x9F,0x2D,0xBF,0x2D,0xBF,0x35,0xBF,0x35,
  0xBF,0x35,0xDF,0x35,0xDF,0x3D,0xFF,0x3D,0xFF,0x45,0xFF,0x45,0x1F,0x46,0x1F,0x4E,
  0x3F,0x4E,0x3F,0x56,0x3F,0x56,0x5F,0x56,0x5F,0x5E,0x7F,0x5E,0x7F,0x66,0x9F,0x66,
  0x9F,0x6E,0x9F,0x6E,0xBF,0x76,0xBF,0x76,0xBF,0x76,0xDF,0x7E,0xFF,0x86,0x1F,0x97,
  0x5F,0xBF,0x9F,0xDF,0xBE,0xFF,0xBE,0xFF,0xBE,0xF7,0xDF,0xF7,0xDF,0xF7,0xDF,0xF7,
  0xDF,0xF7,0xDF,0xF7,0xDF,0xF7,0xDF,0xF7,0xDF,0xF7,0xDF,0xF7,0xDF,0xF7,0xDF,0xF7,
  0xDF,0xF7,0xDF,0xF7,0xDF,0xF7,0xDF,0xF7,0xDF,0xF7,0xDF,0xF7,0xDF,0xF7,0xDF,0xF7,
  0xDF,0xF7,0xDF,0xF7,0xDF,0xF7,0xDF,0xF7,0xDF,0xF7,0xDF,0xF7,0xBE,0xFF,0xDE,0xFF,
  0x9E,0xEF,0x5F,0xCF,0xFF,0x9E,0x9F,0x7E,0x5F,0x5E,0x3F,0x4E,0x1F,0x3E,0xFF,0x3D,
  0xFF,0x35,0xFF,0x35,0xDF,0x35,0xDF,0x2D,0xBF,0x2D,0xBF,0x2D,0xBF,0x2D,0xBF,0x2D,
  0x9F,0x25,0x9F,0x25,0x9F,0x25,0x7F,0x25,0x7F,0x25,0x7F,0x25,0x7F,0x25,0x7F,0x25,
  0x7F,0x25,0x7F,0x25,0x7F,0x25,0x5F,0x25,0x5F,0x25,0x5F,0x25,0x5F,0x25,0x5F,0x25,
  0x5F,0x25,0x5F,0x25,0x5F,0x25,0x5F,0x25,0x5F,0x25,0x5F,0x25,0x5F,0x25,0x5F,0x25,
  0x5F,0x25,0x5F,0x25,0x5F,0x25,0x7F,0x25,0x7F,0x25,0x7F,0x25,0x7F,0x25,0x7F,0x25,
  0x7F,0x2D,0x9F,0x2D,0x9F,0x2D,0x9F,0x2D,0x9F,0x2D,0xBF,0x35,0xBF,0x35,0xBF,0x35,
  0xDF,0x35,0xDF,0x3D,0xDF,0x3D,0xFF,0x3D,0xFF,0x45,0x1F,0x46,0x1F,0x46,0x1F,0x4E,
  0x3F,0x4E,0x3F,0x56,0x5F,0x56,0x5F,0x5E,0x7F,0x5E,0x7F,0x5E,0x7F,0x66,0x9F,0x66,
  0x9F,0x6E,0xBF,0x76,0xDF,0x7E,0xFF,0x8E,0x1F,0xA7,0x3F,0xBF,0x7F,0xDF,0xBE,0xF7,
  0xBE,0xFF,0xBE,0xFF,0xDF,0xF7,0xDF,0xF7,0xDF,0xF7,0xDF,0xF7,0xDF,0xF7,0xDF,0xF7,
  0xDF,0xF7,0xDF,0xF7,0xDF,0xF7,0xDF,0xF7,0xDF,0xF7,0xDF,0xF7,0xDF,0xF7,0xDF,0xF7,
};

const lv_image_dsc_t brelow_mascot = {
  .header = {
    .magic = LV_IMAGE_HEADER_MAGIC,
    .cf = LV_COLOR_FORMAT_RGB565,
    .flags = 0,
    .w = 112,
    .h = 112,
    .stride = 224,
    .reserved_2 = 0,
  },
  .data_size = 25088,
  .data = brelow_mascot_map,
};
