/*******************************************************************************
 * Size: 20 px
 * Bpp: 4
 * Opts: --font app/assets/fonts/Pretendard-Bold.otf --size 20 --bpp 4 --format lvgl --no-compress --lv-include lvgl.h --range 0x20-0x7E --symbols 호기차례흡강하게내쉬세요천히들이마시기초분준비곧시작합니다편안자로앉주휴식잠어트완료훈련잘셨대고입에물보영점중회진행거실간압력평균최지속성공률연결됨음다이종 ₂ -o firmware-esp32/src/display/fonts/lv_font_pretendard_b_20.c
 ******************************************************************************/

#ifdef LV_LVGL_H_INCLUDE_SIMPLE
#include "lvgl.h"
#else
#include "lvgl.h"
#endif

#ifndef LV_FONT_PRETENDARD_B_20
#define LV_FONT_PRETENDARD_B_20 1
#endif

#if LV_FONT_PRETENDARD_B_20

/*-----------------
 *    BITMAPS
 *----------------*/

/*Store the image of the glyphs*/
static LV_ATTRIBUTE_LARGE_CONST const uint8_t glyph_bitmap[] = {
    /* U+0020 " " */

    /* U+0021 "!" */
    0x6f, 0xf8, 0x6f, 0xf8, 0x6f, 0xf8, 0x5f, 0xf7,
    0x5f, 0xf7, 0x4f, 0xf6, 0x4f, 0xf6, 0x4f, 0xf6,
    0x3f, 0xf5, 0x3f, 0xf5, 0x3, 0x40, 0x4f, 0xf5,
    0x7f, 0xf9, 0x2c, 0xd2,

    /* U+0022 "\"" */
    0x1f, 0xf0, 0x7f, 0x91, 0xff, 0x7, 0xf9, 0x1f,
    0xf0, 0x7f, 0x91, 0xff, 0x7, 0xf9, 0x1f, 0xf0,
    0x7f, 0x90, 0x77, 0x3, 0x74,

    /* U+0023 "#" */
    0x0, 0x4, 0xfe, 0x0, 0x4f, 0xe0, 0x0, 0x0,
    0x7f, 0xb0, 0x7, 0xfb, 0x0, 0x0, 0xa, 0xf8,
    0x0, 0xaf, 0x80, 0x0, 0xcf, 0xff, 0xff, 0xff,
    0xff, 0xf4, 0xe, 0xff, 0xff, 0xff, 0xff, 0xff,
    0x10, 0x35, 0xff, 0x43, 0x6f, 0xf3, 0x30, 0x0,
    0x5f, 0xd0, 0x5, 0xfd, 0x0, 0x0, 0x7, 0xfb,
    0x0, 0x7f, 0xa0, 0x0, 0x9f, 0xff, 0xff, 0xff,
    0xff, 0xf7, 0xb, 0xff, 0xff, 0xff, 0xff, 0xff,
    0x40, 0x23, 0xff, 0x63, 0x3f, 0xf5, 0x30, 0x0,
    0x1f, 0xf1, 0x1, 0xff, 0x0, 0x0, 0x4, 0xfe,
    0x0, 0x4f, 0xe0, 0x0, 0x0, 0x6f, 0xc0, 0x6,
    0xfb, 0x0, 0x0,

    /* U+0024 "$" */
    0x0, 0x0, 0x0, 0x10, 0x0, 0x0, 0x0, 0x0,
    0x2, 0xf0, 0x0, 0x0, 0x0, 0x0, 0x3, 0xf0,
    0x0, 0x0, 0x0, 0x7, 0xdf, 0xfe, 0xb5, 0x0,
    0x0, 0xcf, 0xff, 0xff, 0xff, 0x90, 0x8, 0xff,
    0xfb, 0xfa, 0xff, 0xf3, 0xc, 0xff, 0x52, 0xf0,
    0x7f, 0xf8, 0xc, 0xff, 0x42, 0xf0, 0x3, 0x32,
    0x8, 0xff, 0xfb, 0xf0, 0x0, 0x0, 0x0, 0xaf,
    0xff, 0xff, 0xb5, 0x0, 0x0, 0x4, 0x9e, 0xff,
    0xff, 0xb0, 0x0, 0x0, 0x2, 0xf7, 0xef, 0xf7,
    0x29, 0x96, 0x2, 0xf0, 0x3f, 0xfc, 0x1f, 0xfe,
    0x12, 0xf0, 0x5f, 0xfc, 0xc, 0xff, 0xfb, 0xfa,
    0xff, 0xf8, 0x2, 0xef, 0xff, 0xff, 0xff, 0xd0,
    0x0, 0x18, 0xcf, 0xfe, 0xc7, 0x0, 0x0, 0x0,
    0x2, 0xf0, 0x0, 0x0, 0x0, 0x0, 0x2, 0xf0,
    0x0, 0x0,

    /* U+0025 "%" */
    0x3, 0xbf, 0xe9, 0x10, 0x0, 0x1, 0xef, 0x30,
    0x1, 0xef, 0xef, 0xfa, 0x0, 0x0, 0xbf, 0x70,
    0x0, 0x5f, 0xc0, 0x1f, 0xf0, 0x0, 0x6f, 0xc0,
    0x0, 0x5, 0xfc, 0x1, 0xff, 0x0, 0x2f, 0xf2,
    0x0, 0x0, 0x1e, 0xfe, 0xff, 0xa0, 0xc, 0xf6,
    0x0, 0x0, 0x0, 0x3c, 0xfe, 0x91, 0x7, 0xfb,
    0x0, 0x0, 0x0, 0x0, 0x0, 0x0, 0x3, 0xfe,
    0x12, 0x9b, 0x80, 0x0, 0x0, 0x0, 0x0, 0xdf,
    0x42, 0xff, 0xff, 0xd0, 0x0, 0x0, 0x0, 0x9f,
    0x90, 0x9f, 0x91, 0xcf, 0x50, 0x0, 0x0, 0x4f,
    0xd0, 0xc, 0xf3, 0x7, 0xf8, 0x0, 0x0, 0x1e,
    0xf3, 0x0, 0xdf, 0x30, 0x7f, 0x90, 0x0, 0xa,
    0xf8, 0x0, 0xb, 0xf7, 0xb, 0xf6, 0x0, 0x5,
    0xfc, 0x0, 0x0, 0x4f, 0xfd, 0xfe, 0x10, 0x1,
    0xff, 0x20, 0x0, 0x0, 0x5d, 0xfc, 0x20,

    /* U+0026 "&" */
    0x0, 0x5, 0xcf, 0xea, 0x10, 0x0, 0x0, 0x6,
    0xff, 0xff, 0xfd, 0x0, 0x0, 0x0, 0xef, 0xe8,
    0xaf, 0xf5, 0x0, 0x0, 0xf, 0xf8, 0x0, 0xff,
    0x40, 0x0, 0x0, 0xbf, 0xd1, 0xaf, 0xe0, 0x0,
    0x0, 0x3, 0xff, 0xff, 0xe2, 0x0, 0x0, 0x0,
    0x2e, 0xff, 0xf1, 0x1, 0x33, 0x0, 0x3f, 0xff,
    0xff, 0x90, 0x6f, 0xf0, 0xd, 0xff, 0x3a, 0xff,
    0x79, 0xfd, 0x3, 0xff, 0xa0, 0xc, 0xff, 0xff,
    0xa0, 0x2f, 0xfb, 0x0, 0x1d, 0xff, 0xf3, 0x0,
    0xef, 0xfa, 0x69, 0xef, 0xff, 0x10, 0x4, 0xff,
    0xff, 0xff, 0xff, 0xfc, 0x0, 0x2, 0xad, 0xfd,
    0x91, 0x6f, 0xf9,

    /* U+0027 "'" */
    0x1f, 0xf0, 0x1f, 0xf0, 0x1f, 0xf0, 0x1f, 0xf0,
    0x1f, 0xf0, 0x7, 0x70,

    /* U+0028 "(" */
    0x0, 0x1, 0x22, 0x0, 0x0, 0xcf, 0xe0, 0x0,
    0x6f, 0xf6, 0x0, 0xe, 0xff, 0x0, 0x5, 0xff,
    0xa0, 0x0, 0xbf, 0xf5, 0x0, 0xe, 0xff, 0x10,
    0x2, 0xff, 0xd0, 0x0, 0x4f, 0xfb, 0x0, 0x5,
    0xff, 0xa0, 0x0, 0x6f, 0xf9, 0x0, 0x5, 0xff,
    0xa0, 0x0, 0x4f, 0xfc, 0x0, 0x2, 0xff, 0xe0,
    0x0, 0xe, 0xff, 0x20, 0x0, 0xaf, 0xf6, 0x0,
    0x4, 0xff, 0xb0, 0x0, 0xd, 0xff, 0x10, 0x0,
    0x5f, 0xf8, 0x0, 0x0, 0xbf, 0xf1,

    /* U+0029 ")" */
    0x12, 0x20, 0x0, 0x2, 0xff, 0x90, 0x0, 0xa,
    0xff, 0x30, 0x0, 0x3f, 0xfb, 0x0, 0x0, 0xdf,
    0xf2, 0x0, 0x8, 0xff, 0x70, 0x0, 0x4f, 0xfb,
    0x0, 0x1, 0xff, 0xf0, 0x0, 0xf, 0xff, 0x10,
    0x0, 0xdf, 0xf2, 0x0, 0xc, 0xff, 0x30, 0x0,
    0xef, 0xf2, 0x0, 0xf, 0xff, 0x10, 0x1, 0xff,
    0xe0, 0x0, 0x5f, 0xfb, 0x0, 0x9, 0xff, 0x70,
    0x0, 0xef, 0xf1, 0x0, 0x4f, 0xfa, 0x0, 0xb,
    0xff, 0x20, 0x4, 0xff, 0x80, 0x0,

    /* U+002A "*" */
    0x0, 0x7, 0xf4, 0x0, 0x0, 0x81, 0x6f, 0x33,
    0x60, 0x4f, 0xea, 0xf9, 0xff, 0x10, 0x5d, 0xff,
    0xfc, 0x40, 0x3, 0xbf, 0xff, 0x91, 0x4, 0xff,
    0xcf, 0xbf, 0xf1, 0xa, 0x36, 0xf3, 0x58, 0x0,
    0x0, 0x7f, 0x40, 0x0, 0x0, 0x1, 0x20, 0x0,
    0x0,

    /* U+002B "+" */
    0x0, 0x0, 0xaf, 0xb0, 0x0, 0x0, 0x0, 0xa,
    0xfb, 0x0, 0x0, 0x0, 0x0, 0xaf, 0xb0, 0x0,
    0x2, 0x77, 0x7d, 0xfd, 0x77, 0x73, 0x5f, 0xff,
    0xff, 0xff, 0xff, 0x65, 0xff, 0xff, 0xff, 0xff,
    0xf6, 0x0, 0x0, 0xaf, 0xb0, 0x0, 0x0, 0x0,
    0xa, 0xfb, 0x0, 0x0, 0x0, 0x0, 0xaf, 0xb0,
    0x0, 0x0, 0x0, 0xa, 0xfb, 0x0, 0x0,

    /* U+002C "," */
    0x6, 0xbb, 0x10, 0xbf, 0xe0, 0xe, 0xfa, 0x0,
    0xff, 0x50, 0x3f, 0xf0, 0x6, 0xfb, 0x0,

    /* U+002D "-" */
    0x45, 0x55, 0x55, 0x4b, 0xff, 0xff, 0xfb, 0xbf,
    0xff, 0xff, 0xb0,

    /* U+002E "." */
    0x3, 0x10, 0x7f, 0xf1, 0xbf, 0xf5, 0x3d, 0xb0,

    /* U+002F "/" */
    0x0, 0x0, 0x27, 0x71, 0x0, 0x0, 0x8f, 0xf0,
    0x0, 0x0, 0xcf, 0xb0, 0x0, 0x0, 0xff, 0x70,
    0x0, 0x4, 0xff, 0x30, 0x0, 0x8, 0xfe, 0x0,
    0x0, 0xc, 0xfa, 0x0, 0x0, 0x1f, 0xf6, 0x0,
    0x0, 0x5f, 0xf2, 0x0, 0x0, 0x9f, 0xe0, 0x0,
    0x0, 0xdf, 0xa0, 0x0, 0x1, 0xff, 0x50, 0x0,
    0x5, 0xff, 0x10, 0x0, 0xa, 0xfd, 0x0, 0x0,
    0xe, 0xf9, 0x0, 0x0, 0x2f, 0xf5, 0x0, 0x0,
    0x6f, 0xf1, 0x0, 0x0, 0xaf, 0xc0, 0x0, 0x0,

    /* U+0030 "0" */
    0x0, 0x1, 0x9c, 0xfd, 0x92, 0x0, 0x0, 0x3,
    0xef, 0xff, 0xff, 0xf5, 0x0, 0x0, 0xef, 0xfc,
    0x8b, 0xff, 0xf2, 0x0, 0x6f, 0xfc, 0x0, 0x9,
    0xff, 0x90, 0xc, 0xff, 0x40, 0x0, 0x1f, 0xff,
    0x0, 0xef, 0xf1, 0x0, 0x0, 0xdf, 0xf1, 0xf,
    0xff, 0x0, 0x0, 0xc, 0xff, 0x30, 0xff, 0xf0,
    0x0, 0x0, 0xcf, 0xf3, 0xe, 0xff, 0x0, 0x0,
    0xd, 0xff, 0x10, 0xcf, 0xf4, 0x0, 0x1, 0xff,
    0xf0, 0x6, 0xff, 0xc0, 0x0, 0x9f, 0xf9, 0x0,
    0xe, 0xff, 0xd8, 0xbf, 0xff, 0x20, 0x0, 0x3e,
    0xff, 0xff, 0xff, 0x50, 0x0, 0x0, 0x19, 0xcf,
    0xda, 0x20, 0x0,

    /* U+0031 "1" */
    0x0, 0x6, 0xff, 0xf3, 0x2, 0xcf, 0xff, 0xf3,
    0xf, 0xff, 0xff, 0xf3, 0xf, 0xc3, 0xbf, 0xf3,
    0x6, 0x0, 0xbf, 0xf3, 0x0, 0x0, 0xbf, 0xf3,
    0x0, 0x0, 0xbf, 0xf3, 0x0, 0x0, 0xbf, 0xf3,
    0x0, 0x0, 0xbf, 0xf3, 0x0, 0x0, 0xbf, 0xf3,
    0x0, 0x0, 0xbf, 0xf3, 0x0, 0x0, 0xbf, 0xf3,
    0x0, 0x0, 0xbf, 0xf3, 0x0, 0x0, 0xbf, 0xf3,

    /* U+0032 "2" */
    0x0, 0x6, 0xce, 0xec, 0x70, 0x0, 0x0, 0xcf,
    0xff, 0xff, 0xfd, 0x10, 0x8, 0xff, 0xd7, 0x7d,
    0xff, 0xa0, 0xd, 0xff, 0x10, 0x1, 0xff, 0xe0,
    0x7, 0x76, 0x0, 0x0, 0xdf, 0xf0, 0x0, 0x0,
    0x0, 0x2, 0xff, 0xb0, 0x0, 0x0, 0x0, 0x1e,
    0xff, 0x20, 0x0, 0x0, 0x2, 0xdf, 0xf5, 0x0,
    0x0, 0x0, 0x3e, 0xff, 0x50, 0x0, 0x0, 0x4,
    0xff, 0xf4, 0x0, 0x0, 0x0, 0x6f, 0xff, 0x30,
    0x0, 0x0, 0x8, 0xff, 0xfb, 0x77, 0x77, 0x71,
    0xe, 0xff, 0xff, 0xff, 0xff, 0xf3, 0xe, 0xff,
    0xff, 0xff, 0xff, 0xf3,

    /* U+0033 "3" */
    0x0, 0x5, 0xbe, 0xfd, 0xa3, 0x0, 0x0, 0xaf,
    0xff, 0xff, 0xff, 0x60, 0x6, 0xff, 0xe9, 0x7a,
    0xff, 0xf1, 0x6, 0xaa, 0x20, 0x0, 0xaf, 0xf3,
    0x0, 0x0, 0x0, 0x15, 0xef, 0xe0, 0x0, 0x0,
    0x3f, 0xff, 0xfb, 0x20, 0x0, 0x0, 0x3f, 0xff,
    0xfa, 0x20, 0x0, 0x0, 0x3, 0x48, 0xff, 0xf2,
    0x0, 0x0, 0x0, 0x0, 0x7f, 0xfa, 0x6, 0x66,
    0x0, 0x0, 0x4f, 0xfc, 0xd, 0xff, 0x40, 0x0,
    0x9f, 0xf9, 0x7, 0xff, 0xfa, 0x8c, 0xff, 0xf4,
    0x0, 0xaf, 0xff, 0xff, 0xff, 0x70, 0x0, 0x4,
    0xbd, 0xfd, 0xa2, 0x0,

    /* U+0034 "4" */
    0x0, 0x0, 0x0, 0x7f, 0xff, 0x80, 0x0, 0x0,
    0x0, 0x2f, 0xff, 0xf8, 0x0, 0x0, 0x0, 0xc,
    0xff, 0xff, 0x80, 0x0, 0x0, 0x7, 0xff, 0x9f,
    0xf8, 0x0, 0x0, 0x2, 0xff, 0xb3, 0xff, 0x80,
    0x0, 0x0, 0xcf, 0xf2, 0x3f, 0xf8, 0x0, 0x0,
    0x7f, 0xf6, 0x3, 0xff, 0x80, 0x0, 0x2f, 0xfb,
    0x0, 0x3f, 0xf8, 0x0, 0xc, 0xff, 0x20, 0x3,
    0xff, 0x80, 0x1, 0xff, 0xff, 0xff, 0xff, 0xff,
    0xf5, 0x1f, 0xff, 0xff, 0xff, 0xff, 0xff, 0x50,
    0x66, 0x66, 0x66, 0x8f, 0xfb, 0x62, 0x0, 0x0,
    0x0, 0x3, 0xff, 0x80, 0x0, 0x0, 0x0, 0x0,
    0x3f, 0xf8, 0x0,

    /* U+0035 "5" */
    0xe, 0xff, 0xff, 0xff, 0xfd, 0x0, 0xff, 0xff,
    0xff, 0xff, 0xd0, 0x1f, 0xfb, 0x77, 0x77, 0x76,
    0x3, 0xff, 0x60, 0x0, 0x0, 0x0, 0x4f, 0xf5,
    0x9d, 0xeb, 0x30, 0x6, 0xff, 0xff, 0xff, 0xff,
    0x60, 0x8f, 0xfd, 0x64, 0x9f, 0xff, 0x14, 0x77,
    0x20, 0x0, 0x9f, 0xf6, 0x0, 0x0, 0x0, 0x4,
    0xff, 0x94, 0x55, 0x0, 0x0, 0x4f, 0xf8, 0xaf,
    0xf4, 0x0, 0xa, 0xff, 0x54, 0xff, 0xf8, 0x6b,
    0xff, 0xd0, 0x8, 0xff, 0xff, 0xff, 0xe3, 0x0,
    0x4, 0xbd, 0xfc, 0x81, 0x0,

    /* U+0036 "6" */
    0x0, 0x0, 0x8b, 0xfe, 0xb5, 0x0, 0x0, 0x2d,
    0xff, 0xff, 0xff, 0xa0, 0x0, 0xdf, 0xfd, 0xab,
    0xff, 0xf6, 0x5, 0xff, 0x90, 0x0, 0x37, 0x75,
    0xb, 0xff, 0x17, 0xdf, 0xc7, 0x0, 0xe, 0xfd,
    0x9f, 0xff, 0xff, 0xb0, 0xf, 0xff, 0xf8, 0x36,
    0xef, 0xf5, 0x1f, 0xff, 0x70, 0x0, 0x4f, 0xfb,
    0xf, 0xff, 0x10, 0x0, 0xf, 0xfe, 0xe, 0xff,
    0x20, 0x0, 0xf, 0xfc, 0x9, 0xff, 0x90, 0x0,
    0x7f, 0xf9, 0x2, 0xff, 0xfa, 0x69, 0xff, 0xf2,
    0x0, 0x5f, 0xff, 0xff, 0xff, 0x60, 0x0, 0x1,
    0xad, 0xfd, 0xa2, 0x0,

    /* U+0037 "7" */
    0x4f, 0xff, 0xff, 0xff, 0xff, 0xa4, 0xff, 0xff,
    0xff, 0xff, 0xfa, 0x27, 0x77, 0x77, 0x7b, 0xff,
    0x90, 0x0, 0x0, 0x0, 0xdf, 0xf2, 0x0, 0x0,
    0x0, 0x6f, 0xf9, 0x0, 0x0, 0x0, 0xe, 0xff,
    0x20, 0x0, 0x0, 0x6, 0xff, 0x90, 0x0, 0x0,
    0x0, 0xef, 0xf1, 0x0, 0x0, 0x0, 0x7f, 0xf8,
    0x0, 0x0, 0x0, 0x1e, 0xff, 0x10, 0x0, 0x0,
    0x8, 0xff, 0x80, 0x0, 0x0, 0x1, 0xff, 0xe1,
    0x0, 0x0, 0x0, 0x8f, 0xf7, 0x0, 0x0, 0x0,
    0x1f, 0xfe, 0x0, 0x0, 0x0,

    /* U+0038 "8" */
    0x0, 0x5, 0xbe, 0xfd, 0xb4, 0x0, 0x0, 0xbf,
    0xff, 0xff, 0xff, 0x90, 0x5, 0xff, 0xe8, 0x58,
    0xff, 0xf3, 0x8, 0xff, 0x50, 0x0, 0x8f, 0xf6,
    0x3, 0xff, 0xc3, 0x4, 0xdf, 0xe1, 0x0, 0x4c,
    0xff, 0xff, 0xfb, 0x20, 0x0, 0x4c, 0xff, 0xff,
    0xfc, 0x30, 0x5, 0xff, 0xd5, 0x26, 0xef, 0xf3,
    0xd, 0xff, 0x30, 0x0, 0x5f, 0xfb, 0x1f, 0xff,
    0x0, 0x0, 0x2f, 0xfe, 0xe, 0xff, 0x30, 0x0,
    0x6f, 0xfc, 0x9, 0xff, 0xe7, 0x58, 0xff, 0xf7,
    0x0, 0xcf, 0xff, 0xff, 0xff, 0x90, 0x0, 0x5,
    0xbd, 0xfd, 0xa3, 0x0,

    /* U+0039 "9" */
    0x0, 0x5, 0xbe, 0xfc, 0x81, 0x0, 0x0, 0xaf,
    0xff, 0xff, 0xfe, 0x30, 0x7, 0xff, 0xe8, 0x6b,
    0xff, 0xe0, 0xd, 0xff, 0x20, 0x0, 0x9f, 0xf7,
    0xf, 0xfd, 0x0, 0x0, 0x3f, 0xfb, 0xe, 0xff,
    0x10, 0x0, 0x7f, 0xfe, 0xa, 0xff, 0xd5, 0x38,
    0xff, 0xff, 0x1, 0xef, 0xff, 0xff, 0x7f, 0xfd,
    0x0, 0x19, 0xdf, 0xd6, 0xf, 0xfb, 0x2, 0x22,
    0x0, 0x0, 0x5f, 0xf9, 0xb, 0xff, 0x60, 0x1,
    0xdf, 0xf3, 0x5, 0xff, 0xfc, 0xae, 0xff, 0xa0,
    0x0, 0x9f, 0xff, 0xff, 0xfb, 0x10, 0x0, 0x4,
    0xbe, 0xeb, 0x70, 0x0,

    /* U+003A ":" */
    0x4d, 0xb0, 0xbf, 0xf5, 0x7f, 0xf1, 0x2, 0x10,
    0x0, 0x0, 0x0, 0x0, 0x0, 0x0, 0x3, 0x10,
    0x7f, 0xf1, 0xbf, 0xf5, 0x3d, 0xb0,

    /* U+003B ";" */
    0x4, 0xdb, 0x0, 0xbf, 0xf5, 0x7, 0xff, 0x20,
    0x2, 0x10, 0x0, 0x0, 0x0, 0x0, 0x0, 0x0,
    0x0, 0x0, 0x0, 0x0, 0x0, 0x0, 0x0, 0x6b,
    0xb1, 0xb, 0xfe, 0x0, 0xef, 0xa0, 0xf, 0xf5,
    0x3, 0xff, 0x0, 0x6f, 0xb0, 0x0,

    /* U+003C "<" */
    0x0, 0x0, 0x0, 0x0, 0x0, 0x10, 0x0, 0x0,
    0x0, 0x18, 0xe6, 0x0, 0x0, 0x2, 0x9f, 0xff,
    0x60, 0x0, 0x4b, 0xff, 0xff, 0xc3, 0x5, 0xcf,
    0xff, 0xf9, 0x30, 0x4, 0xff, 0xfd, 0x71, 0x0,
    0x0, 0x4f, 0xff, 0x71, 0x0, 0x0, 0x2, 0xcf,
    0xff, 0xf9, 0x30, 0x0, 0x0, 0x3b, 0xff, 0xff,
    0xc5, 0x0, 0x0, 0x2, 0x9f, 0xff, 0xf6, 0x0,
    0x0, 0x0, 0x18, 0xef, 0x60, 0x0, 0x0, 0x0,
    0x0, 0x64,

    /* U+003D "=" */
    0x3f, 0xff, 0xff, 0xff, 0xff, 0x43, 0xff, 0xff,
    0xff, 0xff, 0xf4, 0x17, 0x77, 0x77, 0x77, 0x77,
    0x20, 0x0, 0x0, 0x0, 0x0, 0x0, 0x17, 0x77,
    0x77, 0x77, 0x77, 0x23, 0xff, 0xff, 0xff, 0xff,
    0xf4, 0x3f, 0xff, 0xff, 0xff, 0xff, 0x40,

    /* U+003E ">" */
    0x11, 0x0, 0x0, 0x0, 0x0, 0x4, 0xf9, 0x20,
    0x0, 0x0, 0x0, 0x4f, 0xff, 0xa3, 0x0, 0x0,
    0x2, 0xcf, 0xff, 0xfc, 0x40, 0x0, 0x0, 0x29,
    0xff, 0xff, 0xd6, 0x0, 0x0, 0x0, 0x6d, 0xff,
    0xf6, 0x0, 0x0, 0x0, 0x6e, 0xff, 0x60, 0x0,
    0x29, 0xff, 0xff, 0xd3, 0x5, 0xbf, 0xff, 0xfb,
    0x40, 0x4, 0xff, 0xff, 0xa3, 0x0, 0x0, 0x4f,
    0xf8, 0x10, 0x0, 0x0, 0x3, 0x70, 0x0, 0x0,
    0x0, 0x0,

    /* U+003F "?" */
    0x0, 0x3b, 0xef, 0xd9, 0x10, 0x5, 0xff, 0xff,
    0xff, 0xe2, 0xf, 0xff, 0x97, 0xdf, 0xfa, 0x3f,
    0xf9, 0x0, 0x3f, 0xfd, 0x0, 0x0, 0x0, 0x4f,
    0xfc, 0x0, 0x0, 0x4, 0xef, 0xf5, 0x0, 0x0,
    0x5f, 0xff, 0x40, 0x0, 0x1, 0xff, 0xe2, 0x0,
    0x0, 0x4, 0xff, 0x70, 0x0, 0x0, 0x3, 0x99,
    0x20, 0x0, 0x0, 0x0, 0x22, 0x0, 0x0, 0x0,
    0x5, 0xff, 0x40, 0x0, 0x0, 0x8, 0xff, 0x70,
    0x0, 0x0, 0x2, 0xcc, 0x10, 0x0,

    /* U+0040 "@" */
    0x0, 0x0, 0x5, 0xae, 0xfe, 0xd8, 0x10, 0x0,
    0x0, 0x0, 0x2c, 0xff, 0xff, 0xff, 0xff, 0x70,
    0x0, 0x0, 0x1e, 0xff, 0xa6, 0x34, 0x7c, 0xff,
    0xa0, 0x0, 0xa, 0xfd, 0x30, 0x0, 0x0, 0x6,
    0xff, 0x50, 0x4, 0xff, 0x20, 0x5b, 0xa4, 0xac,
    0x37, 0xfe, 0x0, 0xbf, 0x90, 0x5f, 0xff, 0xff,
    0xf4, 0xe, 0xf4, 0xe, 0xf4, 0xd, 0xfc, 0x15,
    0xff, 0x40, 0xbf, 0x70, 0xff, 0x10, 0xff, 0x70,
    0xe, 0xf4, 0x8, 0xf8, 0xf, 0xf1, 0x1f, 0xf6,
    0x0, 0xef, 0x40, 0xaf, 0x60, 0xff, 0x30, 0xef,
    0xb0, 0x3f, 0xf6, 0x1e, 0xf3, 0xc, 0xf6, 0x8,
    0xff, 0xff, 0xef, 0xff, 0xfa, 0x0, 0x7f, 0xe0,
    0x8, 0xed, 0x52, 0xbe, 0xd8, 0x0, 0x0, 0xdf,
    0x90, 0x0, 0x0, 0x0, 0x0, 0x0, 0x0, 0x4,
    0xff, 0xd6, 0x30, 0x1, 0x41, 0x0, 0x0, 0x0,
    0x6, 0xff, 0xff, 0xff, 0xff, 0x40, 0x0, 0x0,
    0x0, 0x1, 0x9d, 0xff, 0xfe, 0xc2, 0x0, 0x0,
    0x0, 0x0, 0x0, 0x0, 0x10, 0x0, 0x0, 0x0,
    0x0,

    /* U+0041 "A" */
    0x0, 0x0, 0xe, 0xff, 0xf3, 0x0, 0x0, 0x0,
    0x0, 0x3f, 0xff, 0xf9, 0x0, 0x0, 0x0, 0x0,
    0x9f, 0xff, 0xfe, 0x0, 0x0, 0x0, 0x0, 0xef,
    0xe9, 0xff, 0x40, 0x0, 0x0, 0x4, 0xff, 0x93,
    0xff, 0xa0, 0x0, 0x0, 0xa, 0xff, 0x30, 0xdf,
    0xf0, 0x0, 0x0, 0xf, 0xfe, 0x0, 0x8f, 0xf5,
    0x0, 0x0, 0x5f, 0xf8, 0x0, 0x2f, 0xfa, 0x0,
    0x0, 0xaf, 0xff, 0xff, 0xff, 0xff, 0x0, 0x0,
    0xff, 0xff, 0xff, 0xff, 0xff, 0x60, 0x6, 0xff,
    0xa5, 0x55, 0x56, 0xff, 0xb0, 0xb, 0xff, 0x40,
    0x0, 0x0, 0xef, 0xf1, 0x1f, 0xff, 0x0, 0x0,
    0x0, 0xaf, 0xf6, 0x6f, 0xfb, 0x0, 0x0, 0x0,
    0x5f, 0xfc,

    /* U+0042 "B" */
    0xcf, 0xff, 0xff, 0xec, 0x60, 0x0, 0xcf, 0xff,
    0xff, 0xff, 0xfa, 0x0, 0xcf, 0xf8, 0x67, 0xcf,
    0xff, 0x40, 0xcf, 0xf1, 0x0, 0xa, 0xff, 0x70,
    0xcf, 0xf1, 0x0, 0x8, 0xff, 0x50, 0xcf, 0xf2,
    0x1, 0x6f, 0xfd, 0x0, 0xcf, 0xff, 0xff, 0xff,
    0x91, 0x0, 0xcf, 0xff, 0xff, 0xff, 0xfa, 0x0,
    0xcf, 0xf1, 0x0, 0x2a, 0xff, 0x90, 0xcf, 0xf1,
    0x0, 0x1, 0xff, 0xf0, 0xcf, 0xf1, 0x0, 0x2,
    0xff, 0xf0, 0xcf, 0xf8, 0x77, 0x9e, 0xff, 0xc0,
    0xcf, 0xff, 0xff, 0xff, 0xff, 0x20, 0xcf, 0xff,
    0xff, 0xfd, 0x91, 0x0,

    /* U+0043 "C" */
    0x0, 0x0, 0x4a, 0xdf, 0xdb, 0x40, 0x0, 0x0,
    0x9, 0xff, 0xff, 0xff, 0xfb, 0x0, 0x0, 0x9f,
    0xff, 0xdb, 0xcf, 0xff, 0x90, 0x3, 0xff, 0xf5,
    0x0, 0x4, 0xff, 0xf2, 0xa, 0xff, 0x80, 0x0,
    0x0, 0x8f, 0xf7, 0xd, 0xff, 0x10, 0x0, 0x0,
    0x0, 0x0, 0xf, 0xff, 0x0, 0x0, 0x0, 0x0,
    0x0, 0xf, 0xff, 0x0, 0x0, 0x0, 0x0, 0x0,
    0xd, 0xff, 0x10, 0x0, 0x0, 0x0, 0x0, 0xa,
    0xff, 0x80, 0x0, 0x0, 0x7e, 0xe6, 0x4, 0xff,
    0xf5, 0x0, 0x4, 0xff, 0xf2, 0x0, 0x9f, 0xff,
    0xdb, 0xcf, 0xff, 0x90, 0x0, 0xa, 0xff, 0xff,
    0xff, 0xfa, 0x0, 0x0, 0x0, 0x4a, 0xdf, 0xda,
    0x40, 0x0,

    /* U+0044 "D" */
    0xcf, 0xff, 0xff, 0xc9, 0x40, 0x0, 0xc, 0xff,
    0xff, 0xff, 0xff, 0x91, 0x0, 0xcf, 0xfa, 0x9a,
    0xcf, 0xff, 0xa0, 0xc, 0xff, 0x10, 0x0, 0x4e,
    0xff, 0x40, 0xcf, 0xf1, 0x0, 0x0, 0x6f, 0xfb,
    0xc, 0xff, 0x10, 0x0, 0x0, 0xff, 0xd0, 0xcf,
    0xf1, 0x0, 0x0, 0xe, 0xff, 0xc, 0xff, 0x10,
    0x0, 0x0, 0xef, 0xf0, 0xcf, 0xf1, 0x0, 0x0,
    0xf, 0xfd, 0xc, 0xff, 0x10, 0x0, 0x6, 0xff,
    0xa0, 0xcf, 0xf1, 0x0, 0x4, 0xef, 0xf4, 0xc,
    0xff, 0xa9, 0xac, 0xff, 0xfa, 0x0, 0xcf, 0xff,
    0xff, 0xff, 0xf9, 0x0, 0xc, 0xff, 0xff, 0xfc,
    0x94, 0x0, 0x0,

    /* U+0045 "E" */
    0xcf, 0xff, 0xff, 0xff, 0xfa, 0xcf, 0xff, 0xff,
    0xff, 0xfa, 0xcf, 0xf8, 0x77, 0x77, 0x75, 0xcf,
    0xf1, 0x0, 0x0, 0x0, 0xcf, 0xf1, 0x0, 0x0,
    0x0, 0xcf, 0xf8, 0x77, 0x77, 0x71, 0xcf, 0xff,
    0xff, 0xff, 0xf3, 0xcf, 0xff, 0xff, 0xff, 0xf3,
    0xcf, 0xf1, 0x0, 0x0, 0x0, 0xcf, 0xf1, 0x0,
    0x0, 0x0, 0xcf, 0xf1, 0x0, 0x0, 0x0, 0xcf,
    0xf8, 0x77, 0x77, 0x75, 0xcf, 0xff, 0xff, 0xff,
    0xfb, 0xcf, 0xff, 0xff, 0xff, 0xfb,

    /* U+0046 "F" */
    0xcf, 0xff, 0xff, 0xff, 0xf8, 0xcf, 0xff, 0xff,
    0xff, 0xf8, 0xcf, 0xf8, 0x77, 0x77, 0x73, 0xcf,
    0xf1, 0x0, 0x0, 0x0, 0xcf, 0xf1, 0x0, 0x0,
    0x0, 0xcf, 0xf8, 0x77, 0x77, 0x60, 0xcf, 0xff,
    0xff, 0xff, 0xe0, 0xcf, 0xff, 0xff, 0xff, 0xe0,
    0xcf, 0xf1, 0x0, 0x0, 0x0, 0xcf, 0xf1, 0x0,
    0x0, 0x0, 0xcf, 0xf1, 0x0, 0x0, 0x0, 0xcf,
    0xf1, 0x0, 0x0, 0x0, 0xcf, 0xf1, 0x0, 0x0,
    0x0, 0xcf, 0xf1, 0x0, 0x0, 0x0,

    /* U+0047 "G" */
    0x0, 0x0, 0x4a, 0xcf, 0xdb, 0x40, 0x0, 0x0,
    0x9, 0xff, 0xff, 0xff, 0xfc, 0x0, 0x0, 0x9f,
    0xff, 0xdb, 0xef, 0xff, 0xb0, 0x3, 0xff, 0xf5,
    0x0, 0x3, 0xff, 0xf3, 0xb, 0xff, 0x80, 0x0,
    0x0, 0x35, 0x52, 0xe, 0xff, 0x10, 0x0, 0x0,
    0x0, 0x0, 0xf, 0xff, 0x0, 0x3, 0xff, 0xff,
    0xfa, 0xf, 0xff, 0x0, 0x3, 0xff, 0xff, 0xfa,
    0xd, 0xff, 0x10, 0x0, 0x44, 0x6f, 0xf9, 0xa,
    0xff, 0x80, 0x0, 0x0, 0x6f, 0xf6, 0x3, 0xff,
    0xf5, 0x0, 0x3, 0xef, 0xf2, 0x0, 0xaf, 0xff,
    0xdb, 0xcf, 0xff, 0x80, 0x0, 0x9, 0xff, 0xff,
    0xff, 0xfa, 0x0, 0x0, 0x0, 0x4a, 0xcf, 0xda,
    0x40, 0x0,

    /* U+0048 "H" */
    0xcf, 0xf1, 0x0, 0x0, 0xb, 0xff, 0x3c, 0xff,
    0x10, 0x0, 0x0, 0xbf, 0xf3, 0xcf, 0xf1, 0x0,
    0x0, 0xb, 0xff, 0x3c, 0xff, 0x10, 0x0, 0x0,
    0xbf, 0xf3, 0xcf, 0xf1, 0x0, 0x0, 0xb, 0xff,
    0x3c, 0xff, 0x87, 0x77, 0x77, 0xdf, 0xf3, 0xcf,
    0xff, 0xff, 0xff, 0xff, 0xff, 0x3c, 0xff, 0xff,
    0xff, 0xff, 0xff, 0xf3, 0xcf, 0xf1, 0x0, 0x0,
    0xb, 0xff, 0x3c, 0xff, 0x10, 0x0, 0x0, 0xbf,
    0xf3, 0xcf, 0xf1, 0x0, 0x0, 0xb, 0xff, 0x3c,
    0xff, 0x10, 0x0, 0x0, 0xbf, 0xf3, 0xcf, 0xf1,
    0x0, 0x0, 0xb, 0xff, 0x3c, 0xff, 0x10, 0x0,
    0x0, 0xbf, 0xf3,

    /* U+0049 "I" */
    0xcf, 0xf1, 0xcf, 0xf1, 0xcf, 0xf1, 0xcf, 0xf1,
    0xcf, 0xf1, 0xcf, 0xf1, 0xcf, 0xf1, 0xcf, 0xf1,
    0xcf, 0xf1, 0xcf, 0xf1, 0xcf, 0xf1, 0xcf, 0xf1,
    0xcf, 0xf1, 0xcf, 0xf1,

    /* U+004A "J" */
    0x0, 0x0, 0x0, 0x2f, 0xfb, 0x0, 0x0, 0x0,
    0x2f, 0xfb, 0x0, 0x0, 0x0, 0x2f, 0xfb, 0x0,
    0x0, 0x0, 0x2f, 0xfb, 0x0, 0x0, 0x0, 0x2f,
    0xfb, 0x0, 0x0, 0x0, 0x2f, 0xfb, 0x0, 0x0,
    0x0, 0x2f, 0xfb, 0x0, 0x0, 0x0, 0x2f, 0xfb,
    0x0, 0x0, 0x0, 0x2f, 0xfb, 0x12, 0x20, 0x0,
    0x2f, 0xfb, 0x7f, 0xf9, 0x0, 0x7f, 0xf9, 0x4f,
    0xff, 0xa7, 0xef, 0xf4, 0xa, 0xff, 0xff, 0xff,
    0xa0, 0x0, 0x6c, 0xee, 0xc5, 0x0,

    /* U+004B "K" */
    0xcf, 0xf1, 0x0, 0x1, 0xef, 0xf8, 0xc, 0xff,
    0x10, 0x0, 0xcf, 0xfb, 0x0, 0xcf, 0xf1, 0x0,
    0x9f, 0xfd, 0x0, 0xc, 0xff, 0x10, 0x7f, 0xfe,
    0x20, 0x0, 0xcf, 0xf1, 0x4f, 0xff, 0x30, 0x0,
    0xc, 0xff, 0x4f, 0xff, 0x50, 0x0, 0x0, 0xcf,
    0xff, 0xff, 0xe0, 0x0, 0x0, 0xc, 0xff, 0xff,
    0xff, 0x80, 0x0, 0x0, 0xcf, 0xff, 0x9f, 0xff,
    0x40, 0x0, 0xc, 0xff, 0x80, 0x8f, 0xfe, 0x0,
    0x0, 0xcf, 0xf1, 0x0, 0xdf, 0xfa, 0x0, 0xc,
    0xff, 0x10, 0x3, 0xff, 0xf5, 0x0, 0xcf, 0xf1,
    0x0, 0x7, 0xff, 0xe1, 0xc, 0xff, 0x10, 0x0,
    0xc, 0xff, 0xb0,

    /* U+004C "L" */
    0xcf, 0xf1, 0x0, 0x0, 0x0, 0xcf, 0xf1, 0x0,
    0x0, 0x0, 0xcf, 0xf1, 0x0, 0x0, 0x0, 0xcf,
    0xf1, 0x0, 0x0, 0x0, 0xcf, 0xf1, 0x0, 0x0,
    0x0, 0xcf, 0xf1, 0x0, 0x0, 0x0, 0xcf, 0xf1,
    0x0, 0x0, 0x0, 0xcf, 0xf1, 0x0, 0x0, 0x0,
    0xcf, 0xf1, 0x0, 0x0, 0x0, 0xcf, 0xf1, 0x0,
    0x0, 0x0, 0xcf, 0xf1, 0x0, 0x0, 0x0, 0xcf,
    0xf8, 0x77, 0x77, 0x71, 0xcf, 0xff, 0xff, 0xff,
    0xf3, 0xcf, 0xff, 0xff, 0xff, 0xf3,

    /* U+004D "M" */
    0xcf, 0xff, 0x10, 0x0, 0x0, 0x6, 0xff, 0xf7,
    0xcf, 0xff, 0x70, 0x0, 0x0, 0xc, 0xff, 0xf7,
    0xcf, 0xff, 0xd0, 0x0, 0x0, 0x3f, 0xff, 0xf7,
    0xcf, 0xff, 0xf4, 0x0, 0x0, 0x9f, 0xff, 0xf7,
    0xcf, 0xff, 0xfa, 0x0, 0x1, 0xff, 0xff, 0xf7,
    0xcf, 0xf9, 0xff, 0x10, 0x7, 0xff, 0x9f, 0xf7,
    0xcf, 0xf3, 0xff, 0x80, 0xd, 0xfd, 0x6f, 0xf7,
    0xcf, 0xf0, 0xcf, 0xe0, 0x4f, 0xf6, 0x6f, 0xf7,
    0xcf, 0xf0, 0x5f, 0xf5, 0xaf, 0xf1, 0x6f, 0xf7,
    0xcf, 0xf0, 0xe, 0xfd, 0xff, 0x90, 0x6f, 0xf7,
    0xcf, 0xf0, 0x8, 0xff, 0xff, 0x30, 0x6f, 0xf7,
    0xcf, 0xf0, 0x2, 0xff, 0xfd, 0x0, 0x6f, 0xf7,
    0xcf, 0xf0, 0x0, 0xbf, 0xf6, 0x0, 0x6f, 0xf7,
    0xcf, 0xf0, 0x0, 0x5f, 0xf0, 0x0, 0x6f, 0xf7,

    /* U+004E "N" */
    0xcf, 0xf2, 0x0, 0x0, 0xe, 0xff, 0xcf, 0xfc,
    0x0, 0x0, 0xe, 0xff, 0xcf, 0xff, 0x70, 0x0,
    0xe, 0xff, 0xcf, 0xff, 0xf3, 0x0, 0xe, 0xff,
    0xcf, 0xff, 0xfd, 0x0, 0xe, 0xff, 0xcf, 0xfa,
    0xff, 0x90, 0xe, 0xff, 0xcf, 0xf2, 0xcf, 0xf4,
    0xe, 0xff, 0xcf, 0xf1, 0x2f, 0xfe, 0x1e, 0xff,
    0xcf, 0xf1, 0x6, 0xff, 0xae, 0xff, 0xcf, 0xf1,
    0x0, 0xbf, 0xff, 0xff, 0xcf, 0xf1, 0x0, 0x1e,
    0xff, 0xff, 0xcf, 0xf1, 0x0, 0x4, 0xff, 0xff,
    0xcf, 0xf1, 0x0, 0x0, 0x9f, 0xff, 0xcf, 0xf1,
    0x0, 0x0, 0xd, 0xff,

    /* U+004F "O" */
    0x0, 0x0, 0x4a, 0xcf, 0xda, 0x40, 0x0, 0x0,
    0x0, 0x9f, 0xff, 0xff, 0xff, 0xa1, 0x0, 0x0,
    0x9f, 0xff, 0xdb, 0xdf, 0xff, 0xa0, 0x0, 0x3f,
    0xff, 0x50, 0x0, 0x4e, 0xff, 0x40, 0xa, 0xff,
    0x80, 0x0, 0x0, 0x7f, 0xfc, 0x0, 0xdf, 0xf1,
    0x0, 0x0, 0x0, 0xff, 0xf0, 0xf, 0xff, 0x0,
    0x0, 0x0, 0xe, 0xff, 0x10, 0xff, 0xf0, 0x0,
    0x0, 0x0, 0xef, 0xf1, 0xd, 0xff, 0x10, 0x0,
    0x0, 0xf, 0xff, 0x0, 0xaf, 0xf8, 0x0, 0x0,
    0x7, 0xff, 0xc0, 0x3, 0xff, 0xf5, 0x0, 0x4,
    0xef, 0xf4, 0x0, 0x9, 0xff, 0xfd, 0xbd, 0xff,
    0xfa, 0x0, 0x0, 0x9, 0xff, 0xff, 0xff, 0xfa,
    0x10, 0x0, 0x0, 0x4, 0xad, 0xfd, 0xa4, 0x0,
    0x0,

    /* U+0050 "P" */
    0xcf, 0xff, 0xff, 0xdb, 0x40, 0xc, 0xff, 0xff,
    0xff, 0xff, 0x80, 0xcf, 0xf8, 0x78, 0xbf, 0xff,
    0x3c, 0xff, 0x10, 0x0, 0x9f, 0xf9, 0xcf, 0xf1,
    0x0, 0x4, 0xff, 0xbc, 0xff, 0x10, 0x0, 0x6f,
    0xfa, 0xcf, 0xf1, 0x0, 0x4e, 0xff, 0x7c, 0xff,
    0xff, 0xff, 0xff, 0xd0, 0xcf, 0xff, 0xff, 0xff,
    0xa1, 0xc, 0xff, 0x76, 0x64, 0x20, 0x0, 0xcf,
    0xf1, 0x0, 0x0, 0x0, 0xc, 0xff, 0x10, 0x0,
    0x0, 0x0, 0xcf, 0xf1, 0x0, 0x0, 0x0, 0xc,
    0xff, 0x10, 0x0, 0x0, 0x0,

    /* U+0051 "Q" */
    0x0, 0x0, 0x4a, 0xcf, 0xda, 0x40, 0x0, 0x0,
    0x0, 0x9f, 0xff, 0xff, 0xff, 0xa1, 0x0, 0x0,
    0x9f, 0xff, 0xdb, 0xdf, 0xff, 0xa0, 0x0, 0x3f,
    0xff, 0x50, 0x0, 0x4e, 0xff, 0x40, 0xa, 0xff,
    0x80, 0x0, 0x0, 0x7f, 0xfc, 0x0, 0xdf, 0xf1,
    0x0, 0x0, 0x0, 0xff, 0xf0, 0xf, 0xff, 0x0,
    0x0, 0x0, 0xe, 0xff, 0x10, 0xff, 0xf0, 0x0,
    0x0, 0x0, 0xef, 0xf1, 0xd, 0xff, 0x10, 0x0,
    0x0, 0x1f, 0xff, 0x0, 0xaf, 0xf8, 0x2, 0xef,
    0x67, 0xff, 0xb0, 0x3, 0xff, 0xf5, 0x4, 0xff,
    0xff, 0xf4, 0x0, 0x9, 0xff, 0xfd, 0xbe, 0xff,
    0xf8, 0x0, 0x0, 0x9, 0xff, 0xff, 0xff, 0xff,
    0x10, 0x0, 0x0, 0x4, 0xad, 0xfd, 0xae, 0xfb,
    0x0, 0x0, 0x0, 0x0, 0x0, 0x0, 0x4f, 0xf8,
    0x0,

    /* U+0052 "R" */
    0xcf, 0xff, 0xff, 0xeb, 0x50, 0x0, 0xcf, 0xff,
    0xff, 0xff, 0xf9, 0x0, 0xcf, 0xf8, 0x77, 0xbf,
    0xff, 0x40, 0xcf, 0xf1, 0x0, 0x8, 0xff, 0x90,
    0xcf, 0xf1, 0x0, 0x4, 0xff, 0xc0, 0xcf, 0xf1,
    0x0, 0x8, 0xff, 0xa0, 0xcf, 0xf8, 0x67, 0xaf,
    0xff, 0x50, 0xcf, 0xff, 0xff, 0xff, 0xfa, 0x0,
    0xcf, 0xff, 0xff, 0xff, 0x90, 0x0, 0xcf, 0xf1,
    0x5, 0xff, 0xd0, 0x0, 0xcf, 0xf1, 0x0, 0xcf,
    0xf6, 0x0, 0xcf, 0xf1, 0x0, 0x4f, 0xfe, 0x0,
    0xcf, 0xf1, 0x0, 0xb, 0xff, 0x70, 0xcf, 0xf1,
    0x0, 0x3, 0xff, 0xf1,

    /* U+0053 "S" */
    0x0, 0x4, 0xbd, 0xfd, 0xa3, 0x0, 0x0, 0xbf,
    0xff, 0xff, 0xff, 0x70, 0x7, 0xff, 0xfa, 0x9c,
    0xff, 0xf3, 0xc, 0xff, 0x50, 0x0, 0x6f, 0xf8,
    0xd, 0xff, 0x40, 0x0, 0x2, 0x21, 0x8, 0xff,
    0xf9, 0x30, 0x0, 0x0, 0x0, 0xaf, 0xff, 0xff,
    0xb5, 0x0, 0x0, 0x3, 0x9d, 0xff, 0xff, 0xb0,
    0x0, 0x0, 0x0, 0x16, 0xef, 0xf7, 0x18, 0x85,
    0x0, 0x0, 0x3f, 0xfc, 0xf, 0xfe, 0x10, 0x0,
    0x6f, 0xfc, 0xb, 0xff, 0xfa, 0x8b, 0xff, 0xf7,
    0x1, 0xdf, 0xff, 0xff, 0xff, 0xb0, 0x0, 0x6,
    0xce, 0xfd, 0xb5, 0x0,

    /* U+0054 "T" */
    0x5f, 0xff, 0xff, 0xff, 0xff, 0xff, 0x35, 0xff,
    0xff, 0xff, 0xff, 0xff, 0xf3, 0x27, 0x77, 0x7f,
    0xff, 0x77, 0x77, 0x10, 0x0, 0x0, 0xff, 0xe0,
    0x0, 0x0, 0x0, 0x0, 0xf, 0xfe, 0x0, 0x0,
    0x0, 0x0, 0x0, 0xff, 0xe0, 0x0, 0x0, 0x0,
    0x0, 0xf, 0xfe, 0x0, 0x0, 0x0, 0x0, 0x0,
    0xff, 0xe0, 0x0, 0x0, 0x0, 0x0, 0xf, 0xfe,
    0x0, 0x0, 0x0, 0x0, 0x0, 0xff, 0xe0, 0x0,
    0x0, 0x0, 0x0, 0xf, 0xfe, 0x0, 0x0, 0x0,
    0x0, 0x0, 0xff, 0xe0, 0x0, 0x0, 0x0, 0x0,
    0xf, 0xfe, 0x0, 0x0, 0x0, 0x0, 0x0, 0xff,
    0xe0, 0x0, 0x0,

    /* U+0055 "U" */
    0xcf, 0xf1, 0x0, 0x0, 0xf, 0xfe, 0xcf, 0xf1,
    0x0, 0x0, 0xf, 0xfe, 0xcf, 0xf1, 0x0, 0x0,
    0xf, 0xfe, 0xcf, 0xf1, 0x0, 0x0, 0xf, 0xfe,
    0xcf, 0xf1, 0x0, 0x0, 0xf, 0xfe, 0xcf, 0xf1,
    0x0, 0x0, 0xf, 0xfe, 0xcf, 0xf1, 0x0, 0x0,
    0xf, 0xfe, 0xcf, 0xf1, 0x0, 0x0, 0xf, 0xfe,
    0xcf, 0xf2, 0x0, 0x0, 0x1f, 0xfe, 0xbf, 0xf4,
    0x0, 0x0, 0x3f, 0xfc, 0x8f, 0xfd, 0x10, 0x1,
    0xcf, 0xf9, 0x1e, 0xff, 0xfb, 0xbf, 0xff, 0xf2,
    0x4, 0xef, 0xff, 0xff, 0xff, 0x50, 0x0, 0x18,
    0xce, 0xec, 0x91, 0x0,

    /* U+0056 "V" */
    0x6f, 0xfd, 0x0, 0x0, 0x0, 0x7f, 0xfc, 0x1f,
    0xff, 0x20, 0x0, 0x0, 0xcf, 0xf6, 0xb, 0xff,
    0x70, 0x0, 0x1, 0xff, 0xf1, 0x6, 0xff, 0xc0,
    0x0, 0x6, 0xff, 0xb0, 0x1, 0xff, 0xf1, 0x0,
    0xc, 0xff, 0x60, 0x0, 0xaf, 0xf7, 0x0, 0x1f,
    0xff, 0x0, 0x0, 0x5f, 0xfc, 0x0, 0x6f, 0xfa,
    0x0, 0x0, 0xf, 0xff, 0x10, 0xbf, 0xf5, 0x0,
    0x0, 0xa, 0xff, 0x61, 0xff, 0xf0, 0x0, 0x0,
    0x4, 0xff, 0xb5, 0xff, 0xa0, 0x0, 0x0, 0x0,
    0xef, 0xfc, 0xff, 0x40, 0x0, 0x0, 0x0, 0x9f,
    0xff, 0xfe, 0x0, 0x0, 0x0, 0x0, 0x3f, 0xff,
    0xf9, 0x0, 0x0, 0x0, 0x0, 0xd, 0xff, 0xf3,
    0x0, 0x0,

    /* U+0057 "W" */
    0x8f, 0xfa, 0x0, 0x0, 0x8f, 0xf8, 0x0, 0x0,
    0xaf, 0xf8, 0x4f, 0xfe, 0x0, 0x0, 0xcf, 0xfc,
    0x0, 0x0, 0xef, 0xf3, 0xf, 0xff, 0x10, 0x1,
    0xff, 0xff, 0x0, 0x2, 0xff, 0xe0, 0xa, 0xff,
    0x50, 0x5, 0xff, 0xff, 0x40, 0x6, 0xff, 0xa0,
    0x6, 0xff, 0x90, 0x9, 0xff, 0xff, 0x90, 0xa,
    0xff, 0x50, 0x1, 0xff, 0xd0, 0xd, 0xfb, 0xbf,
    0xd0, 0xd, 0xff, 0x10, 0x0, 0xcf, 0xf1, 0x1f,
    0xf6, 0x6f, 0xf1, 0x1f, 0xfc, 0x0, 0x0, 0x8f,
    0xf5, 0x6f, 0xf2, 0x2f, 0xf5, 0x5f, 0xf7, 0x0,
    0x0, 0x3f, 0xf9, 0xaf, 0xd0, 0xd, 0xf9, 0x9f,
    0xf3, 0x0, 0x0, 0xe, 0xfd, 0xef, 0x80, 0x8,
    0xfe, 0xdf, 0xe0, 0x0, 0x0, 0xa, 0xff, 0xff,
    0x40, 0x4, 0xff, 0xff, 0xa0, 0x0, 0x0, 0x5,
    0xff, 0xff, 0x0, 0x0, 0xff, 0xff, 0x50, 0x0,
    0x0, 0x1, 0xff, 0xfa, 0x0, 0x0, 0xaf, 0xff,
    0x10, 0x0, 0x0, 0x0, 0xcf, 0xf6, 0x0, 0x0,
    0x6f, 0xfc, 0x0, 0x0,

    /* U+0058 "X" */
    0x2f, 0xff, 0x30, 0x0, 0x7, 0xff, 0xc0, 0x8,
    0xff, 0xc0, 0x0, 0x2f, 0xff, 0x30, 0x0, 0xdf,
    0xf6, 0x0, 0xbf, 0xf9, 0x0, 0x0, 0x4f, 0xfe,
    0x15, 0xff, 0xe0, 0x0, 0x0, 0xa, 0xff, 0xae,
    0xff, 0x50, 0x0, 0x0, 0x1, 0xef, 0xff, 0xfb,
    0x0, 0x0, 0x0, 0x0, 0x6f, 0xff, 0xf2, 0x0,
    0x0, 0x0, 0x0, 0x6f, 0xff, 0xf2, 0x0, 0x0,
    0x0, 0x1, 0xef, 0xff, 0xfc, 0x0, 0x0, 0x0,
    0xa, 0xff, 0xae, 0xff, 0x60, 0x0, 0x0, 0x4f,
    0xfe, 0x14, 0xff, 0xe1, 0x0, 0x0, 0xef, 0xf6,
    0x0, 0xbf, 0xfa, 0x0, 0x9, 0xff, 0xc0, 0x0,
    0x2f, 0xff, 0x40, 0x3f, 0xff, 0x30, 0x0, 0x7,
    0xff, 0xd0,

    /* U+0059 "Y" */
    0x6f, 0xfe, 0x0, 0x0, 0x0, 0xef, 0xf4, 0xc,
    0xff, 0x70, 0x0, 0x8, 0xff, 0xb0, 0x3, 0xff,
    0xe0, 0x0, 0x1f, 0xff, 0x20, 0x0, 0xaf, 0xf8,
    0x0, 0x9f, 0xf9, 0x0, 0x0, 0x2f, 0xff, 0x12,
    0xff, 0xe1, 0x0, 0x0, 0x8, 0xff, 0x9a, 0xff,
    0x60, 0x0, 0x0, 0x0, 0xef, 0xff, 0xfd, 0x0,
    0x0, 0x0, 0x0, 0x6f, 0xff, 0xf4, 0x0, 0x0,
    0x0, 0x0, 0xc, 0xff, 0xb0, 0x0, 0x0, 0x0,
    0x0, 0x8, 0xff, 0x60, 0x0, 0x0, 0x0, 0x0,
    0x8, 0xff, 0x60, 0x0, 0x0, 0x0, 0x0, 0x8,
    0xff, 0x60, 0x0, 0x0, 0x0, 0x0, 0x8, 0xff,
    0x60, 0x0, 0x0, 0x0, 0x0, 0x8, 0xff, 0x60,
    0x0, 0x0,

    /* U+005A "Z" */
    0xff, 0xff, 0xff, 0xff, 0xff, 0xcf, 0xff, 0xff,
    0xff, 0xff, 0xfc, 0x77, 0x77, 0x77, 0x8f, 0xff,
    0x40, 0x0, 0x0, 0xa, 0xff, 0x80, 0x0, 0x0,
    0x5, 0xff, 0xc0, 0x0, 0x0, 0x2, 0xff, 0xf2,
    0x0, 0x0, 0x0, 0xcf, 0xf5, 0x0, 0x0, 0x0,
    0x8f, 0xf9, 0x0, 0x0, 0x0, 0x4f, 0xfd, 0x0,
    0x0, 0x0, 0x1e, 0xff, 0x30, 0x0, 0x0, 0xb,
    0xff, 0x70, 0x0, 0x0, 0x7, 0xff, 0xf7, 0x77,
    0x77, 0x76, 0xff, 0xff, 0xff, 0xff, 0xff, 0xcf,
    0xff, 0xff, 0xff, 0xff, 0xfc,

    /* U+005B "[" */
    0x33, 0x33, 0x31, 0xff, 0xff, 0xf6, 0xff, 0xff,
    0xf6, 0xff, 0xc0, 0x0, 0xff, 0xc0, 0x0, 0xff,
    0xc0, 0x0, 0xff, 0xc0, 0x0, 0xff, 0xc0, 0x0,
    0xff, 0xc0, 0x0, 0xff, 0xc0, 0x0, 0xff, 0xc0,
    0x0, 0xff, 0xc0, 0x0, 0xff, 0xc0, 0x0, 0xff,
    0xc0, 0x0, 0xff, 0xc0, 0x0, 0xff, 0xc0, 0x0,
    0xff, 0xc0, 0x0, 0xff, 0xd3, 0x31, 0xff, 0xff,
    0xf6, 0xff, 0xff, 0xf6,

    /* U+005C "\\" */
    0x57, 0x50, 0x0, 0x0, 0x8f, 0xe0, 0x0, 0x0,
    0x4f, 0xf3, 0x0, 0x0, 0xf, 0xf7, 0x0, 0x0,
    0xc, 0xfb, 0x0, 0x0, 0x7, 0xff, 0x0, 0x0,
    0x3, 0xff, 0x30, 0x0, 0x0, 0xff, 0x80, 0x0,
    0x0, 0xbf, 0xc0, 0x0, 0x0, 0x7f, 0xf0, 0x0,
    0x0, 0x3f, 0xf4, 0x0, 0x0, 0xe, 0xf8, 0x0,
    0x0, 0xa, 0xfc, 0x0, 0x0, 0x6, 0xff, 0x10,
    0x0, 0x2, 0xff, 0x50, 0x0, 0x0, 0xef, 0x90,
    0x0, 0x0, 0xaf, 0xd0, 0x0, 0x0, 0x6f, 0xf1,

    /* U+005D "]" */
    0x23, 0x33, 0x32, 0x9f, 0xff, 0xfc, 0x9f, 0xff,
    0xfc, 0x0, 0xf, 0xfc, 0x0, 0xf, 0xfc, 0x0,
    0xf, 0xfc, 0x0, 0xf, 0xfc, 0x0, 0xf, 0xfc,
    0x0, 0xf, 0xfc, 0x0, 0xf, 0xfc, 0x0, 0xf,
    0xfc, 0x0, 0xf, 0xfc, 0x0, 0xf, 0xfc, 0x0,
    0xf, 0xfc, 0x0, 0xf, 0xfc, 0x0, 0xf, 0xfc,
    0x0, 0xf, 0xfc, 0x23, 0x3f, 0xfc, 0x9f, 0xff,
    0xfc, 0x9f, 0xff, 0xfc,

    /* U+005E "^" */
    0x0, 0xb, 0xff, 0x10, 0x0, 0x3, 0xff, 0xf9,
    0x0, 0x0, 0xbf, 0xef, 0xf1, 0x0, 0x3f, 0xf3,
    0xdf, 0x80, 0xa, 0xfc, 0x7, 0xff, 0x12, 0xff,
    0x50, 0xf, 0xf8,

    /* U+005F "_" */
    0x4, 0x44, 0x44, 0x44, 0x44, 0x1, 0xff, 0xff,
    0xff, 0xff, 0xf3, 0x1f, 0xff, 0xff, 0xff, 0xff,
    0x30,

    /* U+0060 "`" */
    0x3, 0x31, 0x0, 0xcf, 0xb0, 0x3, 0xff, 0x20,
    0x8, 0xfa,

    /* U+0061 "a" */
    0x0, 0x29, 0xdf, 0xea, 0x30, 0x0, 0x3f, 0xff,
    0xff, 0xff, 0x40, 0xb, 0xff, 0x73, 0x7f, 0xfc,
    0x0, 0x55, 0x40, 0x0, 0xdf, 0xf0, 0x0, 0x5a,
    0xbc, 0xcf, 0xff, 0x10, 0x9f, 0xff, 0xff, 0xff,
    0xf1, 0x2f, 0xfe, 0x40, 0xc, 0xff, 0x15, 0xff,
    0x80, 0x0, 0xef, 0xf1, 0x3f, 0xfd, 0x32, 0xaf,
    0xff, 0x10, 0xcf, 0xff, 0xfe, 0xcf, 0xf1, 0x1,
    0xae, 0xea, 0x3a, 0xff, 0x10,

    /* U+0062 "b" */
    0xcf, 0xf1, 0x0, 0x0, 0x0, 0xc, 0xff, 0x10,
    0x0, 0x0, 0x0, 0xcf, 0xf1, 0x0, 0x0, 0x0,
    0xc, 0xff, 0x18, 0xee, 0xb3, 0x0, 0xcf, 0xf9,
    0xff, 0xff, 0xf4, 0xc, 0xff, 0xf8, 0x6c, 0xff,
    0xd0, 0xcf, 0xf8, 0x0, 0xe, 0xff, 0x3c, 0xff,
    0x20, 0x0, 0x9f, 0xf5, 0xcf, 0xf0, 0x0, 0x7,
    0xff, 0x7c, 0xff, 0x20, 0x0, 0x9f, 0xf5, 0xcf,
    0xf6, 0x0, 0xd, 0xff, 0x3c, 0xff, 0xf6, 0x3a,
    0xff, 0xd0, 0xcf, 0xfa, 0xff, 0xff, 0xf4, 0xc,
    0xff, 0x19, 0xee, 0xb3, 0x0,

    /* U+0063 "c" */
    0x0, 0x6, 0xbe, 0xeb, 0x40, 0x0, 0xb, 0xff,
    0xff, 0xff, 0x80, 0x7, 0xff, 0xd6, 0x8e, 0xff,
    0x30, 0xff, 0xf1, 0x0, 0x6f, 0xf7, 0x2f, 0xfc,
    0x0, 0x0, 0x0, 0x4, 0xff, 0xa0, 0x0, 0x0,
    0x0, 0x2f, 0xfc, 0x0, 0x0, 0x11, 0x0, 0xff,
    0xf2, 0x0, 0x6f, 0xf7, 0x7, 0xff, 0xe7, 0x8e,
    0xff, 0x20, 0xb, 0xff, 0xff, 0xff, 0x80, 0x0,
    0x6, 0xbe, 0xeb, 0x40, 0x0,

    /* U+0064 "d" */
    0x0, 0x0, 0x0, 0x0, 0xdf, 0xf0, 0x0, 0x0,
    0x0, 0x0, 0xdf, 0xf0, 0x0, 0x0, 0x0, 0x0,
    0xdf, 0xf0, 0x0, 0x1a, 0xee, 0xa1, 0xdf, 0xf0,
    0x1, 0xef, 0xff, 0xfb, 0xdf, 0xf0, 0x9, 0xff,
    0xe7, 0x7e, 0xff, 0xf0, 0xf, 0xff, 0x20, 0x4,
    0xff, 0xf0, 0x2f, 0xfc, 0x0, 0x0, 0xef, 0xf0,
    0x3f, 0xfb, 0x0, 0x0, 0xdf, 0xf0, 0x2f, 0xfd,
    0x0, 0x0, 0xef, 0xf0, 0xf, 0xff, 0x20, 0x4,
    0xff, 0xf0, 0x9, 0xff, 0xe7, 0x7f, 0xff, 0xf0,
    0x1, 0xef, 0xff, 0xfb, 0xdf, 0xf0, 0x0, 0x1a,
    0xee, 0xa1, 0xcf, 0xf0,

    /* U+0065 "e" */
    0x0, 0x6, 0xbe, 0xeb, 0x30, 0x0, 0xb, 0xff,
    0xff, 0xff, 0x70, 0x7, 0xff, 0xa4, 0x5c, 0xff,
    0x20, 0xff, 0xc0, 0x0, 0x1f, 0xf8, 0x2f, 0xff,
    0xdd, 0xdd, 0xff, 0xa4, 0xff, 0xff, 0xff, 0xff,
    0xfc, 0x2f, 0xfa, 0x0, 0x0, 0x0, 0x0, 0xff,
    0xe0, 0x0, 0x4, 0x43, 0x8, 0xff, 0xc4, 0x5c,
    0xff, 0x60, 0xc, 0xff, 0xff, 0xff, 0xb0, 0x0,
    0x7, 0xce, 0xec, 0x60, 0x0,

    /* U+0066 "f" */
    0x0, 0x3b, 0xef, 0xd0, 0xe, 0xff, 0xff, 0x3,
    0xff, 0xe6, 0x5b, 0xff, 0xff, 0xfc, 0xbf, 0xff,
    0xff, 0xc2, 0x6f, 0xfb, 0x32, 0x3, 0xff, 0xa0,
    0x0, 0x3f, 0xfa, 0x0, 0x3, 0xff, 0xa0, 0x0,
    0x3f, 0xfa, 0x0, 0x3, 0xff, 0xa0, 0x0, 0x3f,
    0xfa, 0x0, 0x3, 0xff, 0xa0, 0x0, 0x3f, 0xfa,
    0x0,

    /* U+0067 "g" */
    0x0, 0x1a, 0xee, 0xa1, 0xcf, 0xf0, 0x1, 0xef,
    0xff, 0xfc, 0xdf, 0xf0, 0x9, 0xff, 0xd5, 0x5e,
    0xff, 0xf0, 0xf, 0xff, 0x20, 0x3, 0xff, 0xf0,
    0x2f, 0xfc, 0x0, 0x0, 0xef, 0xf0, 0x3f, 0xfb,
    0x0, 0x0, 0xdf, 0xf0, 0x2f, 0xfc, 0x0, 0x0,
    0xef, 0xf0, 0xf, 0xff, 0x10, 0x3, 0xff, 0xf0,
    0xa, 0xff, 0xd5, 0x5e, 0xff, 0xf0, 0x2, 0xef,
    0xff, 0xfc, 0xdf, 0xf0, 0x0, 0x1a, 0xef, 0xb1,
    0xcf, 0xf0, 0x2, 0x22, 0x0, 0x0, 0xef, 0xe0,
    0xc, 0xff, 0x83, 0x4a, 0xff, 0xa0, 0x4, 0xff,
    0xff, 0xff, 0xfe, 0x10, 0x0, 0x29, 0xdf, 0xec,
    0x71, 0x0,

    /* U+0068 "h" */
    0xdf, 0xf0, 0x0, 0x0, 0x0, 0xdf, 0xf0, 0x0,
    0x0, 0x0, 0xdf, 0xf0, 0x0, 0x0, 0x0, 0xdf,
    0xf0, 0x8e, 0xfb, 0x30, 0xdf, 0xf8, 0xff, 0xff,
    0xf2, 0xdf, 0xff, 0x98, 0xef, 0xfa, 0xdf, 0xf5,
    0x0, 0x3f, 0xfd, 0xdf, 0xf1, 0x0, 0xf, 0xfe,
    0xdf, 0xf0, 0x0, 0xf, 0xfe, 0xdf, 0xf0, 0x0,
    0xf, 0xfe, 0xdf, 0xf0, 0x0, 0xf, 0xfe, 0xdf,
    0xf0, 0x0, 0xf, 0xfe, 0xdf, 0xf0, 0x0, 0xf,
    0xfe, 0xdf, 0xf0, 0x0, 0xf, 0xfe,

    /* U+0069 "i" */
    0x0, 0x0, 0x7e, 0x80, 0xef, 0xf0, 0x6e, 0x80,
    0x0, 0x0, 0xdf, 0xf0, 0xdf, 0xf0, 0xdf, 0xf0,
    0xdf, 0xf0, 0xdf, 0xf0, 0xdf, 0xf0, 0xdf, 0xf0,
    0xdf, 0xf0, 0xdf, 0xf0, 0xdf, 0xf0, 0xdf, 0xf0,

    /* U+006A "j" */
    0x0, 0x0, 0x0, 0x0, 0x7e, 0x80, 0x0, 0xef,
    0xf0, 0x0, 0x7e, 0x80, 0x0, 0x0, 0x0, 0x0,
    0xdf, 0xf0, 0x0, 0xdf, 0xf0, 0x0, 0xdf, 0xf0,
    0x0, 0xdf, 0xf0, 0x0, 0xdf, 0xf0, 0x0, 0xdf,
    0xf0, 0x0, 0xdf, 0xf0, 0x0, 0xdf, 0xf0, 0x0,
    0xdf, 0xf0, 0x0, 0xdf, 0xf0, 0x0, 0xdf, 0xf0,
    0x0, 0xef, 0xf0, 0x28, 0xff, 0xd0, 0x8f, 0xff,
    0x70, 0x8f, 0xc6, 0x0,

    /* U+006B "k" */
    0xdf, 0xf0, 0x0, 0x0, 0x0, 0xd, 0xff, 0x0,
    0x0, 0x0, 0x0, 0xdf, 0xf0, 0x0, 0x0, 0x0,
    0xd, 0xff, 0x0, 0xc, 0xff, 0x80, 0xdf, 0xf0,
    0x9, 0xff, 0xb0, 0xd, 0xff, 0x6, 0xff, 0xd0,
    0x0, 0xdf, 0xf4, 0xff, 0xe2, 0x0, 0xd, 0xff,
    0xff, 0xf4, 0x0, 0x0, 0xdf, 0xff, 0xff, 0x70,
    0x0, 0xd, 0xff, 0xdf, 0xff, 0x20, 0x0, 0xdf,
    0xf1, 0x8f, 0xfc, 0x0, 0xd, 0xff, 0x0, 0xdf,
    0xf7, 0x0, 0xdf, 0xf0, 0x3, 0xff, 0xf2, 0xd,
    0xff, 0x0, 0x9, 0xff, 0xc0,

    /* U+006C "l" */
    0xdf, 0xf0, 0xdf, 0xf0, 0xdf, 0xf0, 0xdf, 0xf0,
    0xdf, 0xf0, 0xdf, 0xf0, 0xdf, 0xf0, 0xdf, 0xf0,
    0xdf, 0xf0, 0xdf, 0xf0, 0xdf, 0xf0, 0xdf, 0xf0,
    0xdf, 0xf0, 0xdf, 0xf0,

    /* U+006D "m" */
    0xdf, 0xe0, 0xae, 0xe9, 0x1, 0x9e, 0xeb, 0x20,
    0xdf, 0xe9, 0xff, 0xff, 0x9c, 0xff, 0xff, 0xd0,
    0xdf, 0xfe, 0x8b, 0xff, 0xff, 0x8a, 0xff, 0xf4,
    0xdf, 0xf5, 0x0, 0xdf, 0xf7, 0x0, 0xaf, 0xf7,
    0xdf, 0xf1, 0x0, 0x9f, 0xf3, 0x0, 0x6f, 0xf7,
    0xdf, 0xf0, 0x0, 0x9f, 0xf3, 0x0, 0x6f, 0xf7,
    0xdf, 0xf0, 0x0, 0x9f, 0xf3, 0x0, 0x6f, 0xf7,
    0xdf, 0xf0, 0x0, 0x9f, 0xf3, 0x0, 0x6f, 0xf7,
    0xdf, 0xf0, 0x0, 0x9f, 0xf3, 0x0, 0x6f, 0xf7,
    0xdf, 0xf0, 0x0, 0x9f, 0xf3, 0x0, 0x6f, 0xf7,
    0xdf, 0xf0, 0x0, 0x9f, 0xf3, 0x0, 0x6f, 0xf7,

    /* U+006E "n" */
    0xdf, 0xe0, 0x9e, 0xeb, 0x20, 0xdf, 0xe9, 0xff,
    0xff, 0xf1, 0xdf, 0xff, 0x98, 0xef, 0xf9, 0xdf,
    0xf5, 0x0, 0x4f, 0xfc, 0xdf, 0xf1, 0x0, 0xf,
    0xfd, 0xdf, 0xf0, 0x0, 0xf, 0xfd, 0xdf, 0xf0,
    0x0, 0xf, 0xfd, 0xdf, 0xf0, 0x0, 0xf, 0xfd,
    0xdf, 0xf0, 0x0, 0xf, 0xfd, 0xdf, 0xf0, 0x0,
    0xf, 0xfd, 0xdf, 0xf0, 0x0, 0xf, 0xfd,

    /* U+006F "o" */
    0x0, 0x6, 0xbe, 0xeb, 0x40, 0x0, 0x0, 0xcf,
    0xff, 0xff, 0xf9, 0x0, 0x7, 0xff, 0xd5, 0x6e,
    0xff, 0x40, 0xf, 0xff, 0x10, 0x4, 0xff, 0xc0,
    0x2f, 0xfc, 0x0, 0x0, 0xff, 0xf0, 0x4f, 0xfa,
    0x0, 0x0, 0xdf, 0xf1, 0x2f, 0xfc, 0x0, 0x0,
    0xff, 0xf0, 0xf, 0xff, 0x20, 0x4, 0xff, 0xc0,
    0x7, 0xff, 0xd6, 0x7e, 0xff, 0x40, 0x0, 0xbf,
    0xff, 0xff, 0xf9, 0x0, 0x0, 0x6, 0xbe, 0xeb,
    0x40, 0x0,

    /* U+0070 "p" */
    0xdf, 0xf0, 0x9e, 0xeb, 0x20, 0xd, 0xff, 0x8f,
    0xff, 0xff, 0x30, 0xdf, 0xff, 0x86, 0xdf, 0xfc,
    0xd, 0xff, 0x60, 0x0, 0xef, 0xf2, 0xdf, 0xf1,
    0x0, 0xa, 0xff, 0x4d, 0xff, 0x0, 0x0, 0x8f,
    0xf6, 0xdf, 0xf1, 0x0, 0xa, 0xff, 0x4d, 0xff,
    0x70, 0x1, 0xff, 0xf2, 0xdf, 0xff, 0x86, 0xdf,
    0xfb, 0xd, 0xff, 0x9f, 0xff, 0xff, 0x30, 0xdf,
    0xf0, 0x9e, 0xeb, 0x20, 0xd, 0xff, 0x0, 0x0,
    0x0, 0x0, 0xdf, 0xf0, 0x0, 0x0, 0x0, 0xd,
    0xff, 0x0, 0x0, 0x0, 0x0, 0xdf, 0xf0, 0x0,
    0x0, 0x0, 0x0,

    /* U+0071 "q" */
    0x0, 0x1a, 0xee, 0xa1, 0xcf, 0xf0, 0x1, 0xef,
    0xff, 0xfc, 0xdf, 0xf0, 0x9, 0xff, 0xd5, 0x5e,
    0xff, 0xf0, 0xf, 0xff, 0x10, 0x3, 0xff, 0xf0,
    0x2f, 0xfc, 0x0, 0x0, 0xef, 0xf0, 0x3f, 0xfb,
    0x0, 0x0, 0xdf, 0xf0, 0x2f, 0xfd, 0x0, 0x0,
    0xef, 0xf0, 0xf, 0xff, 0x20, 0x4, 0xff, 0xf0,
    0x9, 0xff, 0xe7, 0x7f, 0xff, 0xf0, 0x1, 0xef,
    0xff, 0xfb, 0xdf, 0xf0, 0x0, 0x1a, 0xee, 0xa1,
    0xdf, 0xf0, 0x0, 0x0, 0x0, 0x0, 0xdf, 0xf0,
    0x0, 0x0, 0x0, 0x0, 0xdf, 0xf0, 0x0, 0x0,
    0x0, 0x0, 0xdf, 0xf0, 0x0, 0x0, 0x0, 0x0,
    0xdf, 0xf0,

    /* U+0072 "r" */
    0xdf, 0xe1, 0xbf, 0x7d, 0xfe, 0x9f, 0xf8, 0xdf,
    0xff, 0xc9, 0x5d, 0xff, 0x80, 0x0, 0xdf, 0xf1,
    0x0, 0xd, 0xff, 0x0, 0x0, 0xdf, 0xf0, 0x0,
    0xd, 0xff, 0x0, 0x0, 0xdf, 0xf0, 0x0, 0xd,
    0xff, 0x0, 0x0, 0xdf, 0xf0, 0x0, 0x0,

    /* U+0073 "s" */
    0x0, 0x4b, 0xef, 0xd9, 0x20, 0x0, 0x6f, 0xff,
    0xff, 0xff, 0x20, 0xe, 0xff, 0x62, 0x7f, 0xfa,
    0x0, 0xff, 0xf1, 0x0, 0x44, 0x40, 0xc, 0xff,
    0xfb, 0x73, 0x0, 0x0, 0x1c, 0xff, 0xff, 0xfd,
    0x30, 0x0, 0x2, 0x69, 0xef, 0xfe, 0x1, 0x66,
    0x40, 0x0, 0xff, 0xf1, 0x1f, 0xff, 0x63, 0x7f,
    0xfe, 0x0, 0x7f, 0xff, 0xff, 0xff, 0x40, 0x0,
    0x4b, 0xef, 0xda, 0x30, 0x0,

    /* U+0074 "t" */
    0x1, 0x77, 0x50, 0x0, 0x2f, 0xfb, 0x0, 0x2,
    0xff, 0xb0, 0x9, 0xff, 0xff, 0xfb, 0x9f, 0xff,
    0xff, 0xb2, 0x5f, 0xfc, 0x32, 0x2, 0xff, 0xb0,
    0x0, 0x2f, 0xfb, 0x0, 0x2, 0xff, 0xb0, 0x0,
    0x2f, 0xfb, 0x0, 0x2, 0xff, 0xc0, 0x0, 0xf,
    0xff, 0x75, 0x0, 0xbf, 0xff, 0xd0, 0x1, 0x9e,
    0xfd,

    /* U+0075 "u" */
    0xdf, 0xf0, 0x0, 0xf, 0xfd, 0xdf, 0xf0, 0x0,
    0xf, 0xfd, 0xdf, 0xf0, 0x0, 0xf, 0xfd, 0xdf,
    0xf0, 0x0, 0xf, 0xfd, 0xdf, 0xf0, 0x0, 0xf,
    0xfd, 0xdf, 0xf0, 0x0, 0xf, 0xfd, 0xdf, 0xf1,
    0x0, 0x1f, 0xfd, 0xcf, 0xf6, 0x0, 0x6f, 0xfd,
    0x9f, 0xff, 0x9a, 0xff, 0xfd, 0x2f, 0xff, 0xff,
    0x7f, 0xfd, 0x3, 0xcf, 0xe8, 0xf, 0xfd,

    /* U+0076 "v" */
    0x8f, 0xf7, 0x0, 0x3, 0xff, 0xc3, 0xff, 0xc0,
    0x0, 0x8f, 0xf7, 0xd, 0xff, 0x0, 0xc, 0xff,
    0x20, 0x8f, 0xf5, 0x1, 0xff, 0xc0, 0x3, 0xff,
    0x90, 0x5f, 0xf7, 0x0, 0xd, 0xfe, 0xa, 0xff,
    0x10, 0x0, 0x8f, 0xf2, 0xef, 0xc0, 0x0, 0x2,
    0xff, 0xaf, 0xf6, 0x0, 0x0, 0xd, 0xff, 0xff,
    0x10, 0x0, 0x0, 0x8f, 0xff, 0xc0, 0x0, 0x0,
    0x2, 0xff, 0xf6, 0x0, 0x0,

    /* U+0077 "w" */
    0x8f, 0xf5, 0x0, 0x5f, 0xfb, 0x0, 0xf, 0xfe,
    0x4, 0xff, 0x90, 0x9, 0xff, 0xf0, 0x3, 0xff,
    0xa0, 0xf, 0xfd, 0x0, 0xdf, 0xff, 0x30, 0x6f,
    0xf6, 0x0, 0xcf, 0xf0, 0x1f, 0xff, 0xf7, 0xa,
    0xff, 0x20, 0x7, 0xff, 0x44, 0xff, 0xaf, 0xb0,
    0xef, 0xd0, 0x0, 0x3f, 0xf7, 0x8f, 0xb5, 0xfe,
    0x1f, 0xf9, 0x0, 0x0, 0xff, 0xbc, 0xf7, 0x1f,
    0xf7, 0xff, 0x50, 0x0, 0xb, 0xff, 0xff, 0x30,
    0xdf, 0xef, 0xf1, 0x0, 0x0, 0x7f, 0xff, 0xf0,
    0x9, 0xff, 0xfc, 0x0, 0x0, 0x2, 0xff, 0xfb,
    0x0, 0x4f, 0xff, 0x80, 0x0, 0x0, 0xe, 0xff,
    0x60, 0x0, 0xff, 0xf4, 0x0, 0x0,

    /* U+0078 "x" */
    0x2f, 0xfc, 0x0, 0xb, 0xff, 0x30, 0x9f, 0xf4,
    0x4, 0xff, 0xa0, 0x1, 0xff, 0xc0, 0xcf, 0xf2,
    0x0, 0x8, 0xff, 0x9f, 0xf8, 0x0, 0x0, 0xe,
    0xff, 0xfe, 0x0, 0x0, 0x0, 0x8f, 0xff, 0x80,
    0x0, 0x0, 0x1e, 0xff, 0xfe, 0x10, 0x0, 0x8,
    0xff, 0x9f, 0xf9, 0x0, 0x2, 0xff, 0xc0, 0xcf,
    0xf2, 0x0, 0xbf, 0xf4, 0x3, 0xff, 0xb0, 0x4f,
    0xfb, 0x0, 0xa, 0xff, 0x40,

    /* U+0079 "y" */
    0x8f, 0xf7, 0x0, 0x3, 0xff, 0xc3, 0xff, 0xb0,
    0x0, 0x8f, 0xf7, 0xd, 0xff, 0x0, 0xc, 0xff,
    0x20, 0x8f, 0xf4, 0x1, 0xff, 0xc0, 0x2, 0xff,
    0x90, 0x5f, 0xf7, 0x0, 0xd, 0xfd, 0x9, 0xff,
    0x10, 0x0, 0x7f, 0xf1, 0xef, 0xc0, 0x0, 0x2,
    0xff, 0x9f, 0xf6, 0x0, 0x0, 0xc, 0xff, 0xff,
    0x10, 0x0, 0x0, 0x7f, 0xff, 0xb0, 0x0, 0x0,
    0x2, 0xff, 0xf6, 0x0, 0x0, 0x0, 0xf, 0xff,
    0x10, 0x0, 0x3, 0x5b, 0xff, 0xa0, 0x0, 0x0,
    0x9f, 0xff, 0xe2, 0x0, 0x0, 0x9, 0xfe, 0xa2,
    0x0, 0x0, 0x0,

    /* U+007A "z" */
    0xcf, 0xff, 0xff, 0xff, 0xcc, 0xff, 0xff, 0xff,
    0xfc, 0x45, 0x55, 0x5e, 0xff, 0x50, 0x0, 0x8,
    0xff, 0x90, 0x0, 0x4, 0xff, 0xd0, 0x0, 0x2,
    0xef, 0xf2, 0x0, 0x0, 0xcf, 0xf6, 0x0, 0x0,
    0x9f, 0xfa, 0x0, 0x0, 0x6f, 0xff, 0x65, 0x55,
    0x5e, 0xff, 0xff, 0xff, 0xfe, 0xef, 0xff, 0xff,
    0xff, 0xe0,

    /* U+007B "{" */
    0x0, 0x1, 0x9d, 0xf6, 0x0, 0xd, 0xff, 0xf6,
    0x0, 0x2f, 0xfe, 0x51, 0x0, 0x5f, 0xf8, 0x0,
    0x0, 0x5f, 0xf6, 0x0, 0x0, 0x6f, 0xf6, 0x0,
    0x2, 0xcf, 0xf5, 0x0, 0x7f, 0xff, 0xa0, 0x0,
    0x7f, 0xf6, 0x0, 0x0, 0x5d, 0xff, 0xd0, 0x0,
    0x0, 0xaf, 0xf5, 0x0, 0x0, 0x6f, 0xf6, 0x0,
    0x0, 0x5f, 0xf6, 0x0, 0x0, 0x5f, 0xf7, 0x0,
    0x0, 0x4f, 0xf8, 0x0, 0x0, 0x2f, 0xfe, 0x51,
    0x0, 0xa, 0xff, 0xf6, 0x0, 0x0, 0x8d, 0xf6,

    /* U+007C "|" */
    0x78, 0x8c, 0xfe, 0xcf, 0xec, 0xfe, 0xcf, 0xec,
    0xfe, 0xcf, 0xec, 0xfe, 0xcf, 0xec, 0xfe, 0xcf,
    0xec, 0xfe, 0xcf, 0xec, 0xfe, 0xcf, 0xec, 0xfe,
    0xcf, 0xec, 0xfe, 0xcf, 0xe0,

    /* U+007D "}" */
    0x9e, 0xd8, 0x0, 0x0, 0x9f, 0xff, 0xa0, 0x0,
    0x26, 0xff, 0xf0, 0x0, 0x0, 0xcf, 0xf2, 0x0,
    0x0, 0xaf, 0xf2, 0x0, 0x0, 0xaf, 0xf2, 0x0,
    0x0, 0x9f, 0xf9, 0x10, 0x0, 0x1c, 0xff, 0xf3,
    0x0, 0x1, 0x8f, 0xf3, 0x0, 0x2e, 0xff, 0xc2,
    0x0, 0x9f, 0xf7, 0x0, 0x0, 0xaf, 0xf2, 0x0,
    0x0, 0xaf, 0xf2, 0x0, 0x0, 0xaf, 0xf2, 0x0,
    0x0, 0xbf, 0xf1, 0x0, 0x27, 0xff, 0xf0, 0x0,
    0x9f, 0xff, 0x70, 0x0, 0x9e, 0xc6, 0x0, 0x0,

    /* U+007E "~" */
    0x0, 0x45, 0x20, 0x0, 0x0, 0x11, 0xdf, 0xff,
    0xfb, 0x88, 0xe3, 0x2f, 0xff, 0xff, 0xff, 0xff,
    0x32, 0x82, 0x14, 0x7b, 0xed, 0x70,

    /* U+2082 "₂" */
    0x2, 0xae, 0xeb, 0x20, 0xe, 0xfe, 0xef, 0xe1,
    0x4f, 0xd0, 0xb, 0xf5, 0x0, 0x0, 0xd, 0xf4,
    0x0, 0x0, 0xbf, 0xc0, 0x0, 0x1c, 0xfc, 0x10,
    0x3, 0xef, 0x90, 0x0, 0x2f, 0xff, 0xdd, 0xd6,
    0x3f, 0xff, 0xff, 0xf8,

    /* U+AC04 "간" */
    0x0, 0x0, 0x0, 0x0, 0x0, 0x0, 0xff, 0x80,
    0x0, 0xaa, 0xaa, 0xaa, 0xaa, 0x70, 0xf, 0xf8,
    0x0, 0xe, 0xff, 0xff, 0xff, 0xf9, 0x0, 0xff,
    0x80, 0x0, 0x44, 0x44, 0x47, 0xff, 0x60, 0xf,
    0xf8, 0x0, 0x0, 0x0, 0x0, 0x8f, 0xf2, 0x0,
    0xff, 0x81, 0x10, 0x0, 0x0, 0x2e, 0xfa, 0x0,
    0xf, 0xff, 0xfe, 0x0, 0x0, 0x2d, 0xff, 0x20,
    0x0, 0xff, 0xfe, 0xd0, 0x0, 0x7f, 0xff, 0x40,
    0x0, 0xf, 0xf8, 0x0, 0x29, 0xef, 0xfd, 0x20,
    0x0, 0x0, 0xff, 0x80, 0x5, 0xff, 0xe8, 0x0,
    0x0, 0x0, 0xf, 0xf8, 0x0, 0x9, 0x50, 0x0,
    0x0, 0x0, 0x0, 0xff, 0x80, 0x0, 0x0, 0xcc,
    0x50, 0x0, 0x0, 0xf, 0xf8, 0x0, 0x0, 0xf,
    0xf7, 0x0, 0x0, 0x0, 0xbb, 0x60, 0x0, 0x0,
    0xff, 0x70, 0x0, 0x0, 0x0, 0x0, 0x0, 0x0,
    0xf, 0xf7, 0x0, 0x0, 0x0, 0x0, 0x0, 0x0,
    0x0, 0xff, 0xdb, 0xbb, 0xbb, 0xbb, 0xbb, 0x10,
    0x0, 0xf, 0xff, 0xff, 0xff, 0xff, 0xff, 0xf1,
    0x0, 0x0, 0x44, 0x44, 0x44, 0x44, 0x44, 0x44,
    0x0,

    /* U+AC15 "강" */
    0x0, 0x0, 0x0, 0x0, 0x0, 0x0, 0x22, 0x10,
    0x0, 0x0, 0x0, 0x0, 0x0, 0x0, 0xf, 0xf7,
    0x0, 0xe, 0xff, 0xff, 0xff, 0xf7, 0x0, 0xff,
    0x70, 0x0, 0xef, 0xff, 0xff, 0xff, 0x60, 0xf,
    0xf7, 0x0, 0x0, 0x0, 0x0, 0x6f, 0xf3, 0x0,
    0xff, 0x70, 0x0, 0x0, 0x0, 0xb, 0xfe, 0x0,
    0xf, 0xff, 0xfd, 0x0, 0x0, 0x6, 0xff, 0x70,
    0x0, 0xff, 0xff, 0xd0, 0x0, 0x5, 0xff, 0xd0,
    0x0, 0xf, 0xf7, 0x11, 0x0, 0x1a, 0xff, 0xe2,
    0x0, 0x0, 0xff, 0x70, 0x4, 0xbf, 0xff, 0xc1,
    0x0, 0x0, 0xf, 0xf7, 0x0, 0x6f, 0xfe, 0x80,
    0x0, 0x0, 0x0, 0xff, 0x70, 0x0, 0xc6, 0x0,
    0x0, 0x13, 0x20, 0x8, 0x83, 0x0, 0x0, 0x0,
    0x5b, 0xff, 0xff, 0xfd, 0x70, 0x0, 0x0, 0x0,
    0x8f, 0xff, 0xcb, 0xce, 0xff, 0xc1, 0x0, 0x0,
    0x2f, 0xf8, 0x0, 0x0, 0x4, 0xff, 0x60, 0x0,
    0x4, 0xff, 0x30, 0x0, 0x0, 0xe, 0xf9, 0x0,
    0x0, 0xf, 0xfd, 0x63, 0x23, 0x5b, 0xff, 0x40,
    0x0, 0x0, 0x3e, 0xff, 0xff, 0xff, 0xff, 0x60,
    0x0, 0x0, 0x0, 0x5, 0x9b, 0xcb, 0xa6, 0x10,
    0x0, 0x0,

    /* U+AC70 "거" */
    0x0, 0x0, 0x0, 0x0, 0x0, 0x0, 0xf, 0xf8,
    0x1, 0x11, 0x11, 0x11, 0x11, 0x0, 0xf, 0xf8,
    0xc, 0xff, 0xff, 0xff, 0xf8, 0x0, 0xf, 0xf8,
    0xa, 0xdd, 0xdd, 0xdf, 0xf6, 0x0, 0xf, 0xf8,
    0x0, 0x0, 0x0, 0xf, 0xf5, 0x0, 0xf, 0xf8,
    0x0, 0x0, 0x0, 0x4f, 0xf3, 0x0, 0xf, 0xf8,
    0x0, 0x0, 0x0, 0x8f, 0xf1, 0x22, 0x2f, 0xf8,
    0x0, 0x0, 0x0, 0xef, 0xa7, 0xff, 0xff, 0xf8,
    0x0, 0x0, 0x8, 0xff, 0x37, 0xee, 0xef, 0xf8,
    0x0, 0x0, 0x5f, 0xfb, 0x0, 0x0, 0xf, 0xf8,
    0x0, 0x4, 0xff, 0xe1, 0x0, 0x0, 0xf, 0xf8,
    0x0, 0x9f, 0xff, 0x30, 0x0, 0x0, 0xf, 0xf8,
    0x4e, 0xff, 0xd3, 0x0, 0x0, 0x0, 0xf, 0xf8,
    0x2f, 0xfa, 0x10, 0x0, 0x0, 0x0, 0xf, 0xf8,
    0x6, 0x30, 0x0, 0x0, 0x0, 0x0, 0xf, 0xf8,
    0x0, 0x0, 0x0, 0x0, 0x0, 0x0, 0xf, 0xf8,
    0x0, 0x0, 0x0, 0x0, 0x0, 0x0, 0xf, 0xf8,
    0x0, 0x0, 0x0, 0x0, 0x0, 0x0, 0xc, 0xc6,

    /* U+AC8C "게" */
    0x0, 0x0, 0x0, 0x0, 0x3, 0x98, 0x6, 0xfe,
    0x0, 0x0, 0x0, 0x0, 0x6, 0xfe, 0x6, 0xfe,
    0xc, 0xdd, 0xdd, 0xdd, 0x6, 0xfe, 0x6, 0xfe,
    0xe, 0xff, 0xff, 0xff, 0x6, 0xfe, 0x6, 0xfe,
    0x2, 0x22, 0x28, 0xfe, 0x6, 0xfe, 0x6, 0xfe,
    0x0, 0x0, 0xa, 0xfc, 0x6, 0xfe, 0x6, 0xfe,
    0x0, 0x0, 0xe, 0xf9, 0x17, 0xfe, 0x6, 0xfe,
    0x0, 0x0, 0x5f, 0xff, 0xff, 0xfe, 0x6, 0xfe,
    0x0, 0x0, 0xdf, 0xfd, 0xde, 0xfe, 0x6, 0xfe,
    0x0, 0x9, 0xff, 0x40, 0x6, 0xfe, 0x6, 0xfe,
    0x0, 0x7f, 0xfa, 0x0, 0x6, 0xfe, 0x6, 0xfe,
    0x1a, 0xff, 0xc0, 0x0, 0x6, 0xfe, 0x6, 0xfe,
    0xaf, 0xfb, 0x0, 0x0, 0x6, 0xfe, 0x6, 0xfe,
    0x1d, 0x70, 0x0, 0x0, 0x6, 0xfe, 0x6, 0xfe,
    0x0, 0x0, 0x0, 0x0, 0x6, 0xfe, 0x6, 0xfe,
    0x0, 0x0, 0x0, 0x0, 0x6, 0xfe, 0x6, 0xfe,
    0x0, 0x0, 0x0, 0x0, 0x6, 0xfe, 0x6, 0xfe,
    0x0, 0x0, 0x0, 0x0, 0x0, 0x0, 0x5, 0xcb,

    /* U+ACB0 "결" */
    0x0, 0x0, 0x0, 0x0, 0x0, 0x0, 0x1, 0x10,
    0x0, 0x66, 0x66, 0x66, 0x65, 0x0, 0xe, 0xf8,
    0x1, 0xff, 0xff, 0xff, 0xfd, 0x0, 0xe, 0xf8,
    0x1, 0x99, 0x99, 0xaf, 0xff, 0xdd, 0xdf, 0xf8,
    0x0, 0x0, 0x0, 0x2f, 0xff, 0xff, 0xff, 0xf8,
    0x0, 0x0, 0x0, 0xaf, 0xf2, 0x0, 0xe, 0xf8,
    0x0, 0x0, 0x8, 0xff, 0x71, 0x11, 0x1e, 0xf8,
    0x0, 0x4, 0xdf, 0xfa, 0xe, 0xff, 0xff, 0xf8,
    0x9, 0xef, 0xff, 0x80, 0xb, 0xcc, 0xcf, 0xf8,
    0xb, 0xff, 0xa2, 0x0, 0x0, 0x0, 0xe, 0xf8,
    0x3, 0x51, 0x22, 0x22, 0x22, 0x22, 0x25, 0x53,
    0x0, 0x4, 0xff, 0xff, 0xff, 0xff, 0xff, 0xf8,
    0x0, 0x3, 0xcc, 0xcc, 0xcc, 0xcc, 0xcf, 0xf8,
    0x0, 0x0, 0x22, 0x22, 0x22, 0x22, 0x2f, 0xf8,
    0x0, 0x3, 0xff, 0xff, 0xff, 0xff, 0xff, 0xf8,
    0x0, 0x3, 0xff, 0xca, 0xaa, 0xaa, 0xaa, 0xa6,
    0x0, 0x3, 0xff, 0x62, 0x22, 0x22, 0x22, 0x22,
    0x0, 0x3, 0xff, 0xff, 0xff, 0xff, 0xff, 0xff,
    0x0, 0x3, 0xdd, 0xdd, 0xdd, 0xdd, 0xdd, 0xdc,

    /* U+ACE0 "고" */
    0x0, 0x23, 0x33, 0x33, 0x33, 0x33, 0x33, 0x31,
    0x0, 0xc, 0xff, 0xff, 0xff, 0xff, 0xff, 0xff,
    0x50, 0x0, 0x9b, 0xbb, 0xbb, 0xbb, 0xbb, 0xcf,
    0xf5, 0x0, 0x0, 0x0, 0x0, 0x0, 0x0, 0x3,
    0xff, 0x50, 0x0, 0x0, 0x0, 0x0, 0x0, 0x0,
    0x3f, 0xf4, 0x0, 0x0, 0x0, 0x0, 0x0, 0x0,
    0x4, 0xff, 0x40, 0x0, 0x0, 0x0, 0x24, 0x40,
    0x0, 0x5f, 0xf3, 0x0, 0x0, 0x0, 0x9, 0xfe,
    0x0, 0x6, 0xff, 0x10, 0x0, 0x0, 0x0, 0x9f,
    0xe0, 0x0, 0x8f, 0xf0, 0x0, 0x0, 0x0, 0x9,
    0xfe, 0x0, 0xb, 0xfd, 0x0, 0x0, 0x0, 0x0,
    0x9f, 0xe0, 0x0, 0xad, 0xa0, 0x0, 0x0, 0x0,
    0x9, 0xfe, 0x0, 0x0, 0x0, 0x0, 0x2, 0x22,
    0x22, 0xbf, 0xe2, 0x22, 0x22, 0x22, 0x24, 0xff,
    0xff, 0xff, 0xff, 0xff, 0xff, 0xff, 0xfe, 0x3d,
    0xdd, 0xdd, 0xdd, 0xdd, 0xdd, 0xdd, 0xdd, 0xc0,

    /* U+ACE7 "곧" */
    0x0, 0x0, 0x0, 0x0, 0x0, 0x0, 0x0, 0x0,
    0x0, 0x6, 0xff, 0xff, 0xff, 0xff, 0xff, 0xfc,
    0x0, 0x0, 0x6e, 0xee, 0xee, 0xee, 0xee, 0xff,
    0xc0, 0x0, 0x0, 0x0, 0x0, 0x0, 0x0, 0xa,
    0xfc, 0x0, 0x0, 0x0, 0x0, 0x0, 0x0, 0x0,
    0xbf, 0xb0, 0x0, 0x0, 0x0, 0x3, 0xff, 0x20,
    0xd, 0xf9, 0x0, 0x0, 0x0, 0x0, 0x3f, 0xf2,
    0x0, 0xff, 0x60, 0x0, 0x11, 0x11, 0x14, 0xff,
    0x31, 0x11, 0x32, 0x11, 0x3f, 0xff, 0xff, 0xff,
    0xff, 0xff, 0xff, 0xff, 0xe3, 0xee, 0xee, 0xee,
    0xee, 0xee, 0xee, 0xee, 0xed, 0x0, 0x0, 0x0,
    0x0, 0x0, 0x0, 0x0, 0x0, 0x0, 0x5, 0xee,
    0xee, 0xee, 0xee, 0xee, 0xea, 0x0, 0x0, 0x6f,
    0xff, 0xff, 0xff, 0xff, 0xff, 0xb0, 0x0, 0x6,
    0xff, 0x20, 0x0, 0x0, 0x0, 0x0, 0x0, 0x0,
    0x6f, 0xf1, 0x0, 0x0, 0x0, 0x0, 0x0, 0x0,
    0x6, 0xff, 0x32, 0x22, 0x22, 0x22, 0x22, 0x0,
    0x0, 0x6f, 0xff, 0xff, 0xff, 0xff, 0xff, 0xf0,
    0x0, 0x5, 0xdd, 0xdd, 0xdd, 0xdd, 0xdd, 0xdc,
    0x0,

    /* U+ACF5 "공" */
    0x0, 0x0, 0x0, 0x0, 0x0, 0x0, 0x0, 0x0,
    0x0, 0x9, 0xff, 0xff, 0xff, 0xff, 0xff, 0xff,
    0x0, 0x0, 0x8e, 0xee, 0xee, 0xee, 0xee, 0xff,
    0xf0, 0x0, 0x0, 0x0, 0x0, 0x0, 0x0, 0x9,
    0xff, 0x0, 0x0, 0x0, 0x0, 0x2, 0x20, 0x0,
    0xaf, 0xe0, 0x0, 0x0, 0x0, 0x4, 0xff, 0x20,
    0xc, 0xfb, 0x0, 0x0, 0x0, 0x0, 0x4f, 0xf2,
    0x0, 0xcf, 0x80, 0x0, 0x0, 0x0, 0x5, 0xff,
    0x30, 0x0, 0x0, 0x0, 0x3f, 0xff, 0xff, 0xff,
    0xff, 0xff, 0xff, 0xff, 0xe3, 0xff, 0xff, 0xff,
    0xff, 0xff, 0xff, 0xff, 0xfe, 0x0, 0x0, 0x0,
    0x0, 0x0, 0x0, 0x0, 0x0, 0x0, 0x0, 0x3,
    0x8b, 0xce, 0xdb, 0x94, 0x0, 0x0, 0x0, 0xa,
    0xff, 0xff, 0xff, 0xff, 0xfd, 0x20, 0x0, 0x7,
    0xff, 0x72, 0x0, 0x1, 0x5e, 0xfc, 0x0, 0x0,
    0xaf, 0xd0, 0x0, 0x0, 0x0, 0x8f, 0xf0, 0x0,
    0x6, 0xff, 0xa4, 0x21, 0x24, 0x8f, 0xfb, 0x0,
    0x0, 0x8, 0xff, 0xff, 0xff, 0xff, 0xfb, 0x10,
    0x0, 0x0, 0x1, 0x69, 0xac, 0xb9, 0x72, 0x0,
    0x0,

    /* U+ADE0 "균" */
    0x0, 0x0, 0x0, 0x0, 0x0, 0x0, 0x0, 0x0,
    0x0, 0x8, 0xff, 0xff, 0xff, 0xff, 0xff, 0xfd,
    0x0, 0x0, 0x7e, 0xee, 0xee, 0xee, 0xee, 0xff,
    0xd0, 0x0, 0x0, 0x0, 0x0, 0x0, 0x0, 0xa,
    0xfd, 0x0, 0x0, 0x0, 0x0, 0x0, 0x0, 0x0,
    0xaf, 0xc0, 0x0, 0x0, 0x0, 0x0, 0x0, 0x0,
    0xc, 0xfb, 0x0, 0x0, 0x0, 0x0, 0x0, 0x0,
    0x0, 0xef, 0x90, 0x4, 0xcc, 0xcc, 0xcc, 0xcc,
    0xcc, 0xcf, 0xfe, 0xcb, 0x5f, 0xff, 0xff, 0xff,
    0xff, 0xff, 0xff, 0xff, 0xe1, 0x33, 0x33, 0x4f,
    0xf7, 0x3c, 0xfc, 0x33, 0x32, 0x0, 0x0, 0x1,
    0xff, 0x50, 0xbf, 0xb0, 0x0, 0x0, 0x5, 0x86,
    0x1f, 0xf5, 0xb, 0xfb, 0x0, 0x0, 0x0, 0xbf,
    0xb1, 0xff, 0x50, 0xbf, 0xb0, 0x0, 0x0, 0xb,
    0xfb, 0x1, 0x10, 0x0, 0x10, 0x0, 0x0, 0x0,
    0xbf, 0xb0, 0x0, 0x0, 0x0, 0x0, 0x0, 0x0,
    0xb, 0xfe, 0xbb, 0xbb, 0xbb, 0xbb, 0xbb, 0x30,
    0x0, 0xbf, 0xff, 0xff, 0xff, 0xff, 0xff, 0xf5,
    0x0, 0x3, 0x44, 0x44, 0x44, 0x44, 0x44, 0x44,
    0x10,

    /* U+AE30 "기" */
    0x0, 0x0, 0x0, 0x0, 0x0, 0x0, 0x1f, 0xf6,
    0x1, 0x11, 0x11, 0x11, 0x11, 0x0, 0x1f, 0xf6,
    0x8, 0xff, 0xff, 0xff, 0xff, 0x0, 0x1f, 0xf6,
    0x6, 0xdd, 0xdd, 0xde, 0xfe, 0x0, 0x1f, 0xf6,
    0x0, 0x0, 0x0, 0x9, 0xfc, 0x0, 0x1f, 0xf6,
    0x0, 0x0, 0x0, 0xd, 0xfb, 0x0, 0x1f, 0xf6,
    0x0, 0x0, 0x0, 0x1f, 0xf7, 0x0, 0x1f, 0xf6,
    0x0, 0x0, 0x0, 0x9f, 0xf2, 0x0, 0x1f, 0xf6,
    0x0, 0x0, 0x2, 0xff, 0xa0, 0x0, 0x1f, 0xf6,
    0x0, 0x0, 0x1d, 0xff, 0x20, 0x0, 0x1f, 0xf6,
    0x0, 0x1, 0xdf, 0xf6, 0x0, 0x0, 0x1f, 0xf6,
    0x0, 0x6e, 0xff, 0x80, 0x0, 0x0, 0x1f, 0xf6,
    0x2c, 0xff, 0xf7, 0x0, 0x0, 0x0, 0x1f, 0xf6,
    0x1e, 0xfd, 0x30, 0x0, 0x0, 0x0, 0x1f, 0xf6,
    0x4, 0x60, 0x0, 0x0, 0x0, 0x0, 0x1f, 0xf6,
    0x0, 0x0, 0x0, 0x0, 0x0, 0x0, 0x1f, 0xf6,
    0x0, 0x0, 0x0, 0x0, 0x0, 0x0, 0x1f, 0xf6,
    0x0, 0x0, 0x0, 0x0, 0x0, 0x0, 0xc, 0xc5,

    /* U+B0B4 "내" */
    0x0, 0x0, 0x0, 0x0, 0xaa, 0x40, 0xef, 0x70,
    0x0, 0x0, 0x0, 0xe, 0xf6, 0xe, 0xf7, 0xef,
    0x90, 0x0, 0x0, 0xef, 0x60, 0xef, 0x7e, 0xf9,
    0x0, 0x0, 0xe, 0xf6, 0xe, 0xf7, 0xef, 0x90,
    0x0, 0x0, 0xef, 0x60, 0xef, 0x7e, 0xf9, 0x0,
    0x0, 0xe, 0xf6, 0xe, 0xf7, 0xef, 0x90, 0x0,
    0x0, 0xef, 0x71, 0xef, 0x7e, 0xf9, 0x0, 0x0,
    0xe, 0xff, 0xff, 0xf7, 0xef, 0x90, 0x0, 0x0,
    0xef, 0xfe, 0xff, 0x7e, 0xf9, 0x0, 0x0, 0xe,
    0xf6, 0xe, 0xf7, 0xef, 0x90, 0x0, 0x20, 0xef,
    0x60, 0xef, 0x7e, 0xfe, 0xde, 0xff, 0x3e, 0xf6,
    0xe, 0xf7, 0xef, 0xff, 0xff, 0xf4, 0xef, 0x60,
    0xef, 0x76, 0x76, 0x54, 0x20, 0xe, 0xf6, 0xe,
    0xf7, 0x0, 0x0, 0x0, 0x0, 0xef, 0x60, 0xef,
    0x70, 0x0, 0x0, 0x0, 0xe, 0xf6, 0xe, 0xf7,
    0x0, 0x0, 0x0, 0x0, 0xde, 0x60, 0xef, 0x70,
    0x0, 0x0, 0x0, 0x0, 0x0, 0xb, 0xc6,

    /* U+B2C8 "니" */
    0x0, 0x0, 0x0, 0x0, 0x0, 0x0, 0xff, 0x72,
    0x44, 0x0, 0x0, 0x0, 0x0, 0xf, 0xf7, 0x8f,
    0xf0, 0x0, 0x0, 0x0, 0x0, 0xff, 0x78, 0xff,
    0x0, 0x0, 0x0, 0x0, 0xf, 0xf7, 0x8f, 0xf0,
    0x0, 0x0, 0x0, 0x0, 0xff, 0x78, 0xff, 0x0,
    0x0, 0x0, 0x0, 0xf, 0xf7, 0x8f, 0xf0, 0x0,
    0x0, 0x0, 0x0, 0xff, 0x78, 0xff, 0x0, 0x0,
    0x0, 0x0, 0xf, 0xf7, 0x8f, 0xf0, 0x0, 0x0,
    0x0, 0x0, 0xff, 0x78, 0xff, 0x0, 0x0, 0x0,
    0x0, 0xf, 0xf7, 0x8f, 0xf0, 0x0, 0x0, 0x35,
    0x40, 0xff, 0x78, 0xff, 0xcc, 0xde, 0xff, 0xfb,
    0xf, 0xf7, 0x8f, 0xff, 0xff, 0xff, 0xec, 0x80,
    0xff, 0x73, 0x66, 0x54, 0x43, 0x0, 0x0, 0xf,
    0xf7, 0x0, 0x0, 0x0, 0x0, 0x0, 0x0, 0xff,
    0x70, 0x0, 0x0, 0x0, 0x0, 0x0, 0xf, 0xf7,
    0x0, 0x0, 0x0, 0x0, 0x0, 0x0, 0xff, 0x70,
    0x0, 0x0, 0x0, 0x0, 0x0, 0xc, 0xc5,

    /* U+B2E4 "다" */
    0x0, 0x0, 0x0, 0x0, 0x0, 0x1f, 0xf6, 0x0,
    0x5, 0x55, 0x55, 0x55, 0x52, 0x1, 0xff, 0x60,
    0x0, 0xef, 0xff, 0xff, 0xff, 0x60, 0x1f, 0xf6,
    0x0, 0xe, 0xfd, 0xaa, 0xaa, 0xa4, 0x1, 0xff,
    0x60, 0x0, 0xef, 0x80, 0x0, 0x0, 0x0, 0x1f,
    0xf6, 0x0, 0xe, 0xf8, 0x0, 0x0, 0x0, 0x1,
    0xff, 0x60, 0x0, 0xef, 0x80, 0x0, 0x0, 0x0,
    0x1f, 0xfa, 0x55, 0xe, 0xf8, 0x0, 0x0, 0x0,
    0x1, 0xff, 0xff, 0xf0, 0xef, 0x80, 0x0, 0x0,
    0x0, 0x1f, 0xfc, 0xaa, 0xe, 0xf8, 0x0, 0x0,
    0x0, 0x1, 0xff, 0x60, 0x0, 0xef, 0x80, 0x0,
    0x0, 0x0, 0x1f, 0xf6, 0x0, 0xe, 0xfc, 0x99,
    0xab, 0xdf, 0xb1, 0xff, 0x60, 0x0, 0xef, 0xff,
    0xff, 0xff, 0xfd, 0x1f, 0xf6, 0x0, 0x7, 0x87,
    0x77, 0x75, 0x42, 0x1, 0xff, 0x60, 0x0, 0x0,
    0x0, 0x0, 0x0, 0x0, 0x1f, 0xf6, 0x0, 0x0,
    0x0, 0x0, 0x0, 0x0, 0x1, 0xff, 0x60, 0x0,
    0x0, 0x0, 0x0, 0x0, 0x0, 0x1f, 0xf6, 0x0,
    0x0, 0x0, 0x0, 0x0, 0x0, 0x1, 0xdd, 0x50,
    0x0,

    /* U+B300 "대" */
    0x0, 0x0, 0x0, 0x0, 0x3a, 0xa0, 0x7f, 0xe0,
    0x0, 0x0, 0x0, 0x5, 0xfe, 0x7, 0xfe, 0xee,
    0xee, 0xee, 0x90, 0x5f, 0xe0, 0x7f, 0xef, 0xff,
    0xff, 0xfa, 0x5, 0xfe, 0x7, 0xfe, 0xff, 0x91,
    0x11, 0x0, 0x5f, 0xe0, 0x7f, 0xef, 0xf8, 0x0,
    0x0, 0x5, 0xfe, 0x7, 0xfe, 0xff, 0x80, 0x0,
    0x0, 0x5f, 0xe1, 0x8f, 0xef, 0xf8, 0x0, 0x0,
    0x5, 0xff, 0xff, 0xfe, 0xff, 0x80, 0x0, 0x0,
    0x5f, 0xfd, 0xef, 0xef, 0xf8, 0x0, 0x0, 0x5,
    0xfe, 0x7, 0xfe, 0xff, 0x80, 0x0, 0x0, 0x5f,
    0xe0, 0x7f, 0xef, 0xfb, 0x56, 0x79, 0x65, 0xfe,
    0x7, 0xfe, 0xff, 0xff, 0xff, 0xfa, 0x5f, 0xe0,
    0x7f, 0xeb, 0xcb, 0xba, 0x86, 0x35, 0xfe, 0x7,
    0xfe, 0x0, 0x0, 0x0, 0x0, 0x5f, 0xe0, 0x7f,
    0xe0, 0x0, 0x0, 0x0, 0x5, 0xfe, 0x7, 0xfe,
    0x0, 0x0, 0x0, 0x0, 0x5e, 0xd0, 0x7f, 0xe0,
    0x0, 0x0, 0x0, 0x0, 0x0, 0x5, 0xcb,

    /* U+B428 "됨" */
    0x0, 0x0, 0x0, 0x0, 0x0, 0x0, 0xe, 0xe6,
    0x0, 0xef, 0xff, 0xff, 0xff, 0xb0, 0xf, 0xf7,
    0x0, 0xef, 0xff, 0xff, 0xff, 0xb0, 0xf, 0xf7,
    0x0, 0xef, 0x90, 0x0, 0x0, 0x0, 0xf, 0xf7,
    0x0, 0xef, 0x90, 0x0, 0x0, 0x0, 0xf, 0xf7,
    0x0, 0xef, 0xff, 0xff, 0xff, 0xd0, 0xf, 0xf7,
    0x0, 0xde, 0xef, 0xff, 0xee, 0xc0, 0xf, 0xf7,
    0x0, 0x0, 0xd, 0xfa, 0x0, 0x12, 0xf, 0xf7,
    0x3b, 0xcc, 0xcf, 0xff, 0xff, 0xff, 0xf, 0xf7,
    0x3f, 0xff, 0xff, 0xfe, 0xcb, 0x97, 0xf, 0xf7,
    0x2, 0x22, 0x11, 0x0, 0x0, 0x0, 0xc, 0xc5,
    0x0, 0x2, 0x33, 0x33, 0x33, 0x33, 0x33, 0x31,
    0x0, 0x9, 0xff, 0xff, 0xff, 0xff, 0xff, 0xf7,
    0x0, 0x9, 0xff, 0xbb, 0xbb, 0xbb, 0xbf, 0xf7,
    0x0, 0x9, 0xfc, 0x0, 0x0, 0x0, 0xf, 0xf7,
    0x0, 0x9, 0xfd, 0x22, 0x22, 0x22, 0x2f, 0xf7,
    0x0, 0x9, 0xff, 0xff, 0xff, 0xff, 0xff, 0xf7,
    0x0, 0x8, 0xdd, 0xdd, 0xdd, 0xdd, 0xdd, 0xd6,

    /* U+B4E4 "들" */
    0x0, 0x4d, 0xdd, 0xdd, 0xdd, 0xdd, 0xdd, 0x90,
    0x0, 0x4, 0xff, 0xff, 0xff, 0xff, 0xff, 0xfb,
    0x0, 0x0, 0x4f, 0xf4, 0x22, 0x22, 0x22, 0x22,
    0x10, 0x0, 0x4, 0xff, 0x31, 0x11, 0x11, 0x11,
    0x11, 0x0, 0x0, 0x4f, 0xff, 0xff, 0xff, 0xff,
    0xff, 0xd0, 0x0, 0x4, 0xee, 0xee, 0xee, 0xee,
    0xee, 0xec, 0x0, 0x0, 0x0, 0x0, 0x0, 0x0,
    0x0, 0x0, 0x0, 0x5, 0xff, 0xff, 0xff, 0xff,
    0xff, 0xff, 0xff, 0xfe, 0x4e, 0xee, 0xee, 0xee,
    0xee, 0xee, 0xee, 0xee, 0xd0, 0x0, 0x0, 0x0,
    0x0, 0x0, 0x0, 0x0, 0x0, 0x0, 0x7f, 0xff,
    0xff, 0xff, 0xff, 0xff, 0xc0, 0x0, 0x6, 0xdd,
    0xdd, 0xdd, 0xdd, 0xdf, 0xfc, 0x0, 0x0, 0x0,
    0x0, 0x0, 0x0, 0x0, 0xaf, 0xc0, 0x0, 0x7,
    0xff, 0xff, 0xff, 0xff, 0xff, 0xfc, 0x0, 0x0,
    0x7f, 0xfb, 0xbb, 0xbb, 0xbb, 0xbb, 0x80, 0x0,
    0x7, 0xff, 0x11, 0x11, 0x11, 0x11, 0x11, 0x0,
    0x0, 0x7f, 0xff, 0xff, 0xff, 0xff, 0xff, 0xf3,
    0x0, 0x6, 0xdd, 0xdd, 0xdd, 0xdd, 0xdd, 0xdd,
    0x30,

    /* U+B825 "력" */
    0x0, 0x0, 0x0, 0x0, 0x0, 0x1, 0xff, 0x6d,
    0xee, 0xee, 0xee, 0xe0, 0x0, 0x1f, 0xf6, 0xef,
    0xff, 0xff, 0xff, 0x7, 0x78, 0xff, 0x60, 0x0,
    0x0, 0x8f, 0xf0, 0xff, 0xff, 0xf6, 0x0, 0x0,
    0x9, 0xff, 0xa, 0xaa, 0xff, 0x6d, 0xff, 0xff,
    0xff, 0xf0, 0x0, 0x1f, 0xf6, 0xdf, 0xec, 0xcc,
    0xcc, 0x8, 0x88, 0xff, 0x6d, 0xf9, 0x0, 0x0,
    0x0, 0xff, 0xff, 0xf6, 0xdf, 0xeb, 0xbc, 0xdf,
    0xa0, 0x2, 0xff, 0x6d, 0xff, 0xff, 0xff, 0xfb,
    0x0, 0x1f, 0xf6, 0x34, 0x44, 0x33, 0x10, 0x0,
    0x1, 0xee, 0x50, 0x0, 0x0, 0x0, 0x0, 0x0,
    0x0, 0x0, 0x0, 0xdf, 0xff, 0xff, 0xff, 0xff,
    0xff, 0x60, 0xc, 0xee, 0xee, 0xee, 0xee, 0xff,
    0xf6, 0x0, 0x0, 0x0, 0x0, 0x0, 0x1, 0xff,
    0x60, 0x0, 0x0, 0x0, 0x0, 0x0, 0x1f, 0xf6,
    0x0, 0x0, 0x0, 0x0, 0x0, 0x1, 0xff, 0x60,
    0x0, 0x0, 0x0, 0x0, 0x0, 0x1f, 0xf6,

    /* U+B828 "련" */
    0x0, 0x0, 0x0, 0x0, 0x0, 0x0, 0xff, 0x6b,
    0xcc, 0xcc, 0xcc, 0xc0, 0x0, 0xf, 0xf6, 0xef,
    0xff, 0xff, 0xff, 0x4, 0x45, 0xff, 0x62, 0x22,
    0x22, 0x9f, 0xf0, 0xff, 0xff, 0xf6, 0x0, 0x0,
    0x8, 0xff, 0x9, 0x9a, 0xff, 0x6e, 0xff, 0xff,
    0xff, 0xf0, 0x0, 0xf, 0xf6, 0xef, 0xec, 0xcc,
    0xcc, 0x6, 0x66, 0xff, 0x6e, 0xf9, 0x0, 0x0,
    0x0, 0xff, 0xff, 0xf6, 0xef, 0xa3, 0x44, 0x68,
    0x69, 0x99, 0xff, 0x6e, 0xff, 0xff, 0xff, 0xfc,
    0x0, 0xf, 0xf6, 0xbc, 0xcc, 0xcb, 0x97, 0x50,
    0x0, 0xff, 0x60, 0x0, 0x0, 0x0, 0x0, 0x0,
    0xf, 0xf6, 0x0, 0x7f, 0xf0, 0x0, 0x0, 0x0,
    0xff, 0x60, 0x7, 0xff, 0x0, 0x0, 0x0, 0x2,
    0x21, 0x0, 0x7f, 0xf0, 0x0, 0x0, 0x0, 0x0,
    0x0, 0x7, 0xff, 0xcc, 0xcc, 0xcc, 0xcc, 0xcb,
    0x0, 0x7f, 0xff, 0xff, 0xff, 0xff, 0xff, 0xf0,
    0x1, 0x33, 0x33, 0x33, 0x33, 0x33, 0x33,

    /* U+B840 "례" */
    0x0, 0x0, 0x0, 0x0, 0x1a, 0xa2, 0x7f, 0xe3,
    0x33, 0x33, 0x30, 0x2, 0xff, 0x37, 0xfe, 0xff,
    0xff, 0xff, 0x10, 0x2f, 0xf3, 0x7f, 0xeb, 0xbb,
    0xdf, 0xf1, 0x2, 0xff, 0x37, 0xfe, 0x0, 0x5,
    0xff, 0x29, 0xaf, 0xf3, 0x7f, 0xe0, 0x0, 0x5f,
    0xf2, 0xff, 0xff, 0x37, 0xfe, 0x66, 0x69, 0xff,
    0x26, 0x7f, 0xf3, 0x7f, 0xef, 0xff, 0xff, 0xf1,
    0x2, 0xff, 0x37, 0xfe, 0xff, 0xb8, 0x88, 0x12,
    0x4f, 0xf3, 0x7f, 0xef, 0xf6, 0x0, 0x1, 0xff,
    0xff, 0x37, 0xfe, 0xff, 0x60, 0x0, 0x1c, 0xdf,
    0xf3, 0x7f, 0xef, 0xf9, 0x67, 0x99, 0x2, 0xff,
    0x37, 0xfe, 0xff, 0xff, 0xff, 0xf0, 0x2f, 0xf3,
    0x7f, 0xeb, 0xcb, 0xba, 0x86, 0x2, 0xff, 0x37,
    0xfe, 0x0, 0x0, 0x0, 0x0, 0x2f, 0xf3, 0x7f,
    0xe0, 0x0, 0x0, 0x0, 0x2, 0xff, 0x37, 0xfe,
    0x0, 0x0, 0x0, 0x0, 0x2e, 0xe3, 0x7f, 0xe0,
    0x0, 0x0, 0x0, 0x0, 0x0, 0x5, 0xcb,

    /* U+B85C "로" */
    0x0, 0x7f, 0xff, 0xff, 0xff, 0xff, 0xff, 0xe0,
    0x0, 0x7, 0xff, 0xff, 0xff, 0xff, 0xff, 0xfe,
    0x0, 0x0, 0x0, 0x0, 0x0, 0x0, 0x0, 0x8f,
    0xe0, 0x0, 0x0, 0x0, 0x0, 0x0, 0x0, 0x8,
    0xfe, 0x0, 0x0, 0x7e, 0xee, 0xee, 0xee, 0xee,
    0xff, 0xe0, 0x0, 0x7, 0xff, 0xff, 0xff, 0xff,
    0xff, 0xfe, 0x0, 0x0, 0x7f, 0xf0, 0x0, 0x0,
    0x0, 0x0, 0x0, 0x0, 0x7, 0xff, 0x0, 0x0,
    0x0, 0x0, 0x0, 0x0, 0x0, 0x7f, 0xff, 0xff,
    0xff, 0xff, 0xff, 0xf5, 0x0, 0x7, 0xff, 0xff,
    0xff, 0xff, 0xff, 0xff, 0x50, 0x0, 0x1, 0x11,
    0x19, 0xfe, 0x11, 0x11, 0x10, 0x0, 0x0, 0x0,
    0x0, 0x8f, 0xe0, 0x0, 0x0, 0x0, 0x1, 0x11,
    0x11, 0x19, 0xfe, 0x11, 0x11, 0x11, 0x15, 0xff,
    0xff, 0xff, 0xff, 0xff, 0xff, 0xff, 0xfe, 0x5f,
    0xff, 0xff, 0xff, 0xff, 0xff, 0xff, 0xff, 0xe0,

    /* U+B8CC "료" */
    0x0, 0x7f, 0xff, 0xff, 0xff, 0xff, 0xff, 0xe0,
    0x0, 0x7, 0xff, 0xff, 0xff, 0xff, 0xff, 0xfe,
    0x0, 0x0, 0x0, 0x0, 0x0, 0x0, 0x0, 0x8f,
    0xe0, 0x0, 0x0, 0x0, 0x0, 0x0, 0x0, 0x8,
    0xfe, 0x0, 0x0, 0x7f, 0xff, 0xff, 0xff, 0xff,
    0xff, 0xe0, 0x0, 0x7, 0xff, 0xff, 0xff, 0xff,
    0xff, 0xfe, 0x0, 0x0, 0x7f, 0xf0, 0x0, 0x0,
    0x0, 0x0, 0x0, 0x0, 0x7, 0xff, 0x0, 0x0,
    0x0, 0x0, 0x0, 0x0, 0x0, 0x7f, 0xff, 0xff,
    0xff, 0xff, 0xff, 0xf5, 0x0, 0x7, 0xff, 0xff,
    0xff, 0xff, 0xff, 0xff, 0x50, 0x0, 0x0, 0x4f,
    0xf3, 0x0, 0x9f, 0xd0, 0x0, 0x0, 0x0, 0x3,
    0xff, 0x20, 0x9, 0xfd, 0x0, 0x0, 0x1, 0x11,
    0x4f, 0xf4, 0x11, 0xaf, 0xd1, 0x11, 0x15, 0xff,
    0xff, 0xff, 0xff, 0xff, 0xff, 0xff, 0xfe, 0x5f,
    0xff, 0xff, 0xff, 0xff, 0xff, 0xff, 0xff, 0xe0,

    /* U+B960 "률" */
    0x0, 0x39, 0x99, 0x99, 0x99, 0x99, 0x99, 0x80,
    0x0, 0x5, 0xff, 0xff, 0xff, 0xff, 0xff, 0xfc,
    0x0, 0x0, 0x1, 0x11, 0x11, 0x11, 0x11, 0xbf,
    0xc0, 0x0, 0x5, 0xff, 0xff, 0xff, 0xff, 0xff,
    0xfc, 0x0, 0x0, 0x5f, 0xf9, 0x88, 0x88, 0x88,
    0x88, 0x70, 0x0, 0x5, 0xff, 0xa9, 0x99, 0x99,
    0x99, 0x99, 0x10, 0x0, 0x5f, 0xff, 0xff, 0xff,
    0xff, 0xff, 0xf1, 0x0, 0x1, 0x22, 0x22, 0x22,
    0x22, 0x22, 0x22, 0x0, 0x5f, 0xff, 0xff, 0xff,
    0xff, 0xff, 0xff, 0xff, 0xe4, 0xcc, 0xcd, 0xff,
    0xcc, 0xce, 0xff, 0xcc, 0xcb, 0x0, 0x13, 0x7f,
    0xf4, 0x33, 0xbf, 0xd3, 0x20, 0x0, 0x7, 0xff,
    0xff, 0xff, 0xff, 0xff, 0xfd, 0x0, 0x0, 0x37,
    0x77, 0x77, 0x77, 0x77, 0xcf, 0xd0, 0x0, 0x4,
    0x99, 0x99, 0x99, 0x99, 0x9d, 0xfd, 0x0, 0x0,
    0x7f, 0xff, 0xff, 0xff, 0xff, 0xff, 0xc0, 0x0,
    0x7, 0xff, 0x0, 0x0, 0x0, 0x0, 0x0, 0x0,
    0x0, 0x7f, 0xff, 0xff, 0xff, 0xff, 0xff, 0xf5,
    0x0, 0x5, 0xaa, 0xaa, 0xaa, 0xaa, 0xaa, 0xaa,
    0x30,

    /* U+B9C8 "마" */
    0x0, 0x0, 0x0, 0x0, 0x0, 0xf, 0xf8, 0x0,
    0x4, 0x44, 0x44, 0x44, 0x42, 0x0, 0xff, 0x80,
    0x0, 0xef, 0xff, 0xff, 0xff, 0x80, 0xf, 0xf8,
    0x0, 0xe, 0xfd, 0xaa, 0xaf, 0xf8, 0x0, 0xff,
    0x80, 0x0, 0xef, 0x80, 0x0, 0xef, 0x80, 0xf,
    0xf8, 0x0, 0xe, 0xf8, 0x0, 0xe, 0xf8, 0x0,
    0xff, 0x80, 0x0, 0xef, 0x80, 0x0, 0xef, 0x80,
    0xf, 0xfa, 0x44, 0xe, 0xf8, 0x0, 0xe, 0xf8,
    0x0, 0xff, 0xff, 0xf2, 0xef, 0x80, 0x0, 0xef,
    0x80, 0xf, 0xfe, 0xcc, 0x1e, 0xf8, 0x0, 0xe,
    0xf8, 0x0, 0xff, 0x80, 0x0, 0xef, 0x80, 0x0,
    0xef, 0x80, 0xf, 0xf8, 0x0, 0xe, 0xfc, 0x88,
    0x8f, 0xf8, 0x0, 0xff, 0x80, 0x0, 0xef, 0xff,
    0xff, 0xff, 0x80, 0xf, 0xf8, 0x0, 0x6, 0x77,
    0x77, 0x77, 0x73, 0x0, 0xff, 0x80, 0x0, 0x0,
    0x0, 0x0, 0x0, 0x0, 0xf, 0xf8, 0x0, 0x0,
    0x0, 0x0, 0x0, 0x0, 0x0, 0xff, 0x80, 0x0,
    0x0, 0x0, 0x0, 0x0, 0x0, 0xf, 0xf8, 0x0,
    0x0, 0x0, 0x0, 0x0, 0x0, 0x0, 0xcc, 0x60,
    0x0,

    /* U+BB3C "물" */
    0x0, 0x3a, 0xaa, 0xaa, 0xaa, 0xaa, 0xaa, 0x70,
    0x0, 0x4, 0xff, 0xff, 0xff, 0xff, 0xff, 0xfa,
    0x0, 0x0, 0x4f, 0xf5, 0x33, 0x33, 0x33, 0xcf,
    0xa0, 0x0, 0x4, 0xff, 0x10, 0x0, 0x0, 0xb,
    0xfa, 0x0, 0x0, 0x4f, 0xfe, 0xee, 0xee, 0xee,
    0xff, 0xa0, 0x0, 0x4, 0xff, 0xff, 0xff, 0xff,
    0xff, 0xfa, 0x0, 0x0, 0x1, 0x11, 0x11, 0x11,
    0x11, 0x11, 0x10, 0x4, 0xee, 0xee, 0xee, 0xee,
    0xee, 0xee, 0xee, 0xed, 0x4f, 0xff, 0xff, 0xff,
    0xff, 0xff, 0xff, 0xff, 0xe0, 0x0, 0x0, 0x0,
    0x8f, 0xf0, 0x0, 0x0, 0x0, 0x0, 0x5d, 0xdd,
    0xde, 0xff, 0xdd, 0xdd, 0xa0, 0x0, 0x6, 0xff,
    0xff, 0xff, 0xff, 0xff, 0xfc, 0x0, 0x0, 0x1,
    0x11, 0x11, 0x11, 0x11, 0xaf, 0xc0, 0x0, 0x6,
    0xff, 0xff, 0xff, 0xff, 0xff, 0xfc, 0x0, 0x0,
    0x6f, 0xfb, 0xbb, 0xbb, 0xbb, 0xbb, 0x80, 0x0,
    0x6, 0xff, 0x0, 0x0, 0x0, 0x0, 0x0, 0x0,
    0x0, 0x6f, 0xff, 0xff, 0xff, 0xff, 0xff, 0xf3,
    0x0, 0x5, 0xdd, 0xdd, 0xdd, 0xdd, 0xdd, 0xdd,
    0x30,

    /* U+BCF4 "보" */
    0x0, 0x0, 0x0, 0x0, 0x0, 0x0, 0x0, 0x0,
    0x0, 0x9, 0xfd, 0x0, 0x0, 0x0, 0x5, 0xff,
    0x10, 0x0, 0x9f, 0xd0, 0x0, 0x0, 0x0, 0x5f,
    0xf1, 0x0, 0x9, 0xfe, 0x0, 0x0, 0x0, 0x6,
    0xff, 0x10, 0x0, 0x9f, 0xff, 0xff, 0xff, 0xff,
    0xff, 0xf1, 0x0, 0x9, 0xff, 0xff, 0xff, 0xff,
    0xff, 0xff, 0x10, 0x0, 0x9f, 0xd0, 0x0, 0x0,
    0x0, 0x5f, 0xf1, 0x0, 0x9, 0xfd, 0x0, 0x0,
    0x0, 0x5, 0xff, 0x10, 0x0, 0x9f, 0xfc, 0xcc,
    0xcc, 0xcc, 0xdf, 0xf1, 0x0, 0x9, 0xff, 0xff,
    0xff, 0xff, 0xff, 0xff, 0x10, 0x0, 0x12, 0x22,
    0x29, 0xff, 0x22, 0x22, 0x20, 0x0, 0x0, 0x0,
    0x0, 0x7f, 0xf0, 0x0, 0x0, 0x0, 0x0, 0x0,
    0x0, 0x7, 0xff, 0x0, 0x0, 0x0, 0x0, 0x11,
    0x11, 0x11, 0x8f, 0xf1, 0x11, 0x11, 0x11, 0x5f,
    0xff, 0xff, 0xff, 0xff, 0xff, 0xff, 0xff, 0xe5,
    0xee, 0xee, 0xee, 0xee, 0xee, 0xee, 0xee, 0xed,

    /* U+BD84 "분" */
    0x0, 0x15, 0x50, 0x0, 0x0, 0x0, 0x45, 0x40,
    0x0, 0x4, 0xff, 0x20, 0x0, 0x0, 0xc, 0xfa,
    0x0, 0x0, 0x4f, 0xfd, 0xcc, 0xcc, 0xcc, 0xff,
    0xa0, 0x0, 0x4, 0xff, 0xff, 0xff, 0xff, 0xff,
    0xfa, 0x0, 0x0, 0x4f, 0xf3, 0x11, 0x11, 0x11,
    0xcf, 0xa0, 0x0, 0x4, 0xff, 0x30, 0x0, 0x0,
    0xc, 0xfa, 0x0, 0x0, 0x4f, 0xff, 0xff, 0xff,
    0xff, 0xff, 0xa0, 0x0, 0x4, 0xee, 0xee, 0xee,
    0xee, 0xee, 0xe9, 0x0, 0x0, 0x0, 0x0, 0x0,
    0x0, 0x0, 0x0, 0x0, 0x4, 0xee, 0xee, 0xee,
    0xee, 0xee, 0xee, 0xee, 0xed, 0x5f, 0xff, 0xff,
    0xff, 0xff, 0xff, 0xff, 0xff, 0xe0, 0x0, 0x0,
    0x0, 0x5f, 0xf2, 0x0, 0x0, 0x0, 0x0, 0x4a,
    0xa0, 0x4, 0xff, 0x10, 0x0, 0x0, 0x0, 0x7,
    0xff, 0x0, 0x4e, 0xe1, 0x0, 0x0, 0x0, 0x0,
    0x7f, 0xf0, 0x0, 0x0, 0x0, 0x0, 0x0, 0x0,
    0x7, 0xff, 0xbb, 0xbb, 0xbb, 0xbb, 0xbb, 0x0,
    0x0, 0x7f, 0xff, 0xff, 0xff, 0xff, 0xff, 0xf0,
    0x0, 0x1, 0x44, 0x44, 0x44, 0x44, 0x44, 0x44,
    0x0,

    /* U+BE44 "비" */
    0x0, 0x0, 0x0, 0x0, 0x0, 0x1, 0xff, 0x65,
    0x98, 0x0, 0x2, 0x99, 0x20, 0x1f, 0xf6, 0x9f,
    0xe0, 0x0, 0x3f, 0xf3, 0x1, 0xff, 0x69, 0xfe,
    0x0, 0x3, 0xff, 0x30, 0x1f, 0xf6, 0x9f, 0xe0,
    0x0, 0x3f, 0xf3, 0x1, 0xff, 0x69, 0xff, 0x33,
    0x36, 0xff, 0x30, 0x1f, 0xf6, 0x9f, 0xff, 0xff,
    0xff, 0xf3, 0x1, 0xff, 0x69, 0xff, 0xbb, 0xbc,
    0xff, 0x30, 0x1f, 0xf6, 0x9f, 0xe0, 0x0, 0x3f,
    0xf3, 0x1, 0xff, 0x69, 0xfe, 0x0, 0x3, 0xff,
    0x30, 0x1f, 0xf6, 0x9f, 0xe0, 0x0, 0x3f, 0xf3,
    0x1, 0xff, 0x69, 0xff, 0x55, 0x57, 0xff, 0x30,
    0x1f, 0xf6, 0x9f, 0xff, 0xff, 0xff, 0xf3, 0x1,
    0xff, 0x66, 0xaa, 0xaa, 0xaa, 0xaa, 0x20, 0x1f,
    0xf6, 0x0, 0x0, 0x0, 0x0, 0x0, 0x1, 0xff,
    0x60, 0x0, 0x0, 0x0, 0x0, 0x0, 0x1f, 0xf6,
    0x0, 0x0, 0x0, 0x0, 0x0, 0x1, 0xff, 0x60,
    0x0, 0x0, 0x0, 0x0, 0x0, 0x1d, 0xd5,

    /* U+C131 "성" */
    0x0, 0x0, 0x0, 0x0, 0x0, 0x0, 0xf, 0xf8,
    0x0, 0x0, 0x4f, 0xf3, 0x0, 0x0, 0xf, 0xf8,
    0x0, 0x0, 0x4f, 0xf4, 0x0, 0x0, 0xf, 0xf8,
    0x0, 0x0, 0x6f, 0xf6, 0x4, 0xee, 0xef, 0xf8,
    0x0, 0x0, 0xaf, 0xfa, 0x4, 0xff, 0xff, 0xf8,
    0x0, 0x1, 0xff, 0xff, 0x20, 0x11, 0x1f, 0xf8,
    0x0, 0xc, 0xfc, 0xbf, 0xe2, 0x0, 0xf, 0xf8,
    0x3, 0xcf, 0xf2, 0x1e, 0xff, 0x91, 0xf, 0xf8,
    0x6f, 0xff, 0x70, 0x4, 0xef, 0xd0, 0xf, 0xf8,
    0xd, 0xe6, 0x0, 0x0, 0x8, 0x30, 0xf, 0xf8,
    0x2, 0x0, 0x0, 0x0, 0x1, 0x0, 0x6, 0x63,
    0x0, 0x0, 0x5, 0xbe, 0xff, 0xfe, 0xa5, 0x0,
    0x0, 0x0, 0xbf, 0xff, 0xed, 0xef, 0xff, 0xa0,
    0x0, 0x6, 0xff, 0x60, 0x0, 0x1, 0x7f, 0xf4,
    0x0, 0x9, 0xfe, 0x0, 0x0, 0x0, 0xf, 0xf7,
    0x0, 0x5, 0xff, 0xb5, 0x32, 0x35, 0xcf, 0xf3,
    0x0, 0x0, 0x7f, 0xff, 0xff, 0xff, 0xff, 0x60,
    0x0, 0x0, 0x1, 0x6a, 0xbc, 0xb9, 0x61, 0x0,

    /* U+C138 "세" */
    0x0, 0x0, 0x0, 0x0, 0x1, 0xbb, 0x26, 0xfe,
    0x0, 0x1, 0x77, 0x10, 0x1, 0xff, 0x36, 0xfe,
    0x0, 0x2, 0xff, 0x30, 0x1, 0xff, 0x36, 0xfe,
    0x0, 0x2, 0xff, 0x30, 0x1, 0xff, 0x36, 0xfe,
    0x0, 0x3, 0xff, 0x30, 0x1, 0xff, 0x36, 0xfe,
    0x0, 0x4, 0xff, 0x40, 0x1, 0xff, 0x36, 0xfe,
    0x0, 0x5, 0xff, 0x66, 0xff, 0xff, 0x36, 0xfe,
    0x0, 0x9, 0xff, 0x96, 0xff, 0xff, 0x36, 0xfe,
    0x0, 0xd, 0xff, 0xe0, 0x2, 0xff, 0x36, 0xfe,
    0x0, 0x4f, 0xfe, 0xf6, 0x1, 0xff, 0x36, 0xfe,
    0x0, 0xdf, 0x98, 0xfe, 0x11, 0xff, 0x36, 0xfe,
    0xb, 0xff, 0x21, 0xff, 0xe3, 0xff, 0x36, 0xfe,
    0x8f, 0xf7, 0x0, 0x5f, 0xe3, 0xff, 0x36, 0xfe,
    0xd, 0x70, 0x0, 0x4, 0x51, 0xff, 0x36, 0xfe,
    0x0, 0x0, 0x0, 0x0, 0x1, 0xff, 0x36, 0xfe,
    0x0, 0x0, 0x0, 0x0, 0x1, 0xff, 0x36, 0xfe,
    0x0, 0x0, 0x0, 0x0, 0x1, 0xff, 0x36, 0xfe,
    0x0, 0x0, 0x0, 0x0, 0x0, 0x0, 0x5, 0xcb,

    /* U+C168 "셨" */
    0x0, 0x0, 0x25, 0x50, 0x0, 0x0, 0x1f, 0xf6,
    0x0, 0x0, 0x0, 0x6f, 0xf1, 0x0, 0x23, 0x4f,
    0xf6, 0x0, 0x0, 0x0, 0x7f, 0xf1, 0x0, 0xef,
    0xff, 0xf6, 0x0, 0x0, 0x0, 0x9f, 0xf3, 0x0,
    0xbc, 0xcf, 0xf6, 0x0, 0x0, 0x0, 0xdf, 0xf7,
    0x0, 0x0, 0x1f, 0xf6, 0x0, 0x0, 0x4, 0xff,
    0xfe, 0x0, 0xcd, 0xef, 0xf6, 0x0, 0x0, 0x1e,
    0xfc, 0xff, 0xb0, 0xef, 0xff, 0xf6, 0x0, 0x4,
    0xdf, 0xf1, 0x5f, 0xfb, 0x41, 0x3f, 0xf6, 0x0,
    0x6f, 0xff, 0x50, 0x9, 0xff, 0xd0, 0x1f, 0xf6,
    0x0, 0xd, 0xd3, 0x0, 0x0, 0x4e, 0x30, 0x1f,
    0xf6, 0x0, 0x1, 0x0, 0x1, 0x10, 0x0, 0x1,
    0x15, 0x31, 0x0, 0x0, 0x0, 0x5f, 0xf2, 0x0,
    0xc, 0xfb, 0x0, 0x0, 0x0, 0x0, 0x7f, 0xf4,
    0x0, 0xf, 0xfd, 0x0, 0x0, 0x0, 0x0, 0xdf,
    0xfa, 0x0, 0x5f, 0xff, 0x30, 0x0, 0x0, 0xa,
    0xfe, 0xff, 0x51, 0xdf, 0xcf, 0xe2, 0x0, 0x3,
    0xdf, 0xf3, 0x7f, 0xfe, 0xfc, 0xd, 0xff, 0x80,
    0x2, 0xfe, 0x50, 0x9, 0xff, 0xd2, 0x2, 0xcf,
    0x80, 0x0, 0x41, 0x0, 0x0, 0x48, 0x0, 0x0,
    0x5, 0x0,

    /* U+C18D "속" */
    0x0, 0x0, 0x0, 0x4, 0x77, 0x0, 0x0, 0x0,
    0x0, 0x0, 0x0, 0x0, 0xbf, 0xf1, 0x0, 0x0,
    0x0, 0x0, 0x0, 0x0, 0xe, 0xff, 0x50, 0x0,
    0x0, 0x0, 0x0, 0x0, 0xb, 0xff, 0xfe, 0x20,
    0x0, 0x0, 0x0, 0x0, 0x3c, 0xff, 0x6e, 0xff,
    0x70, 0x0, 0x0, 0x39, 0xdf, 0xff, 0x60, 0x2d,
    0xff, 0xfb, 0x70, 0x2, 0xff, 0xfa, 0x24, 0x77,
    0x7, 0xef, 0xf9, 0x0, 0x6, 0x41, 0x0, 0x8f,
    0xe0, 0x0, 0x37, 0x20, 0x1, 0x11, 0x11, 0x19,
    0xff, 0x11, 0x11, 0x11, 0x14, 0xff, 0xff, 0xff,
    0xff, 0xff, 0xff, 0xff, 0xfe, 0x4e, 0xee, 0xee,
    0xee, 0xee, 0xee, 0xee, 0xee, 0xd0, 0x0, 0x0,
    0x0, 0x0, 0x0, 0x0, 0x0, 0x0, 0x0, 0xaf,
    0xff, 0xff, 0xff, 0xff, 0xff, 0xe0, 0x0, 0x9,
    0xdd, 0xdd, 0xdd, 0xdd, 0xdf, 0xfe, 0x0, 0x0,
    0x0, 0x0, 0x0, 0x0, 0x0, 0x9f, 0xe0, 0x0,
    0x0, 0x0, 0x0, 0x0, 0x0, 0x9, 0xfe, 0x0,
    0x0, 0x0, 0x0, 0x0, 0x0, 0x0, 0x9f, 0xe0,
    0x0, 0x0, 0x0, 0x0, 0x0, 0x0, 0x7, 0xdc,
    0x0,

    /* U+C26C "쉬" */
    0x0, 0x0, 0x3, 0x32, 0x0, 0x0, 0xe, 0xf7,
    0x0, 0x0, 0xe, 0xfa, 0x0, 0x0, 0xf, 0xf8,
    0x0, 0x0, 0x1f, 0xfd, 0x0, 0x0, 0xf, 0xf8,
    0x0, 0x0, 0x6f, 0xff, 0x30, 0x0, 0xf, 0xf8,
    0x0, 0x2, 0xef, 0xff, 0xd2, 0x0, 0xf, 0xf8,
    0x1, 0x6f, 0xfe, 0x2e, 0xff, 0x93, 0xf, 0xf8,
    0xe, 0xff, 0xe2, 0x2, 0xdf, 0xf8, 0xf, 0xf8,
    0x7, 0xf9, 0x10, 0x0, 0x4, 0xa0, 0xf, 0xf8,
    0x0, 0x0, 0x0, 0x0, 0x1, 0x23, 0xf, 0xf8,
    0x4b, 0xbb, 0xbc, 0xde, 0xff, 0xff, 0xf, 0xf8,
    0x4f, 0xff, 0xff, 0xff, 0xfd, 0xb9, 0xf, 0xf8,
    0x5, 0x44, 0x4d, 0xfb, 0x0, 0x0, 0xf, 0xf8,
    0x0, 0x0, 0xc, 0xfa, 0x0, 0x0, 0xf, 0xf8,
    0x0, 0x0, 0xc, 0xfa, 0x0, 0x0, 0xf, 0xf8,
    0x0, 0x0, 0xc, 0xfa, 0x0, 0x0, 0xf, 0xf8,
    0x0, 0x0, 0xc, 0xfa, 0x0, 0x0, 0xf, 0xf8,
    0x0, 0x0, 0xc, 0xfa, 0x0, 0x0, 0xf, 0xf8,
    0x0, 0x0, 0x3, 0x42, 0x0, 0x0, 0xc, 0xc6,

    /* U+C2DC "시" */
    0x0, 0x0, 0x0, 0x0, 0x0, 0x0, 0x1f, 0xf6,
    0x0, 0x0, 0x9, 0x94, 0x0, 0x0, 0x1f, 0xf6,
    0x0, 0x0, 0xf, 0xf7, 0x0, 0x0, 0x1f, 0xf6,
    0x0, 0x0, 0xf, 0xf7, 0x0, 0x0, 0x1f, 0xf6,
    0x0, 0x0, 0x1f, 0xf8, 0x0, 0x0, 0x1f, 0xf6,
    0x0, 0x0, 0x3f, 0xf9, 0x0, 0x0, 0x1f, 0xf6,
    0x0, 0x0, 0x5f, 0xfc, 0x0, 0x0, 0x1f, 0xf6,
    0x0, 0x0, 0xaf, 0xff, 0x20, 0x0, 0x1f, 0xf6,
    0x0, 0x1, 0xff, 0xff, 0x80, 0x0, 0x1f, 0xf6,
    0x0, 0xa, 0xfe, 0x8f, 0xf3, 0x0, 0x1f, 0xf6,
    0x0, 0x6f, 0xf6, 0xd, 0xfd, 0x20, 0x1f, 0xf6,
    0x8, 0xff, 0xd0, 0x5, 0xff, 0xf6, 0x1f, 0xf6,
    0x6f, 0xff, 0x30, 0x0, 0x7f, 0xf7, 0x1f, 0xf6,
    0xb, 0xd3, 0x0, 0x0, 0x4, 0x90, 0x1f, 0xf6,
    0x1, 0x0, 0x0, 0x0, 0x0, 0x0, 0x1f, 0xf6,
    0x0, 0x0, 0x0, 0x0, 0x0, 0x0, 0x1f, 0xf6,
    0x0, 0x0, 0x0, 0x0, 0x0, 0x0, 0x1f, 0xf6,
    0x0, 0x0, 0x0, 0x0, 0x0, 0x0, 0x1d, 0xd5,

    /* U+C2DD "식" */
    0x0, 0x0, 0x0, 0x0, 0x0, 0x0, 0x2, 0x31,
    0x0, 0x0, 0x5, 0x53, 0x0, 0x0, 0xe, 0xf9,
    0x0, 0x0, 0x1f, 0xf8, 0x0, 0x0, 0xe, 0xf9,
    0x0, 0x0, 0x1f, 0xf8, 0x0, 0x0, 0xe, 0xf9,
    0x0, 0x0, 0x4f, 0xfa, 0x0, 0x0, 0xe, 0xf9,
    0x0, 0x0, 0x9f, 0xff, 0x10, 0x0, 0xe, 0xf9,
    0x0, 0x2, 0xff, 0xff, 0x90, 0x0, 0xe, 0xf9,
    0x0, 0x2e, 0xfd, 0x6f, 0xf9, 0x0, 0xe, 0xf9,
    0x19, 0xff, 0xf2, 0xa, 0xff, 0xe5, 0xe, 0xf9,
    0xe, 0xfd, 0x40, 0x0, 0x7f, 0xf2, 0xe, 0xf9,
    0x4, 0x70, 0x0, 0x0, 0x1, 0x40, 0xe, 0xf9,
    0x0, 0x0, 0x0, 0x0, 0x0, 0x0, 0x5, 0x63,
    0x0, 0x8, 0xdd, 0xdd, 0xdd, 0xdd, 0xdd, 0xd7,
    0x0, 0xa, 0xff, 0xff, 0xff, 0xff, 0xff, 0xf9,
    0x0, 0x1, 0x22, 0x22, 0x22, 0x22, 0x2e, 0xf9,
    0x0, 0x0, 0x0, 0x0, 0x0, 0x0, 0xe, 0xf9,
    0x0, 0x0, 0x0, 0x0, 0x0, 0x0, 0xe, 0xf9,
    0x0, 0x0, 0x0, 0x0, 0x0, 0x0, 0xe, 0xf9,
    0x0, 0x0, 0x0, 0x0, 0x0, 0x0, 0x8, 0x95,

    /* U+C2E4 "실" */
    0x0, 0x0, 0x16, 0x62, 0x0, 0x0, 0x1c, 0xc5,
    0x0, 0x0, 0x4f, 0xf5, 0x0, 0x0, 0x1f, 0xf6,
    0x0, 0x0, 0x5f, 0xf6, 0x0, 0x0, 0x1f, 0xf6,
    0x0, 0x0, 0x8f, 0xf9, 0x0, 0x0, 0x1f, 0xf6,
    0x0, 0x0, 0xef, 0xff, 0x10, 0x0, 0x1f, 0xf6,
    0x0, 0xa, 0xff, 0xef, 0xd1, 0x0, 0x1f, 0xf6,
    0x3, 0xbf, 0xf5, 0x3f, 0xfe, 0x70, 0x1f, 0xf6,
    0x4f, 0xff, 0x80, 0x5, 0xef, 0xf3, 0x1f, 0xf6,
    0xc, 0xe6, 0x0, 0x0, 0x8, 0x80, 0x1f, 0xf6,
    0x1, 0x0, 0x0, 0x0, 0x0, 0x0, 0x13, 0x31,
    0x0, 0x8, 0xff, 0xff, 0xff, 0xff, 0xff, 0xf6,
    0x0, 0x7, 0xee, 0xee, 0xee, 0xee, 0xef, 0xf6,
    0x0, 0x0, 0x0, 0x0, 0x0, 0x0, 0x1f, 0xf6,
    0x0, 0x7, 0xff, 0xff, 0xff, 0xff, 0xff, 0xf6,
    0x0, 0x7, 0xff, 0xcc, 0xcc, 0xcc, 0xcc, 0xc5,
    0x0, 0x7, 0xff, 0x11, 0x11, 0x11, 0x11, 0x11,
    0x0, 0x7, 0xff, 0xff, 0xff, 0xff, 0xff, 0xfe,
    0x0, 0x6, 0xee, 0xee, 0xee, 0xee, 0xee, 0xec,

    /* U+C548 "안" */
    0x0, 0x0, 0x0, 0x0, 0x0, 0x0, 0xef, 0x90,
    0x0, 0x0, 0x6a, 0xdb, 0x70, 0x0, 0xe, 0xf9,
    0x0, 0x1, 0xdf, 0xff, 0xff, 0xd1, 0x0, 0xef,
    0x90, 0x0, 0xcf, 0xf8, 0x57, 0xff, 0xc0, 0xe,
    0xf9, 0x0, 0x2f, 0xf6, 0x0, 0x5, 0xff, 0x20,
    0xef, 0x90, 0x4, 0xff, 0x20, 0x0, 0x1f, 0xf5,
    0xe, 0xff, 0xff, 0x2f, 0xf5, 0x0, 0x4, 0xff,
    0x20, 0xef, 0xff, 0xf0, 0xdf, 0xe5, 0x25, 0xef,
    0xd0, 0xe, 0xf9, 0x0, 0x2, 0xef, 0xff, 0xff,
    0xf2, 0x0, 0xef, 0x90, 0x0, 0x1, 0x9d, 0xfd,
    0x91, 0x0, 0xe, 0xf9, 0x0, 0x0, 0x0, 0x0,
    0x0, 0x0, 0x0, 0xef, 0x90, 0x0, 0x0, 0x89,
    0x50, 0x0, 0x0, 0xe, 0xf9, 0x0, 0x0, 0xe,
    0xf9, 0x0, 0x0, 0x0, 0xef, 0x80, 0x0, 0x0,
    0xef, 0x90, 0x0, 0x0, 0x0, 0x0, 0x0, 0x0,
    0xe, 0xf9, 0x0, 0x0, 0x0, 0x0, 0x0, 0x0,
    0x0, 0xef, 0xeb, 0xbb, 0xbb, 0xbb, 0xbb, 0x30,
    0x0, 0xe, 0xff, 0xff, 0xff, 0xff, 0xff, 0xf4,
    0x0, 0x0, 0x34, 0x44, 0x44, 0x44, 0x44, 0x44,
    0x10,

    /* U+C549 "앉" */
    0x0, 0x0, 0x0, 0x0, 0x0, 0x0, 0xad, 0xa0,
    0x0, 0x0, 0x19, 0xdf, 0xd9, 0x20, 0x0, 0xbf,
    0xb0, 0x0, 0x4, 0xff, 0xff, 0xff, 0xf3, 0x0,
    0xbf, 0xb0, 0x0, 0xe, 0xfd, 0x41, 0x4d, 0xfe,
    0x0, 0xbf, 0xc1, 0x10, 0x3f, 0xf3, 0x0, 0x3,
    0xff, 0x30, 0xbf, 0xff, 0xf2, 0x4f, 0xf2, 0x0,
    0x2, 0xff, 0x30, 0xbf, 0xff, 0xf2, 0xf, 0xfb,
    0x10, 0x1b, 0xff, 0x0, 0xbf, 0xb0, 0x0, 0x6,
    0xff, 0xfe, 0xff, 0xf6, 0x0, 0xbf, 0xb0, 0x0,
    0x0, 0x4c, 0xff, 0xfc, 0x40, 0x0, 0xbf, 0xb0,
    0x0, 0x0, 0x0, 0x2, 0x0, 0x0, 0x0, 0x45,
    0x40, 0x0, 0x0, 0x89, 0x50, 0x1, 0xff, 0xff,
    0xff, 0xf7, 0x0, 0x0, 0xdf, 0x90, 0x1, 0xdd,
    0xef, 0xfd, 0xd6, 0x0, 0x0, 0xdf, 0x90, 0x0,
    0x0, 0x9f, 0xf0, 0x0, 0x0, 0x0, 0xdf, 0x90,
    0x0, 0x0, 0xef, 0xf4, 0x0, 0x0, 0x0, 0xdf,
    0x93, 0x74, 0xa, 0xff, 0xfe, 0x20, 0x0, 0x0,
    0xdf, 0xff, 0xfd, 0xef, 0xf5, 0xdf, 0xf9, 0x0,
    0x0, 0xdf, 0xfe, 0xa7, 0xfe, 0x50, 0x2c, 0xf9,
    0x0, 0x0, 0x0, 0x0, 0x0, 0x40, 0x0, 0x0,
    0x41, 0x0,

    /* U+C555 "압" */
    0x0, 0x0, 0x1, 0x0, 0x0, 0x0, 0xef, 0x90,
    0x0, 0x3, 0xcf, 0xff, 0xc3, 0x0, 0xe, 0xf9,
    0x0, 0x4, 0xff, 0xfe, 0xff, 0xf5, 0x0, 0xef,
    0x90, 0x0, 0xef, 0xc1, 0x1, 0xcf, 0xf0, 0xe,
    0xfa, 0x33, 0x3f, 0xf3, 0x0, 0x3, 0xff, 0x30,
    0xef, 0xff, 0xf3, 0xff, 0x30, 0x0, 0x3f, 0xf3,
    0xe, 0xfe, 0xcc, 0xf, 0xfb, 0x0, 0xb, 0xff,
    0x0, 0xef, 0x90, 0x0, 0x6f, 0xff, 0xdf, 0xff,
    0x60, 0xe, 0xf9, 0x0, 0x0, 0x5e, 0xff, 0xfe,
    0x50, 0x0, 0xef, 0x90, 0x0, 0x0, 0x1, 0x32,
    0x0, 0x0, 0x9, 0xa6, 0x0, 0x0, 0x5, 0x52,
    0x0, 0x0, 0x0, 0x55, 0x30, 0x0, 0x0, 0xff,
    0x70, 0x0, 0x0, 0xe, 0xf9, 0x0, 0x0, 0xf,
    0xff, 0xee, 0xee, 0xee, 0xff, 0x90, 0x0, 0x0,
    0xff, 0xff, 0xff, 0xff, 0xff, 0xf9, 0x0, 0x0,
    0xf, 0xf7, 0x0, 0x0, 0x0, 0xef, 0x90, 0x0,
    0x0, 0xff, 0x82, 0x22, 0x22, 0x2e, 0xf9, 0x0,
    0x0, 0xf, 0xff, 0xff, 0xff, 0xff, 0xff, 0x90,
    0x0, 0x0, 0xdd, 0xdd, 0xdd, 0xdd, 0xdd, 0xd7,
    0x0,

    /* U+C5B4 "어" */
    0x0, 0x0, 0x0, 0x0, 0x0, 0x0, 0xe, 0xf8,
    0x0, 0x3, 0x8a, 0x72, 0x0, 0x0, 0xe, 0xf8,
    0x0, 0x5f, 0xff, 0xff, 0x40, 0x0, 0xe, 0xf8,
    0x2, 0xff, 0xd9, 0xef, 0xe1, 0x0, 0xe, 0xf8,
    0x9, 0xfd, 0x0, 0x1f, 0xf7, 0x0, 0xe, 0xf8,
    0xe, 0xf7, 0x0, 0xa, 0xfb, 0x0, 0xe, 0xf8,
    0xf, 0xf4, 0x0, 0x7, 0xff, 0x88, 0x8f, 0xf8,
    0x2f, 0xf3, 0x0, 0x5, 0xff, 0xff, 0xff, 0xf8,
    0xf, 0xf4, 0x0, 0x6, 0xff, 0x66, 0x6f, 0xf8,
    0xf, 0xf6, 0x0, 0x9, 0xfc, 0x0, 0xe, 0xf8,
    0xb, 0xfc, 0x0, 0xe, 0xf8, 0x0, 0xe, 0xf8,
    0x3, 0xff, 0xa6, 0xcf, 0xf2, 0x0, 0xe, 0xf8,
    0x0, 0x9f, 0xff, 0xff, 0x70, 0x0, 0xe, 0xf8,
    0x0, 0x6, 0xbe, 0xb4, 0x0, 0x0, 0xe, 0xf8,
    0x0, 0x0, 0x0, 0x0, 0x0, 0x0, 0xe, 0xf8,
    0x0, 0x0, 0x0, 0x0, 0x0, 0x0, 0xe, 0xf8,
    0x0, 0x0, 0x0, 0x0, 0x0, 0x0, 0xe, 0xf8,
    0x0, 0x0, 0x0, 0x0, 0x0, 0x0, 0xc, 0xd7,

    /* U+C5D0 "에" */
    0x0, 0x0, 0x0, 0x0, 0x1, 0xbb, 0x26, 0xfe,
    0x0, 0x6, 0xa7, 0x10, 0x1, 0xff, 0x36, 0xfe,
    0x0, 0xbf, 0xff, 0xd1, 0x1, 0xff, 0x36, 0xfe,
    0x7, 0xff, 0xbf, 0xf9, 0x1, 0xff, 0x36, 0xfe,
    0xd, 0xf8, 0x6, 0xff, 0x1, 0xff, 0x36, 0xfe,
    0x1f, 0xf2, 0x0, 0xff, 0x31, 0xff, 0x36, 0xfe,
    0x3f, 0xf0, 0x0, 0xef, 0xa7, 0xff, 0x36, 0xfe,
    0x4f, 0xf0, 0x0, 0xdf, 0xff, 0xff, 0x36, 0xfe,
    0x3f, 0xf0, 0x0, 0xef, 0xc9, 0xff, 0x36, 0xfe,
    0x2f, 0xf1, 0x0, 0xff, 0x41, 0xff, 0x36, 0xfe,
    0xf, 0xf5, 0x3, 0xff, 0x11, 0xff, 0x36, 0xfe,
    0xa, 0xfd, 0x5c, 0xfc, 0x1, 0xff, 0x36, 0xfe,
    0x3, 0xff, 0xff, 0xf4, 0x1, 0xff, 0x36, 0xfe,
    0x0, 0x4e, 0xfe, 0x60, 0x1, 0xff, 0x36, 0xfe,
    0x0, 0x0, 0x10, 0x0, 0x1, 0xff, 0x36, 0xfe,
    0x0, 0x0, 0x0, 0x0, 0x1, 0xff, 0x36, 0xfe,
    0x0, 0x0, 0x0, 0x0, 0x1, 0xff, 0x36, 0xfe,
    0x0, 0x0, 0x0, 0x0, 0x0, 0x0, 0x5, 0xcb,

    /* U+C5F0 "연" */
    0x0, 0x0, 0x0, 0x0, 0x0, 0x0, 0xe, 0xf7,
    0x0, 0x8, 0xce, 0xb7, 0x0, 0x0, 0xf, 0xf8,
    0x1, 0xdf, 0xff, 0xff, 0xc8, 0x88, 0x8f, 0xf8,
    0xa, 0xff, 0x74, 0x7f, 0xff, 0xff, 0xff, 0xf8,
    0xf, 0xf6, 0x0, 0x7, 0xff, 0x76, 0x6f, 0xf8,
    0x2f, 0xf2, 0x0, 0x3, 0xff, 0x20, 0xf, 0xf8,
    0xf, 0xf5, 0x0, 0x6, 0xff, 0x54, 0x4f, 0xf8,
    0xc, 0xfe, 0x41, 0x5e, 0xff, 0xff, 0xff, 0xf8,
    0x2, 0xff, 0xff, 0xff, 0xea, 0xaa, 0xaf, 0xf8,
    0x0, 0x1a, 0xef, 0xe9, 0x10, 0x0, 0xf, 0xf8,
    0x0, 0x0, 0x0, 0x0, 0x0, 0x0, 0xf, 0xf8,
    0x0, 0x2, 0x77, 0x10, 0x0, 0x0, 0xf, 0xf8,
    0x0, 0x4, 0xff, 0x30, 0x0, 0x0, 0xf, 0xf8,
    0x0, 0x4, 0xff, 0x30, 0x0, 0x0, 0x0, 0x0,
    0x0, 0x4, 0xff, 0x30, 0x0, 0x0, 0x0, 0x0,
    0x0, 0x4, 0xff, 0xcb, 0xbb, 0xbb, 0xbb, 0xbb,
    0x0, 0x4, 0xff, 0xff, 0xff, 0xff, 0xff, 0xfe,
    0x0, 0x1, 0x44, 0x44, 0x44, 0x44, 0x44, 0x43,

    /* U+C601 "영" */
    0x0, 0x0, 0x0, 0x0, 0x0, 0x0, 0x3, 0x31,
    0x0, 0x0, 0x2, 0x0, 0x0, 0x0, 0xf, 0xf8,
    0x0, 0x3c, 0xff, 0xfc, 0x30, 0x0, 0xf, 0xf8,
    0x3, 0xff, 0xfe, 0xff, 0xfd, 0xdd, 0xdf, 0xf8,
    0xd, 0xfc, 0x20, 0x2d, 0xff, 0xff, 0xff, 0xf8,
    0x1f, 0xf4, 0x0, 0x5, 0xff, 0x31, 0x1f, 0xf8,
    0x2f, 0xf2, 0x0, 0x3, 0xff, 0x20, 0xf, 0xf8,
    0xf, 0xf6, 0x0, 0x8, 0xff, 0xba, 0xaf, 0xf8,
    0x9, 0xff, 0x74, 0x8f, 0xff, 0xff, 0xff, 0xf8,
    0x0, 0xcf, 0xff, 0xff, 0xc7, 0x77, 0x7f, 0xf8,
    0x0, 0x6, 0xac, 0xa6, 0x0, 0x0, 0xf, 0xf8,
    0x0, 0x0, 0x0, 0x0, 0x1, 0x0, 0x8, 0x84,
    0x0, 0x0, 0x6, 0xcf, 0xff, 0xff, 0xb5, 0x0,
    0x0, 0x1, 0xcf, 0xff, 0xdc, 0xdf, 0xff, 0xa0,
    0x0, 0x7, 0xff, 0x50, 0x0, 0x0, 0x6f, 0xf4,
    0x0, 0x9, 0xfd, 0x0, 0x0, 0x0, 0xf, 0xf7,
    0x0, 0x5, 0xff, 0xa5, 0x32, 0x35, 0xbf, 0xf3,
    0x0, 0x0, 0x7f, 0xff, 0xff, 0xff, 0xff, 0x50,
    0x0, 0x0, 0x1, 0x69, 0xbc, 0xb9, 0x61, 0x0,

    /* U+C644 "완" */
    0x0, 0x0, 0x2, 0x20, 0x0, 0x0, 0x8f, 0xe0,
    0x0, 0x0, 0x1a, 0xff, 0xff, 0x91, 0x0, 0x9f,
    0xe0, 0x0, 0x0, 0xdf, 0xfc, 0xcf, 0xfb, 0x0,
    0x9f, 0xe0, 0x0, 0x5, 0xff, 0x20, 0x4, 0xff,
    0x30, 0x9f, 0xe0, 0x0, 0x7, 0xfd, 0x0, 0x0,
    0xff, 0x50, 0x9f, 0xe0, 0x0, 0x4, 0xff, 0x60,
    0x18, 0xff, 0x20, 0x9f, 0xf5, 0x51, 0x0, 0xaf,
    0xff, 0xff, 0xf8, 0x0, 0x9f, 0xff, 0xf2, 0x0,
    0x6, 0xcf, 0xfc, 0x50, 0x0, 0x9f, 0xfa, 0xa2,
    0x0, 0x0, 0x4f, 0xf3, 0x1, 0x31, 0x9f, 0xe0,
    0x0, 0x4b, 0xbc, 0xdf, 0xfe, 0xff, 0xf7, 0x9f,
    0xe0, 0x0, 0x4f, 0xff, 0xff, 0xfd, 0xca, 0x84,
    0x9f, 0xe0, 0x0, 0x1, 0x11, 0x10, 0x0, 0x0,
    0x0, 0x9f, 0xe0, 0x0, 0x0, 0x1c, 0xc4, 0x0,
    0x0, 0x0, 0x9f, 0xe0, 0x0, 0x0, 0x1f, 0xf5,
    0x0, 0x0, 0x0, 0x59, 0x80, 0x0, 0x0, 0x1f,
    0xf5, 0x0, 0x0, 0x0, 0x0, 0x0, 0x0, 0x0,
    0x1f, 0xfd, 0xbb, 0xbb, 0xbb, 0xbb, 0xb4, 0x0,
    0x0, 0x1f, 0xff, 0xff, 0xff, 0xff, 0xff, 0xf5,
    0x0, 0x0, 0x3, 0x33, 0x33, 0x33, 0x33, 0x33,
    0x31, 0x0,

    /* U+C694 "요" */
    0x0, 0x0, 0x0, 0x0, 0x10, 0x0, 0x0, 0x0,
    0x0, 0x0, 0x1, 0x8d, 0xff, 0xfe, 0xb4, 0x0,
    0x0, 0x0, 0x5, 0xff, 0xff, 0xef, 0xff, 0xfc,
    0x0, 0x0, 0x4, 0xff, 0xc3, 0x0, 0x1, 0x7f,
    0xfc, 0x0, 0x0, 0xaf, 0xd0, 0x0, 0x0, 0x0,
    0x5f, 0xf2, 0x0, 0xd, 0xf9, 0x0, 0x0, 0x0,
    0x1, 0xff, 0x60, 0x0, 0xcf, 0xd0, 0x0, 0x0,
    0x0, 0x4f, 0xf4, 0x0, 0x5, 0xff, 0xa2, 0x0,
    0x0, 0x5e, 0xfd, 0x0, 0x0, 0x6, 0xff, 0xfd,
    0xcc, 0xff, 0xfd, 0x10, 0x0, 0x0, 0xb, 0xff,
    0xff, 0xff, 0xff, 0x50, 0x0, 0x0, 0x0, 0xbf,
    0xc1, 0x21, 0x3f, 0xf4, 0x0, 0x0, 0x0, 0xb,
    0xfb, 0x0, 0x3, 0xff, 0x40, 0x0, 0x0, 0x0,
    0xbf, 0xb0, 0x0, 0x3f, 0xf4, 0x0, 0x0, 0x11,
    0x1b, 0xfc, 0x11, 0x14, 0xff, 0x61, 0x11, 0x5f,
    0xff, 0xff, 0xff, 0xff, 0xff, 0xff, 0xff, 0xe5,
    0xee, 0xee, 0xee, 0xee, 0xee, 0xee, 0xee, 0xed,

    /* U+C74C "음" */
    0x0, 0x0, 0x5, 0x9a, 0xbb, 0xa8, 0x30, 0x0,
    0x0, 0x0, 0x5f, 0xff, 0xff, 0xff, 0xff, 0xc2,
    0x0, 0x0, 0x4f, 0xfc, 0x63, 0x22, 0x48, 0xff,
    0xd0, 0x0, 0x9, 0xff, 0x0, 0x0, 0x0, 0x6,
    0xff, 0x20, 0x0, 0x6f, 0xf8, 0x10, 0x0, 0x3,
    0xcf, 0xf0, 0x0, 0x0, 0xaf, 0xff, 0xee, 0xef,
    0xff, 0xf5, 0x0, 0x0, 0x0, 0x49, 0xdf, 0xff,
    0xec, 0x72, 0x0, 0x0, 0x0, 0x0, 0x0, 0x0,
    0x0, 0x0, 0x0, 0x0, 0x4e, 0xee, 0xee, 0xee,
    0xee, 0xee, 0xee, 0xee, 0xd4, 0xff, 0xff, 0xff,
    0xff, 0xff, 0xff, 0xff, 0xfe, 0x1, 0x11, 0x11,
    0x11, 0x11, 0x11, 0x11, 0x11, 0x10, 0x1, 0x33,
    0x33, 0x33, 0x33, 0x33, 0x33, 0x0, 0x0, 0x6f,
    0xff, 0xff, 0xff, 0xff, 0xff, 0xf0, 0x0, 0x6,
    0xff, 0xbb, 0xbb, 0xbb, 0xbd, 0xff, 0x0, 0x0,
    0x6f, 0xf0, 0x0, 0x0, 0x0, 0x7f, 0xf0, 0x0,
    0x6, 0xff, 0x32, 0x22, 0x22, 0x28, 0xff, 0x0,
    0x0, 0x6f, 0xff, 0xff, 0xff, 0xff, 0xff, 0xf0,
    0x0, 0x5, 0xdd, 0xdd, 0xdd, 0xdd, 0xdd, 0xdd,
    0x0,

    /* U+C774 "이" */
    0x0, 0x0, 0x0, 0x0, 0x0, 0x1, 0xff, 0x60,
    0x1, 0x6a, 0x84, 0x0, 0x0, 0x1f, 0xf6, 0x2,
    0xef, 0xff, 0xf8, 0x0, 0x1, 0xff, 0x60, 0xdf,
    0xe9, 0xcf, 0xf5, 0x0, 0x1f, 0xf6, 0x5f, 0xf3,
    0x0, 0xbf, 0xd0, 0x1, 0xff, 0x6a, 0xfb, 0x0,
    0x4, 0xff, 0x20, 0x1f, 0xf6, 0xcf, 0x80, 0x0,
    0x1f, 0xf4, 0x1, 0xff, 0x6e, 0xf7, 0x0, 0x0,
    0xff, 0x60, 0x1f, 0xf6, 0xdf, 0x80, 0x0, 0xf,
    0xf5, 0x1, 0xff, 0x6b, 0xfa, 0x0, 0x3, 0xff,
    0x20, 0x1f, 0xf6, 0x7f, 0xf1, 0x0, 0x9f, 0xe0,
    0x1, 0xff, 0x60, 0xef, 0xd6, 0x9f, 0xf7, 0x0,
    0x1f, 0xf6, 0x5, 0xff, 0xff, 0xfb, 0x0, 0x1,
    0xff, 0x60, 0x3, 0xae, 0xc7, 0x0, 0x0, 0x1f,
    0xf6, 0x0, 0x0, 0x0, 0x0, 0x0, 0x1, 0xff,
    0x60, 0x0, 0x0, 0x0, 0x0, 0x0, 0x1f, 0xf6,
    0x0, 0x0, 0x0, 0x0, 0x0, 0x1, 0xff, 0x60,
    0x0, 0x0, 0x0, 0x0, 0x0, 0x1d, 0xd5,

    /* U+C785 "입" */
    0x0, 0x0, 0x3, 0x10, 0x0, 0x0, 0x1f, 0xf6,
    0x0, 0x3c, 0xff, 0xfe, 0x60, 0x0, 0x1f, 0xf6,
    0x4, 0xff, 0xfd, 0xff, 0xf9, 0x0, 0x1f, 0xf6,
    0xd, 0xfc, 0x10, 0x9, 0xff, 0x30, 0x1f, 0xf6,
    0x1f, 0xf5, 0x0, 0x0, 0xff, 0x60, 0x1f, 0xf6,
    0x1f, 0xf5, 0x0, 0x0, 0xff, 0x60, 0x1f, 0xf6,
    0xd, 0xfd, 0x20, 0x1a, 0xff, 0x20, 0x1f, 0xf6,
    0x3, 0xff, 0xff, 0xff, 0xf8, 0x0, 0x1f, 0xf6,
    0x0, 0x2b, 0xff, 0xfd, 0x50, 0x0, 0x1f, 0xf6,
    0x0, 0x0, 0x1, 0x0, 0x0, 0x0, 0x9, 0x93,
    0x0, 0x3, 0x66, 0x0, 0x0, 0x0, 0x6, 0x62,
    0x0, 0x7, 0xff, 0x0, 0x0, 0x0, 0xf, 0xf6,
    0x0, 0x7, 0xff, 0xff, 0xff, 0xff, 0xff, 0xf6,
    0x0, 0x7, 0xff, 0xff, 0xff, 0xff, 0xff, 0xf6,
    0x0, 0x7, 0xff, 0x0, 0x0, 0x0, 0xf, 0xf6,
    0x0, 0x7, 0xff, 0x33, 0x33, 0x33, 0x3f, 0xf6,
    0x0, 0x7, 0xff, 0xff, 0xff, 0xff, 0xff, 0xf6,
    0x0, 0x6, 0xcc, 0xcc, 0xcc, 0xcc, 0xcc, 0xc5,

    /* U+C790 "자" */
    0x0, 0x0, 0x0, 0x0, 0x0, 0x0, 0xef, 0x90,
    0x0, 0x4, 0x44, 0x44, 0x44, 0x44, 0x30, 0xef,
    0x90, 0x0, 0x1f, 0xff, 0xff, 0xff, 0xff, 0xc0,
    0xef, 0x90, 0x0, 0xc, 0xcc, 0xdf, 0xfd, 0xcc,
    0x90, 0xef, 0x90, 0x0, 0x0, 0x0, 0x4f, 0xf3,
    0x0, 0x0, 0xef, 0x90, 0x0, 0x0, 0x0, 0x6f,
    0xf4, 0x0, 0x0, 0xef, 0x90, 0x0, 0x0, 0x0,
    0x8f, 0xf6, 0x0, 0x0, 0xef, 0xa3, 0x30, 0x0,
    0x0, 0xbf, 0xfa, 0x0, 0x0, 0xef, 0xff, 0xf3,
    0x0, 0x2, 0xff, 0xff, 0x10, 0x0, 0xef, 0xfe,
    0xe2, 0x0, 0x9, 0xfc, 0xcf, 0xa0, 0x0, 0xef,
    0x90, 0x0, 0x0, 0x5f, 0xf4, 0x4f, 0xf7, 0x0,
    0xef, 0x90, 0x0, 0x6, 0xff, 0xb0, 0xa, 0xff,
    0xa1, 0xef, 0x90, 0x0, 0x8f, 0xfe, 0x20, 0x1,
    0xdf, 0xf3, 0xef, 0x90, 0x0, 0x1e, 0xe3, 0x0,
    0x0, 0x19, 0x70, 0xef, 0x90, 0x0, 0x3, 0x0,
    0x0, 0x0, 0x0, 0x0, 0xef, 0x90, 0x0, 0x0,
    0x0, 0x0, 0x0, 0x0, 0x0, 0xef, 0x90, 0x0,
    0x0, 0x0, 0x0, 0x0, 0x0, 0x0, 0xef, 0x90,
    0x0, 0x0, 0x0, 0x0, 0x0, 0x0, 0x0, 0xbc,
    0x70, 0x0,

    /* U+C791 "작" */
    0x0, 0x0, 0x0, 0x0, 0x0, 0x0, 0xef, 0x90,
    0x0, 0xee, 0xee, 0xee, 0xee, 0xe9, 0xe, 0xf9,
    0x0, 0xf, 0xff, 0xff, 0xff, 0xff, 0x90, 0xef,
    0x90, 0x0, 0x0, 0x8, 0xff, 0x30, 0x0, 0xe,
    0xf9, 0x0, 0x0, 0x0, 0xbf, 0xf5, 0x0, 0x0,
    0xef, 0xfd, 0xd0, 0x0, 0x3f, 0xff, 0xd0, 0x0,
    0xe, 0xff, 0xff, 0x0, 0x1d, 0xfc, 0xff, 0xa0,
    0x0, 0xef, 0xa2, 0x20, 0x4d, 0xfe, 0x15, 0xff,
    0xd5, 0xe, 0xf9, 0x0, 0x7f, 0xff, 0x40, 0x7,
    0xff, 0xd0, 0xef, 0x90, 0x0, 0xdc, 0x30, 0x0,
    0x1, 0xa3, 0xe, 0xf9, 0x0, 0x0, 0x0, 0x0,
    0x0, 0x0, 0x0, 0x78, 0x40, 0x0, 0x4, 0xbb,
    0xbb, 0xbb, 0xbb, 0xbb, 0xb6, 0x0, 0x0, 0x6f,
    0xff, 0xff, 0xff, 0xff, 0xff, 0x90, 0x0, 0x1,
    0x44, 0x44, 0x44, 0x44, 0x4f, 0xf9, 0x0, 0x0,
    0x0, 0x0, 0x0, 0x0, 0x0, 0xef, 0x90, 0x0,
    0x0, 0x0, 0x0, 0x0, 0x0, 0xe, 0xf9, 0x0,
    0x0, 0x0, 0x0, 0x0, 0x0, 0x0, 0xef, 0x90,
    0x0, 0x0, 0x0, 0x0, 0x0, 0x0, 0x8, 0x95,
    0x0,

    /* U+C798 "잘" */
    0x0, 0x0, 0x0, 0x0, 0x0, 0x0, 0xbc, 0x70,
    0x1, 0xee, 0xee, 0xee, 0xee, 0xe8, 0xe, 0xf9,
    0x0, 0x1f, 0xff, 0xff, 0xff, 0xff, 0x90, 0xef,
    0x90, 0x0, 0x0, 0x9, 0xff, 0x30, 0x0, 0xe,
    0xfa, 0x33, 0x0, 0x0, 0xdf, 0xf8, 0x0, 0x0,
    0xef, 0xff, 0xf0, 0x0, 0x7f, 0xff, 0xf4, 0x0,
    0xe, 0xfe, 0xbb, 0x0, 0x8f, 0xf9, 0xaf, 0xf8,
    0x10, 0xef, 0x90, 0x6, 0xef, 0xfc, 0x0, 0xcf,
    0xfe, 0xe, 0xf9, 0x0, 0x3f, 0xf9, 0x0, 0x0,
    0x5d, 0x70, 0xef, 0x90, 0x0, 0x41, 0x0, 0x0,
    0x0, 0x0, 0x4, 0x53, 0x0, 0x0, 0x2f, 0xff,
    0xff, 0xff, 0xff, 0xff, 0x90, 0x0, 0x1, 0xdd,
    0xdd, 0xdd, 0xdd, 0xdf, 0xf9, 0x0, 0x0, 0x0,
    0x0, 0x0, 0x0, 0x0, 0xef, 0x90, 0x0, 0x1,
    0xff, 0xff, 0xff, 0xff, 0xff, 0xf9, 0x0, 0x0,
    0x1f, 0xfd, 0xbb, 0xbb, 0xbb, 0xbb, 0x60, 0x0,
    0x1, 0xff, 0x60, 0x0, 0x0, 0x0, 0x0, 0x0,
    0x0, 0x1f, 0xff, 0xff, 0xff, 0xff, 0xff, 0xf1,
    0x0, 0x1, 0xdd, 0xdd, 0xdd, 0xdd, 0xdd, 0xdd,
    0x10,

    /* U+C7A0 "잠" */
    0x0, 0x0, 0x0, 0x0, 0x0, 0x0, 0xef, 0x90,
    0x1, 0xee, 0xee, 0xee, 0xee, 0xe9, 0xe, 0xf9,
    0x0, 0x1f, 0xff, 0xff, 0xff, 0xff, 0x90, 0xef,
    0x90, 0x0, 0x0, 0x8, 0xff, 0x20, 0x0, 0xe,
    0xf9, 0x0, 0x0, 0x0, 0xbf, 0xf5, 0x0, 0x0,
    0xef, 0xff, 0xf0, 0x0, 0x2f, 0xff, 0xc0, 0x0,
    0xe, 0xff, 0xff, 0x0, 0xc, 0xfe, 0xff, 0x90,
    0x0, 0xef, 0x91, 0x10, 0x3c, 0xff, 0x36, 0xff,
    0xc4, 0xe, 0xf9, 0x0, 0x7f, 0xff, 0x70, 0x9,
    0xff, 0xd0, 0xef, 0x90, 0x1, 0xfe, 0x50, 0x0,
    0x3, 0xb4, 0xe, 0xf9, 0x0, 0x2, 0x0, 0x0,
    0x0, 0x0, 0x0, 0x45, 0x30, 0x0, 0x0, 0xff,
    0xff, 0xff, 0xff, 0xff, 0xf8, 0x0, 0x0, 0xf,
    0xff, 0xff, 0xff, 0xff, 0xff, 0x90, 0x0, 0x0,
    0xff, 0x70, 0x0, 0x0, 0xd, 0xf9, 0x0, 0x0,
    0xf, 0xf7, 0x0, 0x0, 0x0, 0xdf, 0x90, 0x0,
    0x0, 0xff, 0x92, 0x22, 0x22, 0x2e, 0xf9, 0x0,
    0x0, 0xf, 0xff, 0xff, 0xff, 0xff, 0xff, 0x90,
    0x0, 0x0, 0xcd, 0xdd, 0xdd, 0xdd, 0xdd, 0xd7,
    0x0,

    /* U+C810 "점" */
    0x0, 0x0, 0x0, 0x0, 0x0, 0x0, 0xf, 0xf7,
    0xe, 0xff, 0xff, 0xff, 0xff, 0xb0, 0xf, 0xf7,
    0xe, 0xff, 0xff, 0xff, 0xff, 0xa0, 0xf, 0xf7,
    0x0, 0x0, 0x7f, 0xf4, 0x0, 0x0, 0xf, 0xf7,
    0x0, 0x0, 0xaf, 0xf8, 0x0, 0xcf, 0xff, 0xf7,
    0x0, 0x2, 0xff, 0xfe, 0x10, 0xdf, 0xff, 0xf7,
    0x0, 0xc, 0xfd, 0xef, 0xc0, 0x11, 0x1f, 0xf7,
    0x3, 0xcf, 0xf2, 0x3f, 0xfd, 0x60, 0xf, 0xf7,
    0x5f, 0xff, 0x60, 0x6, 0xff, 0xe0, 0xf, 0xf7,
    0xd, 0xe5, 0x0, 0x0, 0x2a, 0x50, 0xf, 0xf7,
    0x1, 0x0, 0x0, 0x0, 0x0, 0x0, 0x4, 0x42,
    0x0, 0x7, 0xff, 0xff, 0xff, 0xff, 0xff, 0xf7,
    0x0, 0x7, 0xff, 0xff, 0xff, 0xff, 0xff, 0xf7,
    0x0, 0x7, 0xff, 0x0, 0x0, 0x0, 0xf, 0xf7,
    0x0, 0x7, 0xff, 0x0, 0x0, 0x0, 0xf, 0xf7,
    0x0, 0x7, 0xff, 0x22, 0x22, 0x22, 0x2f, 0xf7,
    0x0, 0x7, 0xff, 0xff, 0xff, 0xff, 0xff, 0xf7,
    0x0, 0x6, 0xdd, 0xdd, 0xdd, 0xdd, 0xdd, 0xd6,

    /* U+C885 "종" */
    0x0, 0x0, 0x0, 0x0, 0x0, 0x0, 0x0, 0x0,
    0x0, 0xc, 0xff, 0xff, 0xff, 0xff, 0xff, 0xff,
    0x70, 0x0, 0xbe, 0xee, 0xef, 0xff, 0xfe, 0xee,
    0xe6, 0x0, 0x0, 0x0, 0x6, 0xff, 0xfe, 0x20,
    0x0, 0x0, 0x0, 0x0, 0x29, 0xff, 0x9d, 0xfe,
    0x61, 0x0, 0x0, 0x4a, 0xdf, 0xff, 0x90, 0x2c,
    0xff, 0xfc, 0x90, 0x2, 0xff, 0xfa, 0x34, 0x99,
    0x6, 0xcf, 0xfb, 0x0, 0x3, 0x20, 0x0, 0x6f,
    0xf0, 0x0, 0x3, 0x20, 0x29, 0x99, 0x99, 0x9c,
    0xff, 0x99, 0x99, 0x99, 0x84, 0xff, 0xff, 0xff,
    0xff, 0xff, 0xff, 0xff, 0xfe, 0x15, 0x55, 0x55,
    0x55, 0x55, 0x55, 0x55, 0x55, 0x50, 0x0, 0x0,
    0x48, 0x9b, 0xa9, 0x72, 0x0, 0x0, 0x0, 0x4,
    0xef, 0xff, 0xff, 0xff, 0xfb, 0x0, 0x0, 0x1,
    0xff, 0xd6, 0x43, 0x34, 0x8f, 0xfa, 0x0, 0x0,
    0x5f, 0xf3, 0x0, 0x0, 0x0, 0x9f, 0xe0, 0x0,
    0x2, 0xff, 0xc4, 0x21, 0x13, 0x7f, 0xfb, 0x0,
    0x0, 0x5, 0xff, 0xff, 0xff, 0xff, 0xfc, 0x10,
    0x0, 0x0, 0x0, 0x59, 0xac, 0xba, 0x83, 0x0,
    0x0,

    /* U+C8FC "주" */
    0x0, 0x0, 0x0, 0x0, 0x0, 0x0, 0x0, 0x0,
    0x0, 0xc, 0xff, 0xff, 0xff, 0xff, 0xff, 0xff,
    0x70, 0x0, 0xbe, 0xee, 0xef, 0xff, 0xee, 0xee,
    0xe7, 0x0, 0x0, 0x0, 0x0, 0xdf, 0xf8, 0x0,
    0x0, 0x0, 0x0, 0x0, 0x0, 0x7f, 0xff, 0xe2,
    0x0, 0x0, 0x0, 0x0, 0x0, 0x8f, 0xfa, 0xef,
    0xe4, 0x0, 0x0, 0x1, 0x58, 0xef, 0xfb, 0x3,
    0xef, 0xfc, 0x73, 0x0, 0x3f, 0xff, 0xf7, 0x0,
    0x1, 0xaf, 0xff, 0xe0, 0x0, 0xaa, 0x60, 0x0,
    0x0, 0x0, 0x27, 0xb6, 0x0, 0x0, 0x0, 0x0,
    0x0, 0x0, 0x0, 0x0, 0x0, 0x4f, 0xff, 0xff,
    0xff, 0xff, 0xff, 0xff, 0xff, 0xe4, 0xee, 0xee,
    0xee, 0xff, 0xff, 0xee, 0xee, 0xed, 0x0, 0x0,
    0x0, 0x7, 0xff, 0x0, 0x0, 0x0, 0x0, 0x0,
    0x0, 0x0, 0x7f, 0xf0, 0x0, 0x0, 0x0, 0x0,
    0x0, 0x0, 0x7, 0xff, 0x0, 0x0, 0x0, 0x0,
    0x0, 0x0, 0x0, 0x7f, 0xf0, 0x0, 0x0, 0x0,
    0x0, 0x0, 0x0, 0x7, 0xff, 0x0, 0x0, 0x0,
    0x0, 0x0, 0x0, 0x0, 0x6e, 0xe0, 0x0, 0x0,
    0x0,

    /* U+C900 "준" */
    0x0, 0x0, 0x0, 0x0, 0x0, 0x0, 0x0, 0x0,
    0x0, 0xd, 0xff, 0xff, 0xff, 0xff, 0xff, 0xff,
    0x40, 0x0, 0xce, 0xee, 0xef, 0xff, 0xfe, 0xee,
    0xe4, 0x0, 0x0, 0x0, 0x5, 0xff, 0xfb, 0x0,
    0x0, 0x0, 0x0, 0x0, 0x3, 0xef, 0xdf, 0xf8,
    0x0, 0x0, 0x0, 0x0, 0x3a, 0xff, 0xe1, 0xaf,
    0xfd, 0x61, 0x0, 0x6, 0xff, 0xff, 0xc1, 0x0,
    0x8f, 0xff, 0xfd, 0x0, 0x1f, 0xea, 0x40, 0x0,
    0x0, 0x18, 0xcf, 0x60, 0x0, 0x10, 0x0, 0x0,
    0x0, 0x0, 0x0, 0x11, 0x5, 0xff, 0xff, 0xff,
    0xff, 0xff, 0xff, 0xff, 0xfe, 0x5e, 0xee, 0xee,
    0xef, 0xff, 0xfe, 0xee, 0xee, 0xd0, 0x0, 0x0,
    0x0, 0x4f, 0xf1, 0x0, 0x0, 0x0, 0x0, 0x6d,
    0xd0, 0x4, 0xff, 0x10, 0x0, 0x0, 0x0, 0x7,
    0xff, 0x0, 0x4f, 0xf1, 0x0, 0x0, 0x0, 0x0,
    0x7f, 0xf0, 0x0, 0x0, 0x0, 0x0, 0x0, 0x0,
    0x7, 0xff, 0xbb, 0xbb, 0xbb, 0xbb, 0xbb, 0x0,
    0x0, 0x7f, 0xff, 0xff, 0xff, 0xff, 0xff, 0xf0,
    0x0, 0x1, 0x44, 0x44, 0x44, 0x44, 0x44, 0x44,
    0x0,

    /* U+C911 "중" */
    0x0, 0x0, 0x0, 0x0, 0x0, 0x0, 0x0, 0x0,
    0x0, 0xc, 0xff, 0xff, 0xff, 0xff, 0xff, 0xff,
    0x70, 0x0, 0xbe, 0xee, 0xef, 0xff, 0xfe, 0xee,
    0xe6, 0x0, 0x0, 0x0, 0x6, 0xff, 0xfe, 0x10,
    0x0, 0x0, 0x0, 0x0, 0x29, 0xff, 0x9e, 0xfe,
    0x60, 0x0, 0x0, 0x3a, 0xcf, 0xff, 0x90, 0x2d,
    0xff, 0xfb, 0x90, 0x2, 0xff, 0xfa, 0x40, 0x0,
    0x7, 0xdf, 0xfc, 0x0, 0x4, 0x30, 0x0, 0x0,
    0x0, 0x0, 0x14, 0x20, 0x4f, 0xff, 0xff, 0xff,
    0xff, 0xff, 0xff, 0xff, 0xe4, 0xff, 0xff, 0xff,
    0xff, 0xff, 0xff, 0xff, 0xfe, 0x0, 0x0, 0x0,
    0x7, 0xff, 0x10, 0x0, 0x0, 0x0, 0x0, 0x0,
    0x58, 0xcf, 0xfa, 0x72, 0x0, 0x0, 0x0, 0x5,
    0xef, 0xff, 0xff, 0xff, 0xfb, 0x10, 0x0, 0x2,
    0xff, 0xc6, 0x32, 0x24, 0x8f, 0xfa, 0x0, 0x0,
    0x5f, 0xf3, 0x0, 0x0, 0x0, 0x9f, 0xe0, 0x0,
    0x2, 0xff, 0xc5, 0x21, 0x13, 0x7f, 0xfb, 0x0,
    0x0, 0x5, 0xff, 0xff, 0xff, 0xff, 0xfc, 0x10,
    0x0, 0x0, 0x1, 0x59, 0xbc, 0xba, 0x83, 0x0,
    0x0,

    /* U+C9C0 "지" */
    0x0, 0x0, 0x0, 0x0, 0x0, 0x0, 0x1f, 0xf6,
    0x3, 0x44, 0x44, 0x44, 0x44, 0x40, 0x1f, 0xf6,
    0xe, 0xff, 0xff, 0xff, 0xff, 0xf1, 0x1f, 0xf6,
    0xb, 0xcc, 0xcf, 0xfd, 0xcc, 0xc1, 0x1f, 0xf6,
    0x0, 0x0, 0x2f, 0xf6, 0x0, 0x0, 0x1f, 0xf6,
    0x0, 0x0, 0x3f, 0xf7, 0x0, 0x0, 0x1f, 0xf6,
    0x0, 0x0, 0x5f, 0xf9, 0x0, 0x0, 0x1f, 0xf6,
    0x0, 0x0, 0x9f, 0xfd, 0x0, 0x0, 0x1f, 0xf6,
    0x0, 0x0, 0xef, 0xff, 0x40, 0x0, 0x1f, 0xf6,
    0x0, 0x7, 0xfe, 0xaf, 0xd0, 0x0, 0x1f, 0xf6,
    0x0, 0x3f, 0xf7, 0x1f, 0xfa, 0x0, 0x1f, 0xf6,
    0x4, 0xef, 0xe0, 0x7, 0xff, 0xd3, 0x1f, 0xf6,
    0x5f, 0xff, 0x40, 0x0, 0xaf, 0xf9, 0x1f, 0xf6,
    0xd, 0xe4, 0x0, 0x0, 0x6, 0xc0, 0x1f, 0xf6,
    0x2, 0x10, 0x0, 0x0, 0x0, 0x0, 0x1f, 0xf6,
    0x0, 0x0, 0x0, 0x0, 0x0, 0x0, 0x1f, 0xf6,
    0x0, 0x0, 0x0, 0x0, 0x0, 0x0, 0x1f, 0xf6,
    0x0, 0x0, 0x0, 0x0, 0x0, 0x0, 0xc, 0xc5,

    /* U+C9C4 "진" */
    0x0, 0x0, 0x0, 0x0, 0x0, 0x0, 0x1f, 0xf6,
    0x8, 0xbb, 0xbb, 0xbb, 0xbb, 0xb0, 0x1f, 0xf6,
    0xb, 0xff, 0xff, 0xff, 0xff, 0xf0, 0x1f, 0xf6,
    0x2, 0x33, 0x4f, 0xf9, 0x33, 0x30, 0x1f, 0xf6,
    0x0, 0x0, 0x3f, 0xf9, 0x0, 0x0, 0x1f, 0xf6,
    0x0, 0x0, 0x8f, 0xfe, 0x0, 0x0, 0x1f, 0xf6,
    0x0, 0x2, 0xff, 0xff, 0x90, 0x0, 0x1f, 0xf6,
    0x0, 0x2e, 0xfd, 0x6f, 0xf9, 0x0, 0x1f, 0xf6,
    0x18, 0xff, 0xf2, 0x9, 0xff, 0xf5, 0x1f, 0xf6,
    0x1e, 0xfd, 0x40, 0x0, 0x7e, 0xf1, 0x1f, 0xf6,
    0x4, 0x70, 0x0, 0x0, 0x0, 0x30, 0x1f, 0xf6,
    0x0, 0x3, 0x77, 0x0, 0x0, 0x0, 0x1f, 0xf6,
    0x0, 0x7, 0xff, 0x0, 0x0, 0x0, 0x1e, 0xe6,
    0x0, 0x7, 0xff, 0x0, 0x0, 0x0, 0x0, 0x0,
    0x0, 0x7, 0xff, 0x0, 0x0, 0x0, 0x0, 0x0,
    0x0, 0x7, 0xff, 0xbb, 0xbb, 0xbb, 0xbb, 0xba,
    0x0, 0x7, 0xff, 0xff, 0xff, 0xff, 0xff, 0xfe,
    0x0, 0x2, 0x44, 0x44, 0x44, 0x44, 0x44, 0x43,

    /* U+CC28 "차" */
    0x0, 0x0, 0x49, 0x90, 0x0, 0x0, 0xef, 0x90,
    0x0, 0x0, 0x0, 0x6f, 0xf1, 0x0, 0x0, 0xef,
    0x90, 0x0, 0x1, 0x11, 0x7f, 0xf2, 0x11, 0x10,
    0xef, 0x90, 0x0, 0x1f, 0xff, 0xff, 0xff, 0xff,
    0xa0, 0xef, 0x90, 0x0, 0x1e, 0xee, 0xff, 0xfe,
    0xee, 0x90, 0xef, 0x90, 0x0, 0x0, 0x0, 0x6f,
    0xf1, 0x0, 0x0, 0xef, 0x90, 0x0, 0x0, 0x0,
    0x8f, 0xf2, 0x0, 0x0, 0xef, 0x91, 0x10, 0x0,
    0x0, 0xaf, 0xf5, 0x0, 0x0, 0xef, 0xff, 0xf3,
    0x0, 0x1, 0xff, 0xfb, 0x0, 0x0, 0xef, 0xff,
    0xf3, 0x0, 0x7, 0xff, 0xff, 0x20, 0x0, 0xef,
    0x90, 0x0, 0x0, 0x3f, 0xf6, 0xaf, 0xd0, 0x0,
    0xef, 0x90, 0x0, 0x3, 0xef, 0xc0, 0x2f, 0xfd,
    0x20, 0xef, 0x90, 0x0, 0x6f, 0xff, 0x30, 0x6,
    0xff, 0xe0, 0xef, 0x90, 0x0, 0x1e, 0xe4, 0x0,
    0x0, 0x5e, 0x40, 0xef, 0x90, 0x0, 0x3, 0x10,
    0x0, 0x0, 0x0, 0x0, 0xef, 0x90, 0x0, 0x0,
    0x0, 0x0, 0x0, 0x0, 0x0, 0xef, 0x90, 0x0,
    0x0, 0x0, 0x0, 0x0, 0x0, 0x0, 0xef, 0x90,
    0x0, 0x0, 0x0, 0x0, 0x0, 0x0, 0x0, 0xbc,
    0x70, 0x0,

    /* U+CC9C "천" */
    0x0, 0x0, 0x1, 0x10, 0x0, 0x0, 0x0, 0x0,
    0x0, 0x0, 0x6f, 0xf1, 0x0, 0x0, 0xe, 0xf7,
    0x1, 0x11, 0x7f, 0xf3, 0x11, 0x10, 0xf, 0xf8,
    0xf, 0xff, 0xff, 0xff, 0xff, 0xa0, 0xf, 0xf8,
    0xd, 0xdd, 0xef, 0xfd, 0xdd, 0x90, 0xf, 0xf8,
    0x0, 0x0, 0x7f, 0xf2, 0x0, 0x0, 0xf, 0xf8,
    0x0, 0x0, 0xaf, 0xf6, 0x0, 0xef, 0xff, 0xf8,
    0x0, 0x2, 0xff, 0xfd, 0x0, 0xef, 0xff, 0xf8,
    0x0, 0x1c, 0xfd, 0xff, 0xb0, 0x0, 0xf, 0xf8,
    0x5, 0xdf, 0xf2, 0x4f, 0xfe, 0x70, 0xf, 0xf8,
    0x5f, 0xff, 0x50, 0x6, 0xff, 0xd0, 0xf, 0xf8,
    0xc, 0xa2, 0x0, 0x0, 0x18, 0x40, 0xf, 0xf8,
    0x0, 0x0, 0x11, 0x0, 0x0, 0x0, 0xf, 0xf8,
    0x0, 0x4, 0xff, 0x30, 0x0, 0x0, 0xf, 0xf8,
    0x0, 0x4, 0xff, 0x30, 0x0, 0x0, 0x3, 0x31,
    0x0, 0x4, 0xff, 0x30, 0x0, 0x0, 0x0, 0x0,
    0x0, 0x4, 0xff, 0xcb, 0xbb, 0xbb, 0xbb, 0xbb,
    0x0, 0x4, 0xff, 0xff, 0xff, 0xff, 0xff, 0xfe,
    0x0, 0x1, 0x44, 0x44, 0x44, 0x44, 0x44, 0x43,

    /* U+CD08 "초" */
    0x0, 0x0, 0x0, 0x4, 0x99, 0x0, 0x0, 0x0,
    0x0, 0x0, 0x0, 0x0, 0x7f, 0xf0, 0x0, 0x0,
    0x0, 0x0, 0xbb, 0xbb, 0xbd, 0xff, 0xcb, 0xbb,
    0xb5, 0x0, 0xe, 0xff, 0xff, 0xff, 0xff, 0xff,
    0xff, 0x70, 0x0, 0x33, 0x33, 0x3b, 0xff, 0x63,
    0x33, 0x31, 0x0, 0x0, 0x0, 0x0, 0xef, 0xf7,
    0x0, 0x0, 0x0, 0x0, 0x0, 0x0, 0x9f, 0xff,
    0xf3, 0x0, 0x0, 0x0, 0x0, 0x1, 0x9f, 0xfa,
    0xef, 0xe5, 0x0, 0x0, 0x1, 0x48, 0xef, 0xfb,
    0x3, 0xff, 0xfc, 0x73, 0x0, 0x9f, 0xff, 0xf8,
    0x0, 0x2, 0xcf, 0xff, 0xf2, 0x2, 0xfb, 0x71,
    0x4, 0x88, 0x0, 0x39, 0xda, 0x0, 0x0, 0x0,
    0x0, 0x7f, 0xf0, 0x0, 0x0, 0x0, 0x0, 0x0,
    0x0, 0x7, 0xff, 0x0, 0x0, 0x0, 0x0, 0x11,
    0x11, 0x11, 0x8f, 0xf1, 0x11, 0x11, 0x11, 0x5f,
    0xff, 0xff, 0xff, 0xff, 0xff, 0xff, 0xff, 0xe5,
    0xff, 0xff, 0xff, 0xff, 0xff, 0xff, 0xff, 0xfe,

    /* U+CD5C "최" */
    0x0, 0x0, 0xd, 0xd5, 0x0, 0x0, 0x3f, 0xf3,
    0x0, 0x0, 0xf, 0xf6, 0x0, 0x0, 0x3f, 0xf3,
    0x9, 0xee, 0xef, 0xff, 0xee, 0xe1, 0x3f, 0xf3,
    0xa, 0xff, 0xff, 0xff, 0xff, 0xf1, 0x3f, 0xf3,
    0x1, 0x11, 0x4f, 0xfa, 0x11, 0x10, 0x3f, 0xf3,
    0x0, 0x0, 0x8f, 0xfe, 0x0, 0x0, 0x3f, 0xf3,
    0x0, 0x3, 0xff, 0xff, 0xa0, 0x0, 0x3f, 0xf3,
    0x0, 0x7f, 0xfb, 0x4f, 0xfd, 0x50, 0x3f, 0xf3,
    0x1e, 0xff, 0xd0, 0x5, 0xff, 0xf6, 0x3f, 0xf3,
    0x8, 0xe6, 0x5, 0x52, 0x2a, 0xc0, 0x3f, 0xf3,
    0x0, 0x0, 0xf, 0xf6, 0x0, 0x0, 0x3f, 0xf3,
    0x0, 0x0, 0xf, 0xf6, 0x0, 0x1, 0x3f, 0xf3,
    0x48, 0x88, 0x9f, 0xfd, 0xce, 0xfd, 0x3f, 0xf3,
    0x7f, 0xff, 0xff, 0xff, 0xff, 0xdb, 0x3f, 0xf3,
    0x28, 0x87, 0x76, 0x53, 0x10, 0x0, 0x3f, 0xf3,
    0x0, 0x0, 0x0, 0x0, 0x0, 0x0, 0x3f, 0xf3,
    0x0, 0x0, 0x0, 0x0, 0x0, 0x0, 0x3f, 0xf3,
    0x0, 0x0, 0x0, 0x0, 0x0, 0x0, 0x3d, 0xd3,

    /* U+D2B8 "트" */
    0x0, 0x6e, 0xee, 0xee, 0xee, 0xee, 0xee, 0xc0,
    0x0, 0x7, 0xff, 0xff, 0xff, 0xff, 0xff, 0xfe,
    0x0, 0x0, 0x7f, 0xf2, 0x11, 0x11, 0x11, 0x11,
    0x10, 0x0, 0x7, 0xff, 0x0, 0x0, 0x0, 0x0,
    0x0, 0x0, 0x0, 0x7f, 0xfe, 0xee, 0xee, 0xee,
    0xee, 0x60, 0x0, 0x7, 0xff, 0xff, 0xff, 0xff,
    0xff, 0xf7, 0x0, 0x0, 0x7f, 0xf1, 0x0, 0x0,
    0x0, 0x0, 0x0, 0x0, 0x7, 0xff, 0x0, 0x0,
    0x0, 0x0, 0x0, 0x0, 0x0, 0x7f, 0xfe, 0xee,
    0xee, 0xee, 0xee, 0xe0, 0x0, 0x7, 0xff, 0xff,
    0xff, 0xff, 0xff, 0xff, 0x0, 0x0, 0x0, 0x0,
    0x0, 0x0, 0x0, 0x0, 0x0, 0x0, 0x0, 0x0,
    0x0, 0x0, 0x0, 0x0, 0x0, 0x0, 0x1, 0x11,
    0x11, 0x11, 0x11, 0x11, 0x11, 0x11, 0x15, 0xff,
    0xff, 0xff, 0xff, 0xff, 0xff, 0xff, 0xfe, 0x5e,
    0xee, 0xee, 0xee, 0xee, 0xee, 0xee, 0xee, 0xd0,

    /* U+D3B8 "편" */
    0x0, 0x0, 0x0, 0x0, 0x0, 0x0, 0xf, 0xf8,
    0xb, 0xbb, 0xbb, 0xbb, 0xbb, 0x50, 0xf, 0xf8,
    0xf, 0xff, 0xff, 0xff, 0xff, 0x70, 0xf, 0xf8,
    0x3, 0xaf, 0xd3, 0x8f, 0xf3, 0x4e, 0xef, 0xf8,
    0x0, 0x9f, 0xd0, 0x6f, 0xf0, 0x3f, 0xff, 0xf8,
    0x0, 0x9f, 0xd0, 0x6f, 0xf0, 0x0, 0xf, 0xf8,
    0x0, 0x9f, 0xd0, 0x6f, 0xf0, 0x17, 0x7f, 0xf8,
    0x0, 0x9f, 0xd0, 0x6f, 0xf0, 0x3f, 0xff, 0xf8,
    0x24, 0xbf, 0xe5, 0xaf, 0xf9, 0xa8, 0x8f, 0xf8,
    0x5f, 0xff, 0xff, 0xff, 0xff, 0xc0, 0xf, 0xf8,
    0x3b, 0xbb, 0xaa, 0x87, 0x54, 0x20, 0xf, 0xf8,
    0x0, 0x0, 0x11, 0x0, 0x0, 0x0, 0xf, 0xf8,
    0x0, 0x4, 0xff, 0x30, 0x0, 0x0, 0xf, 0xf8,
    0x0, 0x4, 0xff, 0x30, 0x0, 0x0, 0x1, 0x10,
    0x0, 0x4, 0xff, 0x30, 0x0, 0x0, 0x0, 0x0,
    0x0, 0x4, 0xff, 0xcb, 0xbb, 0xbb, 0xbb, 0xbb,
    0x0, 0x4, 0xff, 0xff, 0xff, 0xff, 0xff, 0xfe,
    0x0, 0x1, 0x44, 0x44, 0x44, 0x44, 0x44, 0x43,

    /* U+D3C9 "평" */
    0x0, 0x0, 0x0, 0x0, 0x0, 0x0, 0xe, 0xe7,
    0xc, 0xcc, 0xcc, 0xcc, 0xcc, 0x50, 0xf, 0xf8,
    0xf, 0xff, 0xff, 0xff, 0xff, 0x70, 0xf, 0xf8,
    0x3, 0xaf, 0xd3, 0x8f, 0xf3, 0x4f, 0xff, 0xf8,
    0x0, 0x9f, 0xd0, 0x6f, 0xf0, 0x2e, 0xef, 0xf8,
    0x0, 0x9f, 0xd0, 0x6f, 0xf0, 0x0, 0xf, 0xf8,
    0x0, 0x9f, 0xd0, 0x6f, 0xf0, 0x2e, 0xef, 0xf8,
    0x0, 0x9f, 0xd0, 0x6f, 0xf2, 0x5f, 0xff, 0xf8,
    0x5c, 0xef, 0xfe, 0xff, 0xff, 0xc0, 0xf, 0xf8,
    0x4f, 0xff, 0xff, 0xfd, 0xca, 0x70, 0xf, 0xf8,
    0x2, 0x22, 0x11, 0x0, 0x0, 0x0, 0xd, 0xd7,
    0x0, 0x0, 0x2, 0x7a, 0xcd, 0xba, 0x71, 0x0,
    0x0, 0x0, 0x9f, 0xff, 0xff, 0xff, 0xff, 0x70,
    0x0, 0x6, 0xff, 0x93, 0x11, 0x14, 0xaf, 0xf4,
    0x0, 0x9, 0xfe, 0x0, 0x0, 0x0, 0xf, 0xf7,
    0x0, 0x5, 0xff, 0xa4, 0x21, 0x24, 0xaf, 0xf3,
    0x0, 0x0, 0x8f, 0xff, 0xff, 0xff, 0xff, 0x60,
    0x0, 0x0, 0x1, 0x69, 0xbc, 0xb9, 0x61, 0x0,

    /* U+D558 "하" */
    0x0, 0x0, 0x5b, 0xb0, 0x0, 0x0, 0xef, 0x80,
    0x0, 0x0, 0x0, 0x7f, 0xf0, 0x0, 0x0, 0xef,
    0x80, 0x0, 0x25, 0x55, 0xaf, 0xf5, 0x55, 0x40,
    0xef, 0x80, 0x0, 0x8f, 0xff, 0xff, 0xff, 0xff,
    0xe0, 0xef, 0x80, 0x0, 0x5a, 0xaa, 0xaa, 0xaa,
    0xaa, 0x90, 0xef, 0x80, 0x0, 0x0, 0x0, 0x14,
    0x30, 0x0, 0x0, 0xef, 0x80, 0x0, 0x0, 0x2b,
    0xff, 0xff, 0x60, 0x0, 0xef, 0x80, 0x0, 0x1,
    0xef, 0xfb, 0xdf, 0xf7, 0x0, 0xef, 0xff, 0xf2,
    0x8, 0xff, 0x20, 0x9, 0xff, 0x0, 0xef, 0xff,
    0xf2, 0xb, 0xfa, 0x0, 0x2, 0xff, 0x30, 0xef,
    0x80, 0x0, 0xa, 0xfb, 0x0, 0x3, 0xff, 0x20,
    0xef, 0x80, 0x0, 0x7, 0xff, 0x40, 0x1b, 0xfe,
    0x0, 0xef, 0x80, 0x0, 0x0, 0xcf, 0xff, 0xff,
    0xf5, 0x0, 0xef, 0x80, 0x0, 0x0, 0x9, 0xef,
    0xfc, 0x40, 0x0, 0xef, 0x80, 0x0, 0x0, 0x0,
    0x1, 0x0, 0x0, 0x0, 0xef, 0x80, 0x0, 0x0,
    0x0, 0x0, 0x0, 0x0, 0x0, 0xef, 0x80, 0x0,
    0x0, 0x0, 0x0, 0x0, 0x0, 0x0, 0xef, 0x80,
    0x0, 0x0, 0x0, 0x0, 0x0, 0x0, 0x0, 0xbc,
    0x60, 0x0,

    /* U+D569 "합" */
    0x0, 0x0, 0x1, 0x10, 0x0, 0x0, 0x0, 0x0,
    0x0, 0x0, 0x6, 0xff, 0x0, 0x0, 0xe, 0xf9,
    0x0, 0x36, 0x66, 0xaf, 0xf7, 0x66, 0x60, 0xef,
    0x90, 0x7, 0xff, 0xff, 0xff, 0xff, 0xff, 0x1e,
    0xf9, 0x0, 0x38, 0x88, 0x88, 0x88, 0x88, 0x80,
    0xef, 0x90, 0x0, 0x1, 0x7c, 0xed, 0xb4, 0x0,
    0xe, 0xfd, 0xbb, 0x1, 0xdf, 0xff, 0xff, 0xf7,
    0x0, 0xef, 0xff, 0xf0, 0x6f, 0xf3, 0x0, 0x8f,
    0xf0, 0xe, 0xfb, 0x55, 0x8, 0xfe, 0x0, 0x4,
    0xff, 0x10, 0xef, 0x90, 0x0, 0x3f, 0xfd, 0x9a,
    0xef, 0xc0, 0xe, 0xf9, 0x0, 0x0, 0x5d, 0xff,
    0xff, 0xb1, 0x0, 0xef, 0x90, 0x0, 0x0, 0x2,
    0x44, 0x10, 0x0, 0x6, 0x64, 0x0, 0x0, 0xa,
    0xa5, 0x0, 0x0, 0x0, 0x9a, 0x60, 0x0, 0x0,
    0xff, 0xdb, 0xbb, 0xbb, 0xbf, 0xf9, 0x0, 0x0,
    0xf, 0xff, 0xff, 0xff, 0xff, 0xff, 0x90, 0x0,
    0x0, 0xff, 0x82, 0x22, 0x22, 0x2e, 0xf9, 0x0,
    0x0, 0xf, 0xf8, 0x22, 0x22, 0x22, 0xef, 0x90,
    0x0, 0x0, 0xff, 0xff, 0xff, 0xff, 0xff, 0xf9,
    0x0, 0x0, 0xd, 0xdd, 0xdd, 0xdd, 0xdd, 0xdd,
    0x70, 0x0,

    /* U+D589 "행" */
    0x0, 0x6, 0xdd, 0x0, 0x3, 0xaa, 0x6, 0xfe,
    0x2, 0x33, 0x9f, 0xf3, 0x33, 0x6f, 0xf0, 0x6f,
    0xe0, 0xaf, 0xff, 0xff, 0xff, 0xf7, 0xff, 0x6,
    0xfe, 0x6, 0x99, 0x99, 0x99, 0x99, 0x6f, 0xf0,
    0x6f, 0xe0, 0x0, 0x3a, 0xcb, 0x70, 0x5, 0xff,
    0xce, 0xfe, 0x0, 0x5f, 0xff, 0xff, 0xd0, 0x5f,
    0xff, 0xff, 0xe0, 0xe, 0xf9, 0x2, 0xef, 0x75,
    0xff, 0x49, 0xfe, 0x0, 0xff, 0x40, 0xb, 0xf9,
    0x5f, 0xf0, 0x6f, 0xe0, 0xc, 0xfd, 0x69, 0xff,
    0x55, 0xff, 0x6, 0xfe, 0x0, 0x2d, 0xff, 0xff,
    0x80, 0x5f, 0xf0, 0x6f, 0xe0, 0x0, 0x4, 0x76,
    0x20, 0x2, 0x77, 0x6, 0xfe, 0x0, 0x0, 0x0,
    0x4, 0x8a, 0xba, 0x97, 0x31, 0x10, 0x0, 0x0,
    0x5f, 0xff, 0xff, 0xff, 0xff, 0xb1, 0x0, 0x0,
    0x2f, 0xfc, 0x53, 0x22, 0x48, 0xff, 0xa0, 0x0,
    0x6, 0xff, 0x10, 0x0, 0x0, 0x9, 0xff, 0x0,
    0x0, 0x3f, 0xfb, 0x42, 0x11, 0x37, 0xef, 0xb0,
    0x0, 0x0, 0x6f, 0xff, 0xff, 0xff, 0xff, 0xc1,
    0x0, 0x0, 0x0, 0x16, 0x9b, 0xcb, 0xa8, 0x30,
    0x0,

    /* U+D638 "호" */
    0x0, 0x0, 0x0, 0x6, 0xcc, 0x0, 0x0, 0x0,
    0x0, 0x0, 0x0, 0x0, 0x7f, 0xf0, 0x0, 0x0,
    0x0, 0x7, 0xbb, 0xbb, 0xbd, 0xff, 0xbb, 0xbb,
    0xbb, 0x10, 0xaf, 0xff, 0xff, 0xff, 0xff, 0xff,
    0xff, 0xf2, 0x2, 0x44, 0x44, 0x44, 0x44, 0x44,
    0x44, 0x44, 0x0, 0x0, 0x2, 0x7c, 0xde, 0xec,
    0xa4, 0x0, 0x0, 0x0, 0x5, 0xff, 0xff, 0xff,
    0xff, 0xfb, 0x0, 0x0, 0x1, 0xff, 0xc4, 0x0,
    0x2, 0x7f, 0xf8, 0x0, 0x0, 0x4f, 0xf4, 0x0,
    0x0, 0x0, 0xdf, 0xb0, 0x0, 0x1, 0xff, 0xc4,
    0x10, 0x2, 0x8f, 0xf8, 0x0, 0x0, 0x6, 0xff,
    0xff, 0xff, 0xff, 0xfc, 0x0, 0x0, 0x0, 0x2,
    0x8c, 0xff, 0xfd, 0xa5, 0x0, 0x0, 0x0, 0x0,
    0x0, 0x7, 0xff, 0x0, 0x0, 0x0, 0x0, 0x0,
    0x0, 0x0, 0x7f, 0xf0, 0x0, 0x0, 0x0, 0x5f,
    0xff, 0xff, 0xff, 0xff, 0xff, 0xff, 0xff, 0xe5,
    0xff, 0xff, 0xff, 0xff, 0xff, 0xff, 0xff, 0xfe,

    /* U+D68C "회" */
    0x0, 0x0, 0xc, 0xe9, 0x0, 0x0, 0xf, 0xf7,
    0x0, 0x0, 0xd, 0xfa, 0x0, 0x0, 0xf, 0xf7,
    0xf, 0xff, 0xff, 0xff, 0xff, 0xfc, 0xf, 0xf7,
    0xe, 0xee, 0xee, 0xee, 0xee, 0xeb, 0xf, 0xf7,
    0x0, 0x0, 0x13, 0x53, 0x0, 0x0, 0xf, 0xf7,
    0x0, 0x9, 0xff, 0xff, 0xe6, 0x0, 0xf, 0xf7,
    0x0, 0x9f, 0xfc, 0x9d, 0xff, 0x50, 0xf, 0xf7,
    0x0, 0xff, 0x70, 0x0, 0xbf, 0xb0, 0xf, 0xf7,
    0x0, 0xff, 0x70, 0x0, 0xbf, 0xb0, 0xf, 0xf7,
    0x0, 0x9f, 0xfc, 0xad, 0xff, 0x50, 0xf, 0xf7,
    0x0, 0x9, 0xff, 0xff, 0xe6, 0x0, 0xf, 0xf7,
    0x0, 0x0, 0xe, 0xfa, 0x0, 0x0, 0xf, 0xf7,
    0x13, 0x34, 0x4e, 0xfb, 0x68, 0x9a, 0xf, 0xf7,
    0x4f, 0xff, 0xff, 0xff, 0xff, 0xff, 0x2f, 0xf7,
    0x1c, 0xcc, 0xcb, 0xa9, 0x75, 0x42, 0xf, 0xf7,
    0x0, 0x0, 0x0, 0x0, 0x0, 0x0, 0xf, 0xf7,
    0x0, 0x0, 0x0, 0x0, 0x0, 0x0, 0xf, 0xf7,
    0x0, 0x0, 0x0, 0x0, 0x0, 0x0, 0xc, 0xc5,

    /* U+D6C8 "훈" */
    0x0, 0x0, 0x0, 0x0, 0x11, 0x0, 0x0, 0x0,
    0x0, 0x0, 0x0, 0x0, 0x8f, 0xf0, 0x0, 0x0,
    0x0, 0x4, 0x77, 0x77, 0x7c, 0xff, 0x77, 0x77,
    0x77, 0x0, 0x8f, 0xff, 0xff, 0xff, 0xff, 0xff,
    0xff, 0xf0, 0x3, 0x66, 0x66, 0x66, 0x77, 0x66,
    0x66, 0x66, 0x0, 0x0, 0x7, 0xbf, 0xff, 0xff,
    0xd9, 0x20, 0x0, 0x0, 0xb, 0xff, 0xca, 0x9a,
    0xbe, 0xff, 0x30, 0x0, 0x1, 0xff, 0x70, 0x0,
    0x0, 0xf, 0xf8, 0x0, 0x0, 0xd, 0xfe, 0xa7,
    0x77, 0x8c, 0xff, 0x40, 0x0, 0x0, 0x19, 0xef,
    0xff, 0xff, 0xfc, 0x40, 0x0, 0x0, 0x0, 0x0,
    0x23, 0x44, 0x31, 0x0, 0x0, 0x4, 0xff, 0xff,
    0xff, 0xff, 0xff, 0xff, 0xff, 0xfe, 0x4f, 0xff,
    0xff, 0xff, 0xff, 0xff, 0xff, 0xff, 0xe0, 0x1,
    0x22, 0x0, 0x4f, 0xf2, 0x0, 0x0, 0x0, 0x0,
    0x6f, 0xf0, 0x4, 0xff, 0x20, 0x0, 0x0, 0x0,
    0x6, 0xff, 0x0, 0x2, 0x20, 0x0, 0x0, 0x0,
    0x0, 0x6f, 0xfb, 0xbb, 0xbb, 0xbb, 0xbb, 0xb0,
    0x0, 0x6, 0xff, 0xff, 0xff, 0xff, 0xff, 0xff,
    0x0, 0x0, 0x13, 0x33, 0x33, 0x33, 0x33, 0x33,
    0x30, 0x0,

    /* U+D734 "휴" */
    0x0, 0x0, 0x0, 0x7, 0xff, 0x0, 0x0, 0x0,
    0x0, 0x24, 0x44, 0x44, 0xaf, 0xf4, 0x44, 0x44,
    0x40, 0x8, 0xff, 0xff, 0xff, 0xff, 0xff, 0xff,
    0xff, 0x0, 0x59, 0x99, 0x99, 0x99, 0x99, 0x99,
    0x99, 0x90, 0x0, 0x0, 0x4, 0x89, 0xba, 0x97,
    0x20, 0x0, 0x0, 0x0, 0x5f, 0xff, 0xff, 0xff,
    0xff, 0xb1, 0x0, 0x0, 0x1f, 0xfc, 0x53, 0x22,
    0x48, 0xff, 0x90, 0x0, 0x4, 0xff, 0x50, 0x0,
    0x0, 0xd, 0xfc, 0x0, 0x0, 0xd, 0xff, 0xb9,
    0x88, 0xae, 0xff, 0x60, 0x0, 0x0, 0x19, 0xef,
    0xff, 0xff, 0xfc, 0x50, 0x0, 0x0, 0x0, 0x0,
    0x23, 0x54, 0x31, 0x0, 0x0, 0x4, 0xdd, 0xdd,
    0xdd, 0xdd, 0xdd, 0xdd, 0xdd, 0xdc, 0x5f, 0xff,
    0xff, 0xff, 0xff, 0xff, 0xff, 0xff, 0xe1, 0x22,
    0x2a, 0xfe, 0x22, 0x27, 0xff, 0x52, 0x22, 0x0,
    0x0, 0x8f, 0xe0, 0x0, 0x5f, 0xf2, 0x0, 0x0,
    0x0, 0x8, 0xfe, 0x0, 0x5, 0xff, 0x20, 0x0,
    0x0, 0x0, 0x8f, 0xe0, 0x0, 0x5f, 0xf2, 0x0,
    0x0, 0x0, 0x5, 0x98, 0x0, 0x3, 0x99, 0x10,
    0x0,

    /* U+D761 "흡" */
    0x0, 0x0, 0x0, 0x0, 0x22, 0x0, 0x0, 0x0,
    0x0, 0x0, 0x0, 0x0, 0x6f, 0xf0, 0x0, 0x0,
    0x0, 0x6, 0xcc, 0xcc, 0xcd, 0xff, 0xcc, 0xcc,
    0xcc, 0x0, 0x7f, 0xff, 0xff, 0xff, 0xff, 0xff,
    0xff, 0xf1, 0x0, 0x0, 0x13, 0x78, 0x98, 0x76,
    0x20, 0x0, 0x0, 0x0, 0x4e, 0xff, 0xff, 0xff,
    0xff, 0xb1, 0x0, 0x0, 0xf, 0xfd, 0x53, 0x22,
    0x36, 0xff, 0xa0, 0x0, 0x0, 0xef, 0xd6, 0x43,
    0x44, 0x8f, 0xf9, 0x0, 0x0, 0x3, 0xcf, 0xff,
    0xff, 0xff, 0xf9, 0x0, 0x0, 0x0, 0x0, 0x3,
    0x55, 0x54, 0x30, 0x0, 0x0, 0x4e, 0xee, 0xee,
    0xee, 0xee, 0xee, 0xee, 0xee, 0xd4, 0xff, 0xff,
    0xff, 0xff, 0xff, 0xff, 0xff, 0xfe, 0x0, 0x0,
    0x0, 0x0, 0x0, 0x0, 0x0, 0x0, 0x0, 0x6,
    0xff, 0x10, 0x0, 0x0, 0x8, 0xff, 0x0, 0x0,
    0x6f, 0xff, 0xff, 0xff, 0xff, 0xff, 0xf0, 0x0,
    0x6, 0xff, 0xcb, 0xbb, 0xbb, 0xbe, 0xff, 0x0,
    0x0, 0x6f, 0xf1, 0x0, 0x0, 0x0, 0x8f, 0xf0,
    0x0, 0x6, 0xff, 0xff, 0xff, 0xff, 0xff, 0xff,
    0x0, 0x0, 0x4c, 0xcc, 0xcc, 0xcc, 0xcc, 0xcc,
    0xc0, 0x0,

    /* U+D788 "히" */
    0x0, 0x0, 0xb, 0xb5, 0x0, 0x0, 0x1f, 0xf6,
    0x0, 0x0, 0xf, 0xf7, 0x0, 0x0, 0x1f, 0xf6,
    0x4, 0x44, 0x5f, 0xfa, 0x44, 0x42, 0x1f, 0xf6,
    0x1f, 0xff, 0xff, 0xff, 0xff, 0xf8, 0x1f, 0xf6,
    0xa, 0xaa, 0xaa, 0xaa, 0xaa, 0xa6, 0x1f, 0xf6,
    0x0, 0x0, 0x3, 0x42, 0x0, 0x0, 0x1f, 0xf6,
    0x0, 0x7, 0xff, 0xff, 0xc2, 0x0, 0x1f, 0xf6,
    0x0, 0x7f, 0xfd, 0xbf, 0xfe, 0x10, 0x1f, 0xf6,
    0x0, 0xff, 0x90, 0x1, 0xef, 0x80, 0x1f, 0xf6,
    0x3, 0xff, 0x20, 0x0, 0x9f, 0xc0, 0x1f, 0xf6,
    0x3, 0xff, 0x20, 0x0, 0xaf, 0xb0, 0x1f, 0xf6,
    0x0, 0xef, 0xb1, 0x4, 0xff, 0x70, 0x1f, 0xf6,
    0x0, 0x5f, 0xff, 0xff, 0xfd, 0x0, 0x1f, 0xf6,
    0x0, 0x4, 0xcf, 0xfe, 0x91, 0x0, 0x1f, 0xf6,
    0x0, 0x0, 0x0, 0x10, 0x0, 0x0, 0x1f, 0xf6,
    0x0, 0x0, 0x0, 0x0, 0x0, 0x0, 0x1f, 0xf6,
    0x0, 0x0, 0x0, 0x0, 0x0, 0x0, 0x1f, 0xf6,
    0x0, 0x0, 0x0, 0x0, 0x0, 0x0, 0xc, 0xc5
};


/*---------------------
 *  GLYPH DESCRIPTION
 *--------------------*/

static const lv_font_fmt_txt_glyph_dsc_t glyph_dsc[] = {
    {.bitmap_index = 0, .adv_w = 0, .box_w = 0, .box_h = 0, .ofs_x = 0, .ofs_y = 0} /* id = 0 reserved */,
    {.bitmap_index = 0, .adv_w = 74, .box_w = 0, .box_h = 0, .ofs_x = 0, .ofs_y = 0},
    {.bitmap_index = 0, .adv_w = 98, .box_w = 4, .box_h = 14, .ofs_x = 1, .ofs_y = 0},
    {.bitmap_index = 28, .adv_w = 120, .box_w = 7, .box_h = 6, .ofs_x = 0, .ofs_y = 8},
    {.bitmap_index = 49, .adv_w = 200, .box_w = 13, .box_h = 14, .ofs_x = 0, .ofs_y = 0},
    {.bitmap_index = 140, .adv_w = 202, .box_w = 12, .box_h = 19, .ofs_x = 0, .ofs_y = -2},
    {.bitmap_index = 254, .adv_w = 307, .box_w = 17, .box_h = 14, .ofs_x = 1, .ofs_y = 0},
    {.bitmap_index = 373, .adv_w = 208, .box_w = 13, .box_h = 14, .ofs_x = 0, .ofs_y = 0},
    {.bitmap_index = 464, .adv_w = 63, .box_w = 4, .box_h = 6, .ofs_x = 0, .ofs_y = 8},
    {.bitmap_index = 476, .adv_w = 125, .box_w = 7, .box_h = 20, .ofs_x = 1, .ofs_y = -4},
    {.bitmap_index = 546, .adv_w = 125, .box_w = 7, .box_h = 20, .ofs_x = 0, .ofs_y = -4},
    {.bitmap_index = 616, .adv_w = 173, .box_w = 9, .box_h = 9, .ofs_x = 1, .ofs_y = 5},
    {.bitmap_index = 657, .adv_w = 209, .box_w = 11, .box_h = 10, .ofs_x = 1, .ofs_y = 1},
    {.bitmap_index = 712, .adv_w = 92, .box_w = 5, .box_h = 6, .ofs_x = 0, .ofs_y = -4},
    {.bitmap_index = 727, .adv_w = 144, .box_w = 7, .box_h = 3, .ofs_x = 1, .ofs_y = 5},
    {.bitmap_index = 738, .adv_w = 90, .box_w = 4, .box_h = 4, .ofs_x = 1, .ofs_y = 0},
    {.bitmap_index = 746, .adv_w = 119, .box_w = 8, .box_h = 18, .ofs_x = 0, .ofs_y = -2},
    {.bitmap_index = 818, .adv_w = 211, .box_w = 13, .box_h = 14, .ofs_x = 0, .ofs_y = 0},
    {.bitmap_index = 909, .adv_w = 150, .box_w = 8, .box_h = 14, .ofs_x = 0, .ofs_y = 0},
    {.bitmap_index = 965, .adv_w = 195, .box_w = 12, .box_h = 14, .ofs_x = 0, .ofs_y = 0},
    {.bitmap_index = 1049, .adv_w = 204, .box_w = 12, .box_h = 14, .ofs_x = 0, .ofs_y = 0},
    {.bitmap_index = 1133, .adv_w = 210, .box_w = 13, .box_h = 14, .ofs_x = 0, .ofs_y = 0},
    {.bitmap_index = 1224, .adv_w = 201, .box_w = 11, .box_h = 14, .ofs_x = 1, .ofs_y = 0},
    {.bitmap_index = 1301, .adv_w = 206, .box_w = 12, .box_h = 14, .ofs_x = 0, .ofs_y = 0},
    {.bitmap_index = 1385, .adv_w = 184, .box_w = 11, .box_h = 14, .ofs_x = 0, .ofs_y = 0},
    {.bitmap_index = 1462, .adv_w = 206, .box_w = 12, .box_h = 14, .ofs_x = 0, .ofs_y = 0},
    {.bitmap_index = 1546, .adv_w = 206, .box_w = 12, .box_h = 14, .ofs_x = 0, .ofs_y = 0},
    {.bitmap_index = 1630, .adv_w = 90, .box_w = 4, .box_h = 11, .ofs_x = 1, .ofs_y = 0},
    {.bitmap_index = 1652, .adv_w = 90, .box_w = 5, .box_h = 15, .ofs_x = 0, .ofs_y = -4},
    {.bitmap_index = 1690, .adv_w = 209, .box_w = 11, .box_h = 12, .ofs_x = 1, .ofs_y = 0},
    {.bitmap_index = 1756, .adv_w = 209, .box_w = 11, .box_h = 7, .ofs_x = 1, .ofs_y = 2},
    {.bitmap_index = 1795, .adv_w = 209, .box_w = 11, .box_h = 12, .ofs_x = 1, .ofs_y = 0},
    {.bitmap_index = 1861, .adv_w = 172, .box_w = 10, .box_h = 14, .ofs_x = 0, .ofs_y = 0},
    {.bitmap_index = 1931, .adv_w = 280, .box_w = 17, .box_h = 17, .ofs_x = 0, .ofs_y = -3},
    {.bitmap_index = 2076, .adv_w = 230, .box_w = 14, .box_h = 14, .ofs_x = 0, .ofs_y = 0},
    {.bitmap_index = 2174, .adv_w = 204, .box_w = 12, .box_h = 14, .ofs_x = 1, .ofs_y = 0},
    {.bitmap_index = 2258, .adv_w = 232, .box_w = 14, .box_h = 14, .ofs_x = 0, .ofs_y = 0},
    {.bitmap_index = 2356, .adv_w = 224, .box_w = 13, .box_h = 14, .ofs_x = 1, .ofs_y = 0},
    {.bitmap_index = 2447, .adv_w = 188, .box_w = 10, .box_h = 14, .ofs_x = 1, .ofs_y = 0},
    {.bitmap_index = 2517, .adv_w = 180, .box_w = 10, .box_h = 14, .ofs_x = 1, .ofs_y = 0},
    {.bitmap_index = 2587, .adv_w = 234, .box_w = 14, .box_h = 14, .ofs_x = 0, .ofs_y = 0},
    {.bitmap_index = 2685, .adv_w = 230, .box_w = 13, .box_h = 14, .ofs_x = 1, .ofs_y = 0},
    {.bitmap_index = 2776, .adv_w = 85, .box_w = 4, .box_h = 14, .ofs_x = 1, .ofs_y = 0},
    {.bitmap_index = 2804, .adv_w = 175, .box_w = 10, .box_h = 14, .ofs_x = 0, .ofs_y = 0},
    {.bitmap_index = 2874, .adv_w = 212, .box_w = 13, .box_h = 14, .ofs_x = 1, .ofs_y = 0},
    {.bitmap_index = 2965, .adv_w = 175, .box_w = 10, .box_h = 14, .ofs_x = 1, .ofs_y = 0},
    {.bitmap_index = 3035, .adv_w = 283, .box_w = 16, .box_h = 14, .ofs_x = 1, .ofs_y = 0},
    {.bitmap_index = 3147, .adv_w = 227, .box_w = 12, .box_h = 14, .ofs_x = 1, .ofs_y = 0},
    {.bitmap_index = 3231, .adv_w = 241, .box_w = 15, .box_h = 14, .ofs_x = 0, .ofs_y = 0},
    {.bitmap_index = 3336, .adv_w = 199, .box_w = 11, .box_h = 14, .ofs_x = 1, .ofs_y = 0},
    {.bitmap_index = 3413, .adv_w = 241, .box_w = 15, .box_h = 15, .ofs_x = 0, .ofs_y = -1},
    {.bitmap_index = 3526, .adv_w = 202, .box_w = 12, .box_h = 14, .ofs_x = 1, .ofs_y = 0},
    {.bitmap_index = 3610, .adv_w = 202, .box_w = 12, .box_h = 14, .ofs_x = 0, .ofs_y = 0},
    {.bitmap_index = 3694, .adv_w = 206, .box_w = 13, .box_h = 14, .ofs_x = 0, .ofs_y = 0},
    {.bitmap_index = 3785, .adv_w = 225, .box_w = 12, .box_h = 14, .ofs_x = 1, .ofs_y = 0},
    {.bitmap_index = 3869, .adv_w = 230, .box_w = 14, .box_h = 14, .ofs_x = 0, .ofs_y = 0},
    {.bitmap_index = 3967, .adv_w = 320, .box_w = 20, .box_h = 14, .ofs_x = 0, .ofs_y = 0},
    {.bitmap_index = 4107, .adv_w = 219, .box_w = 14, .box_h = 14, .ofs_x = 0, .ofs_y = 0},
    {.bitmap_index = 4205, .adv_w = 223, .box_w = 14, .box_h = 14, .ofs_x = 0, .ofs_y = 0},
    {.bitmap_index = 4303, .adv_w = 205, .box_w = 11, .box_h = 14, .ofs_x = 1, .ofs_y = 0},
    {.bitmap_index = 4380, .adv_w = 125, .box_w = 6, .box_h = 20, .ofs_x = 2, .ofs_y = -4},
    {.bitmap_index = 4440, .adv_w = 119, .box_w = 8, .box_h = 18, .ofs_x = 0, .ofs_y = -2},
    {.bitmap_index = 4512, .adv_w = 125, .box_w = 6, .box_h = 20, .ofs_x = 0, .ofs_y = -4},
    {.bitmap_index = 4572, .adv_w = 149, .box_w = 9, .box_h = 6, .ofs_x = 0, .ofs_y = 8},
    {.bitmap_index = 4599, .adv_w = 146, .box_w = 11, .box_h = 3, .ofs_x = -1, .ofs_y = -2},
    {.bitmap_index = 4616, .adv_w = 153, .box_w = 5, .box_h = 4, .ofs_x = 2, .ofs_y = 12},
    {.bitmap_index = 4626, .adv_w = 178, .box_w = 11, .box_h = 11, .ofs_x = 0, .ofs_y = 0},
    {.bitmap_index = 4687, .adv_w = 196, .box_w = 11, .box_h = 14, .ofs_x = 1, .ofs_y = 0},
    {.bitmap_index = 4764, .adv_w = 180, .box_w = 11, .box_h = 11, .ofs_x = 0, .ofs_y = 0},
    {.bitmap_index = 4825, .adv_w = 196, .box_w = 12, .box_h = 14, .ofs_x = 0, .ofs_y = 0},
    {.bitmap_index = 4909, .adv_w = 184, .box_w = 11, .box_h = 11, .ofs_x = 0, .ofs_y = 0},
    {.bitmap_index = 4970, .adv_w = 118, .box_w = 7, .box_h = 14, .ofs_x = 0, .ofs_y = 0},
    {.bitmap_index = 5019, .adv_w = 195, .box_w = 12, .box_h = 15, .ofs_x = 0, .ofs_y = -4},
    {.bitmap_index = 5109, .adv_w = 192, .box_w = 10, .box_h = 14, .ofs_x = 1, .ofs_y = 0},
    {.bitmap_index = 5179, .adv_w = 82, .box_w = 4, .box_h = 16, .ofs_x = 1, .ofs_y = 0},
    {.bitmap_index = 5211, .adv_w = 82, .box_w = 6, .box_h = 20, .ofs_x = -1, .ofs_y = -4},
    {.bitmap_index = 5271, .adv_w = 178, .box_w = 11, .box_h = 14, .ofs_x = 1, .ofs_y = 0},
    {.bitmap_index = 5348, .adv_w = 82, .box_w = 4, .box_h = 14, .ofs_x = 1, .ofs_y = 0},
    {.bitmap_index = 5376, .adv_w = 281, .box_w = 16, .box_h = 11, .ofs_x = 1, .ofs_y = 0},
    {.bitmap_index = 5464, .adv_w = 191, .box_w = 10, .box_h = 11, .ofs_x = 1, .ofs_y = 0},
    {.bitmap_index = 5519, .adv_w = 189, .box_w = 12, .box_h = 11, .ofs_x = 0, .ofs_y = 0},
    {.bitmap_index = 5585, .adv_w = 195, .box_w = 11, .box_h = 15, .ofs_x = 1, .ofs_y = -4},
    {.bitmap_index = 5668, .adv_w = 195, .box_w = 12, .box_h = 15, .ofs_x = 0, .ofs_y = -4},
    {.bitmap_index = 5758, .adv_w = 125, .box_w = 7, .box_h = 11, .ofs_x = 1, .ofs_y = 0},
    {.bitmap_index = 5797, .adv_w = 173, .box_w = 11, .box_h = 11, .ofs_x = 0, .ofs_y = 0},
    {.bitmap_index = 5858, .adv_w = 118, .box_w = 7, .box_h = 14, .ofs_x = 0, .ofs_y = 0},
    {.bitmap_index = 5907, .adv_w = 191, .box_w = 10, .box_h = 11, .ofs_x = 1, .ofs_y = 0},
    {.bitmap_index = 5962, .adv_w = 180, .box_w = 11, .box_h = 11, .ofs_x = 0, .ofs_y = 0},
    {.bitmap_index = 6023, .adv_w = 262, .box_w = 17, .box_h = 11, .ofs_x = 0, .ofs_y = 0},
    {.bitmap_index = 6117, .adv_w = 176, .box_w = 11, .box_h = 11, .ofs_x = 0, .ofs_y = 0},
    {.bitmap_index = 6178, .adv_w = 180, .box_w = 11, .box_h = 15, .ofs_x = 0, .ofs_y = -4},
    {.bitmap_index = 6261, .adv_w = 176, .box_w = 9, .box_h = 11, .ofs_x = 1, .ofs_y = 0},
    {.bitmap_index = 6311, .adv_w = 125, .box_w = 8, .box_h = 18, .ofs_x = 0, .ofs_y = -4},
    {.bitmap_index = 6383, .adv_w = 114, .box_w = 3, .box_h = 19, .ofs_x = 2, .ofs_y = -2},
    {.bitmap_index = 6412, .adv_w = 125, .box_w = 8, .box_h = 18, .ofs_x = 0, .ofs_y = -4},
    {.bitmap_index = 6484, .adv_w = 209, .box_w = 11, .box_h = 4, .ofs_x = 1, .ofs_y = 4},
    {.bitmap_index = 6506, .adv_w = 130, .box_w = 8, .box_h = 9, .ofs_x = 0, .ofs_y = -3},
    {.bitmap_index = 6542, .adv_w = 277, .box_w = 17, .box_h = 18, .ofs_x = 0, .ofs_y = -2},
    {.bitmap_index = 6695, .adv_w = 277, .box_w = 17, .box_h = 19, .ofs_x = 0, .ofs_y = -2},
    {.bitmap_index = 6857, .adv_w = 277, .box_w = 16, .box_h = 18, .ofs_x = 0, .ofs_y = -2},
    {.bitmap_index = 7001, .adv_w = 277, .box_w = 16, .box_h = 18, .ofs_x = 0, .ofs_y = -2},
    {.bitmap_index = 7145, .adv_w = 277, .box_w = 16, .box_h = 19, .ofs_x = 0, .ofs_y = -2},
    {.bitmap_index = 7297, .adv_w = 277, .box_w = 17, .box_h = 15, .ofs_x = 0, .ofs_y = 0},
    {.bitmap_index = 7425, .adv_w = 277, .box_w = 17, .box_h = 18, .ofs_x = 0, .ofs_y = -2},
    {.bitmap_index = 7578, .adv_w = 277, .box_w = 17, .box_h = 18, .ofs_x = 0, .ofs_y = -2},
    {.bitmap_index = 7731, .adv_w = 277, .box_w = 17, .box_h = 18, .ofs_x = 0, .ofs_y = -2},
    {.bitmap_index = 7884, .adv_w = 277, .box_w = 16, .box_h = 18, .ofs_x = 0, .ofs_y = -2},
    {.bitmap_index = 8028, .adv_w = 277, .box_w = 15, .box_h = 18, .ofs_x = 1, .ofs_y = -2},
    {.bitmap_index = 8163, .adv_w = 277, .box_w = 15, .box_h = 18, .ofs_x = 1, .ofs_y = -2},
    {.bitmap_index = 8298, .adv_w = 277, .box_w = 17, .box_h = 18, .ofs_x = 1, .ofs_y = -2},
    {.bitmap_index = 8451, .adv_w = 277, .box_w = 15, .box_h = 18, .ofs_x = 1, .ofs_y = -2},
    {.bitmap_index = 8586, .adv_w = 277, .box_w = 16, .box_h = 18, .ofs_x = 0, .ofs_y = -2},
    {.bitmap_index = 8730, .adv_w = 277, .box_w = 17, .box_h = 18, .ofs_x = 0, .ofs_y = -2},
    {.bitmap_index = 8883, .adv_w = 277, .box_w = 15, .box_h = 18, .ofs_x = 1, .ofs_y = -2},
    {.bitmap_index = 9018, .adv_w = 277, .box_w = 15, .box_h = 18, .ofs_x = 1, .ofs_y = -2},
    {.bitmap_index = 9153, .adv_w = 277, .box_w = 15, .box_h = 18, .ofs_x = 1, .ofs_y = -2},
    {.bitmap_index = 9288, .adv_w = 277, .box_w = 17, .box_h = 15, .ofs_x = 0, .ofs_y = 0},
    {.bitmap_index = 9416, .adv_w = 277, .box_w = 17, .box_h = 15, .ofs_x = 0, .ofs_y = 0},
    {.bitmap_index = 9544, .adv_w = 277, .box_w = 17, .box_h = 18, .ofs_x = 0, .ofs_y = -2},
    {.bitmap_index = 9697, .adv_w = 277, .box_w = 17, .box_h = 18, .ofs_x = 1, .ofs_y = -2},
    {.bitmap_index = 9850, .adv_w = 277, .box_w = 17, .box_h = 18, .ofs_x = 0, .ofs_y = -2},
    {.bitmap_index = 10003, .adv_w = 277, .box_w = 17, .box_h = 16, .ofs_x = 0, .ofs_y = 0},
    {.bitmap_index = 10139, .adv_w = 277, .box_w = 17, .box_h = 18, .ofs_x = 0, .ofs_y = -2},
    {.bitmap_index = 10292, .adv_w = 277, .box_w = 15, .box_h = 18, .ofs_x = 1, .ofs_y = -2},
    {.bitmap_index = 10427, .adv_w = 277, .box_w = 16, .box_h = 18, .ofs_x = 0, .ofs_y = -2},
    {.bitmap_index = 10571, .adv_w = 277, .box_w = 16, .box_h = 18, .ofs_x = 0, .ofs_y = -2},
    {.bitmap_index = 10715, .adv_w = 277, .box_w = 18, .box_h = 18, .ofs_x = 0, .ofs_y = -2},
    {.bitmap_index = 10877, .adv_w = 277, .box_w = 17, .box_h = 18, .ofs_x = 0, .ofs_y = -2},
    {.bitmap_index = 11030, .adv_w = 277, .box_w = 16, .box_h = 18, .ofs_x = 0, .ofs_y = -2},
    {.bitmap_index = 11174, .adv_w = 277, .box_w = 16, .box_h = 18, .ofs_x = 0, .ofs_y = -2},
    {.bitmap_index = 11318, .adv_w = 277, .box_w = 16, .box_h = 19, .ofs_x = 0, .ofs_y = -2},
    {.bitmap_index = 11470, .adv_w = 277, .box_w = 16, .box_h = 18, .ofs_x = 0, .ofs_y = -2},
    {.bitmap_index = 11614, .adv_w = 277, .box_w = 17, .box_h = 18, .ofs_x = 0, .ofs_y = -2},
    {.bitmap_index = 11767, .adv_w = 277, .box_w = 18, .box_h = 18, .ofs_x = 0, .ofs_y = -2},
    {.bitmap_index = 11929, .adv_w = 277, .box_w = 17, .box_h = 18, .ofs_x = 0, .ofs_y = -2},
    {.bitmap_index = 12082, .adv_w = 277, .box_w = 16, .box_h = 18, .ofs_x = 0, .ofs_y = -2},
    {.bitmap_index = 12226, .adv_w = 277, .box_w = 16, .box_h = 18, .ofs_x = 0, .ofs_y = -2},
    {.bitmap_index = 12370, .adv_w = 277, .box_w = 16, .box_h = 18, .ofs_x = 0, .ofs_y = -2},
    {.bitmap_index = 12514, .adv_w = 277, .box_w = 16, .box_h = 19, .ofs_x = 0, .ofs_y = -2},
    {.bitmap_index = 12666, .adv_w = 277, .box_w = 18, .box_h = 18, .ofs_x = 0, .ofs_y = -2},
    {.bitmap_index = 12828, .adv_w = 277, .box_w = 17, .box_h = 16, .ofs_x = 0, .ofs_y = 0},
    {.bitmap_index = 12964, .adv_w = 277, .box_w = 17, .box_h = 18, .ofs_x = 0, .ofs_y = -2},
    {.bitmap_index = 13117, .adv_w = 277, .box_w = 15, .box_h = 18, .ofs_x = 1, .ofs_y = -2},
    {.bitmap_index = 13252, .adv_w = 277, .box_w = 16, .box_h = 18, .ofs_x = 0, .ofs_y = -2},
    {.bitmap_index = 13396, .adv_w = 277, .box_w = 18, .box_h = 18, .ofs_x = 0, .ofs_y = -2},
    {.bitmap_index = 13558, .adv_w = 277, .box_w = 17, .box_h = 18, .ofs_x = 0, .ofs_y = -2},
    {.bitmap_index = 13711, .adv_w = 277, .box_w = 17, .box_h = 18, .ofs_x = 0, .ofs_y = -2},
    {.bitmap_index = 13864, .adv_w = 277, .box_w = 17, .box_h = 18, .ofs_x = 0, .ofs_y = -2},
    {.bitmap_index = 14017, .adv_w = 277, .box_w = 16, .box_h = 18, .ofs_x = 0, .ofs_y = -2},
    {.bitmap_index = 14161, .adv_w = 277, .box_w = 17, .box_h = 18, .ofs_x = 0, .ofs_y = -2},
    {.bitmap_index = 14314, .adv_w = 277, .box_w = 17, .box_h = 18, .ofs_x = 0, .ofs_y = -2},
    {.bitmap_index = 14467, .adv_w = 277, .box_w = 17, .box_h = 18, .ofs_x = 0, .ofs_y = -2},
    {.bitmap_index = 14620, .adv_w = 277, .box_w = 17, .box_h = 18, .ofs_x = 0, .ofs_y = -2},
    {.bitmap_index = 14773, .adv_w = 277, .box_w = 16, .box_h = 18, .ofs_x = 0, .ofs_y = -2},
    {.bitmap_index = 14917, .adv_w = 277, .box_w = 16, .box_h = 18, .ofs_x = 0, .ofs_y = -2},
    {.bitmap_index = 15061, .adv_w = 277, .box_w = 18, .box_h = 18, .ofs_x = 0, .ofs_y = -2},
    {.bitmap_index = 15223, .adv_w = 277, .box_w = 16, .box_h = 19, .ofs_x = 0, .ofs_y = -2},
    {.bitmap_index = 15375, .adv_w = 277, .box_w = 17, .box_h = 16, .ofs_x = 0, .ofs_y = 0},
    {.bitmap_index = 15511, .adv_w = 277, .box_w = 16, .box_h = 18, .ofs_x = 0, .ofs_y = -2},
    {.bitmap_index = 15655, .adv_w = 277, .box_w = 17, .box_h = 15, .ofs_x = 0, .ofs_y = 0},
    {.bitmap_index = 15783, .adv_w = 277, .box_w = 16, .box_h = 18, .ofs_x = 0, .ofs_y = -2},
    {.bitmap_index = 15927, .adv_w = 277, .box_w = 16, .box_h = 18, .ofs_x = 0, .ofs_y = -2},
    {.bitmap_index = 16071, .adv_w = 277, .box_w = 18, .box_h = 18, .ofs_x = 0, .ofs_y = -2},
    {.bitmap_index = 16233, .adv_w = 277, .box_w = 17, .box_h = 19, .ofs_x = 0, .ofs_y = -2},
    {.bitmap_index = 16395, .adv_w = 277, .box_w = 17, .box_h = 18, .ofs_x = 0, .ofs_y = -2},
    {.bitmap_index = 16548, .adv_w = 277, .box_w = 17, .box_h = 16, .ofs_x = 0, .ofs_y = 0},
    {.bitmap_index = 16684, .adv_w = 277, .box_w = 16, .box_h = 18, .ofs_x = 0, .ofs_y = -2},
    {.bitmap_index = 16828, .adv_w = 277, .box_w = 17, .box_h = 19, .ofs_x = 0, .ofs_y = -2},
    {.bitmap_index = 16990, .adv_w = 277, .box_w = 17, .box_h = 18, .ofs_x = 0, .ofs_y = -2},
    {.bitmap_index = 17143, .adv_w = 277, .box_w = 17, .box_h = 19, .ofs_x = 0, .ofs_y = -2},
    {.bitmap_index = 17305, .adv_w = 277, .box_w = 16, .box_h = 18, .ofs_x = 0, .ofs_y = -2}
};

/*---------------------
 *  CHARACTER MAPPING
 *--------------------*/

static const uint16_t unicode_list_1[] = {
    0x0, 0x8b82, 0x8b93, 0x8bee, 0x8c0a, 0x8c2e, 0x8c5e, 0x8c65,
    0x8c73, 0x8d5e, 0x8dae, 0x9032, 0x9246, 0x9262, 0x927e, 0x93a6,
    0x9462, 0x97a3, 0x97a6, 0x97be, 0x97da, 0x984a, 0x98de, 0x9946,
    0x9aba, 0x9c72, 0x9d02, 0x9dc2, 0xa0af, 0xa0b6, 0xa0e6, 0xa10b,
    0xa1ea, 0xa25a, 0xa25b, 0xa262, 0xa4c6, 0xa4c7, 0xa4d3, 0xa532,
    0xa54e, 0xa56e, 0xa57f, 0xa5c2, 0xa612, 0xa6ca, 0xa6f2, 0xa703,
    0xa70e, 0xa70f, 0xa716, 0xa71e, 0xa78e, 0xa803, 0xa87a, 0xa87e,
    0xa88f, 0xa93e, 0xa942, 0xaba6, 0xac1a, 0xac86, 0xacda, 0xb236,
    0xb336, 0xb347, 0xb4d6, 0xb4e7, 0xb507, 0xb5b6, 0xb60a, 0xb646,
    0xb6b2, 0xb6df, 0xb706
};

/*Collect the unicode lists and glyph_id offsets*/
static const lv_font_fmt_txt_cmap_t cmaps[] =
{
    {
        .range_start = 32, .range_length = 95, .glyph_id_start = 1,
        .unicode_list = NULL, .glyph_id_ofs_list = NULL, .list_length = 0, .type = LV_FONT_FMT_TXT_CMAP_FORMAT0_TINY
    },
    {
        .range_start = 8322, .range_length = 46855, .glyph_id_start = 96,
        .unicode_list = unicode_list_1, .glyph_id_ofs_list = NULL, .list_length = 75, .type = LV_FONT_FMT_TXT_CMAP_SPARSE_TINY
    }
};

/*-----------------
 *    KERNING
 *----------------*/


/*Pair left and right glyphs for kerning*/
static const uint8_t kern_pair_glyph_ids[] =
{
    3, 7,
    3, 13,
    3, 15,
    3, 21,
    3, 34,
    3, 43,
    7, 3,
    7, 8,
    8, 7,
    8, 13,
    8, 15,
    8, 21,
    8, 34,
    8, 43,
    9, 68,
    9, 69,
    9, 70,
    9, 72,
    9, 75,
    9, 80,
    9, 82,
    11, 7,
    11, 13,
    11, 15,
    11, 21,
    11, 34,
    11, 43,
    11, 64,
    12, 19,
    12, 20,
    12, 24,
    12, 53,
    12, 55,
    12, 56,
    12, 57,
    12, 58,
    12, 61,
    12, 89,
    13, 1,
    13, 2,
    13, 3,
    13, 8,
    13, 17,
    13, 18,
    13, 20,
    13, 22,
    13, 23,
    13, 24,
    13, 25,
    13, 26,
    13, 32,
    13, 53,
    13, 58,
    13, 65,
    14, 19,
    14, 20,
    14, 24,
    14, 53,
    14, 55,
    14, 56,
    14, 57,
    14, 58,
    14, 61,
    14, 89,
    15, 1,
    15, 2,
    15, 3,
    15, 8,
    15, 17,
    15, 18,
    15, 20,
    15, 22,
    15, 23,
    15, 24,
    15, 25,
    15, 26,
    15, 32,
    15, 53,
    15, 58,
    15, 65,
    16, 13,
    16, 15,
    16, 43,
    16, 55,
    16, 56,
    16, 61,
    17, 13,
    17, 15,
    17, 24,
    17, 58,
    17, 64,
    18, 13,
    18, 15,
    19, 21,
    21, 13,
    21, 15,
    21, 18,
    22, 13,
    22, 15,
    23, 13,
    23, 15,
    23, 64,
    24, 4,
    24, 7,
    24, 13,
    24, 15,
    24, 17,
    24, 20,
    24, 21,
    24, 22,
    24, 23,
    24, 24,
    24, 25,
    24, 26,
    24, 27,
    24, 28,
    24, 29,
    24, 34,
    24, 43,
    24, 64,
    24, 66,
    24, 68,
    24, 69,
    24, 70,
    24, 72,
    24, 80,
    24, 82,
    24, 84,
    24, 96,
    26, 13,
    26, 15,
    26, 24,
    26, 58,
    26, 64,
    27, 53,
    27, 55,
    27, 61,
    28, 53,
    28, 55,
    28, 61,
    31, 24,
    32, 34,
    60, 68,
    60, 69,
    60, 70,
    60, 72,
    60, 75,
    60, 80,
    60, 82,
    61, 13,
    61, 15,
    61, 53,
    61, 55,
    61, 56,
    61, 61,
    61, 87,
    61, 90,
    63, 7,
    63, 13,
    63, 15,
    63, 21,
    63, 34,
    63, 43,
    63, 64,
    64, 11,
    64, 17,
    64, 18,
    64, 20,
    64, 21,
    64, 22,
    64, 23,
    64, 25,
    64, 26,
    64, 36,
    64, 40,
    64, 48,
    64, 50,
    64, 53,
    64, 54,
    64, 55,
    64, 61,
    64, 63,
    64, 74,
    64, 75,
    64, 78,
    64, 79,
    64, 81,
    64, 83,
    64, 87,
    64, 90,
    92, 68,
    92, 69,
    92, 70,
    92, 72,
    92, 75,
    92, 80,
    92, 82,
    95, 19,
    95, 20,
    95, 24,
    95, 53,
    95, 55,
    95, 56,
    95, 57,
    95, 58,
    95, 61,
    95, 89
};

/* Kerning between the respective left and right glyphs
 * 4.4 format which needs to scaled with `kern_scale`*/
static const int8_t kern_pair_values[] =
{
    -11, -28, -28, -19, -25, -51, -11, -11,
    -11, -28, -28, -19, -25, -51, -1, -1,
    -1, -1, 4, -1, -1, -11, -42, -42,
    -14, -30, -30, -21, -7, -1, -9, -10,
    -7, -7, -16, -10, -7, -7, -10, -4,
    -31, -31, -9, -28, -7, -2, -9, -8,
    -9, -4, -32, -11, -21, -42, -7, -1,
    -9, -10, -7, -7, -16, -10, -7, -7,
    -10, -4, -31, -31, -9, -28, -7, -2,
    -9, -8, -9, -4, -32, -11, -21, -42,
    -12, -12, -19, 3, 3, 3, -9, -9,
    -6, -11, -14, -12, -12, -5, -5, -5,
    -3, -7, -7, -9, -9, -14, -18, -14,
    -39, -39, -5, -5, -18, -3, -5, 6,
    -4, -3, -11, -11, -28, -34, -30, -50,
    -14, -16, -16, -16, -16, -16, -16, -12,
    -12, -9, -9, -6, -11, -14, -11, -19,
    -19, -11, -19, -19, -23, -19, -1, -1,
    -1, -1, 4, -1, -1, 12, 12, -12,
    -17, -18, -17, -16, -16, -11, -42, -42,
    -14, -30, -30, -21, -21, -14, -34, -14,
    -18, -14, -14, -14, -14, -12, -12, -12,
    -12, -18, -12, -25, -25, -21, 11, 30,
    14, 14, 14, 14, -25, -25, -1, -1,
    -1, -1, 4, -1, -1, -7, -1, -9,
    -10, -7, -7, -16, -10, -7, -7
};

/*Collect the kern pair's data in one place*/
static const lv_font_fmt_txt_kern_pair_t kern_pairs =
{
    .glyph_ids = kern_pair_glyph_ids,
    .values = kern_pair_values,
    .pair_cnt = 207,
    .glyph_ids_size = 0
};

/*--------------------
 *  ALL CUSTOM DATA
 *--------------------*/

#if LVGL_VERSION_MAJOR == 8
/*Store all the custom data of the font*/
static  lv_font_fmt_txt_glyph_cache_t cache;
#endif

#if LVGL_VERSION_MAJOR >= 8
static const lv_font_fmt_txt_dsc_t font_dsc = {
#else
static lv_font_fmt_txt_dsc_t font_dsc = {
#endif
    .glyph_bitmap = glyph_bitmap,
    .glyph_dsc = glyph_dsc,
    .cmaps = cmaps,
    .kern_dsc = &kern_pairs,
    .kern_scale = 16,
    .cmap_num = 2,
    .bpp = 4,
    .kern_classes = 0,
    .bitmap_format = 0,
#if LVGL_VERSION_MAJOR == 8
    .cache = &cache
#endif
};



/*-----------------
 *  PUBLIC FONT
 *----------------*/

/*Initialize a public general font descriptor*/
#if LVGL_VERSION_MAJOR >= 8
const lv_font_t lv_font_pretendard_b_20 = {
#else
lv_font_t lv_font_pretendard_b_20 = {
#endif
    .get_glyph_dsc = lv_font_get_glyph_dsc_fmt_txt,    /*Function pointer to get glyph's data*/
    .get_glyph_bitmap = lv_font_get_bitmap_fmt_txt,    /*Function pointer to get glyph's bitmap*/
    .line_height = 21,          /*The maximum line height required by the font*/
    .base_line = 4,             /*Baseline measured from the bottom of the line*/
#if !(LVGL_VERSION_MAJOR == 6 && LVGL_VERSION_MINOR == 0)
    .subpx = LV_FONT_SUBPX_NONE,
#endif
#if LV_VERSION_CHECK(7, 4, 0) || LVGL_VERSION_MAJOR >= 8
    .underline_position = -2,
    .underline_thickness = 2,
#endif
    .dsc = &font_dsc,          /*The custom font data. Will be accessed by `get_glyph_bitmap/dsc` */
#if LV_VERSION_CHECK(8, 2, 0) || LVGL_VERSION_MAJOR >= 9
    .fallback = NULL,
#endif
    .user_data = NULL,
};



#endif /*#if LV_FONT_PRETENDARD_B_20*/

