/*******************************************************************************
 * Size: 28 px
 * Bpp: 4
 * Opts: --font app/assets/fonts/Pretendard-Bold.otf --size 28 --bpp 4 --format lvgl --no-compress --lv-include lvgl.h --range 0x20-0x7E --symbols 호기차례흡강하게내쉬세요천히들이마시기초분준비곧시작합니다편안자로앉주휴식잠어트완료훈련잘셨대고입에물보영점중회진행거실간압력평균최지속성공률연결됨음다이종 ₂ -o firmware-esp32/src/display/fonts/lv_font_pretendard_b_28.c
 ******************************************************************************/

#ifdef LV_LVGL_H_INCLUDE_SIMPLE
#include "lvgl.h"
#else
#include "lvgl.h"
#endif

#ifndef LV_FONT_PRETENDARD_B_28
#define LV_FONT_PRETENDARD_B_28 1
#endif

#if LV_FONT_PRETENDARD_B_28

/*-----------------
 *    BITMAPS
 *----------------*/

/*Store the image of the glyphs*/
static LV_ATTRIBUTE_LARGE_CONST const uint8_t glyph_bitmap[] = {
    /* U+0020 " " */

    /* U+0021 "!" */
    0xcf, 0xff, 0x6c, 0xff, 0xf5, 0xbf, 0xff, 0x5b,
    0xff, 0xf5, 0xbf, 0xff, 0x4a, 0xff, 0xf4, 0xaf,
    0xff, 0x39, 0xff, 0xf3, 0x9f, 0xff, 0x29, 0xff,
    0xf2, 0x8f, 0xff, 0x28, 0xff, 0xf1, 0x7f, 0xff,
    0x16, 0xcc, 0xc0, 0x0, 0x0, 0x0, 0x58, 0x20,
    0x9f, 0xff, 0x3e, 0xff, 0xf8, 0xcf, 0xff, 0x62,
    0xcf, 0x90,

    /* U+0022 "\"" */
    0xbf, 0xf3, 0xb, 0xff, 0x3b, 0xff, 0x30, 0xbf,
    0xf3, 0xbf, 0xf3, 0xb, 0xff, 0x3b, 0xff, 0x30,
    0xbf, 0xf3, 0xbf, 0xf3, 0xb, 0xff, 0x3b, 0xff,
    0x30, 0xbf, 0xf3, 0xbf, 0xf3, 0xb, 0xff, 0x35,
    0x77, 0x10, 0x57, 0x71,

    /* U+0023 "#" */
    0x0, 0x0, 0xb, 0xff, 0x50, 0x0, 0xcf, 0xf4,
    0x0, 0x0, 0x0, 0xe, 0xff, 0x20, 0x0, 0xef,
    0xf2, 0x0, 0x0, 0x0, 0xf, 0xff, 0x0, 0x1,
    0xff, 0xf0, 0x0, 0x0, 0x0, 0x3f, 0xfd, 0x0,
    0x3, 0xff, 0xd0, 0x0, 0x0, 0x0, 0x5f, 0xfb,
    0x0, 0x6, 0xff, 0xa0, 0x0, 0x4, 0xff, 0xff,
    0xff, 0xff, 0xff, 0xff, 0xff, 0xf3, 0x6, 0xff,
    0xff, 0xff, 0xff, 0xff, 0xff, 0xff, 0xf0, 0x9,
    0xff, 0xff, 0xff, 0xff, 0xff, 0xff, 0xff, 0xd0,
    0x0, 0x1, 0xff, 0xf1, 0x0, 0x1f, 0xff, 0x0,
    0x0, 0x0, 0x2, 0xff, 0xe0, 0x0, 0x3f, 0xfd,
    0x0, 0x0, 0x0, 0x5, 0xff, 0xb0, 0x0, 0x5f,
    0xfa, 0x0, 0x0, 0x0, 0x7, 0xff, 0x80, 0x0,
    0x8f, 0xf8, 0x0, 0x0, 0x5f, 0xff, 0xff, 0xff,
    0xff, 0xff, 0xff, 0xff, 0x10, 0x8f, 0xff, 0xff,
    0xff, 0xff, 0xff, 0xff, 0xfe, 0x0, 0xbf, 0xff,
    0xff, 0xff, 0xff, 0xff, 0xff, 0xfb, 0x0, 0x0,
    0x2f, 0xfe, 0x0, 0x3, 0xff, 0xd0, 0x0, 0x0,
    0x0, 0x5f, 0xfb, 0x0, 0x5, 0xff, 0xb0, 0x0,
    0x0, 0x0, 0x7f, 0xf9, 0x0, 0x8, 0xff, 0x80,
    0x0, 0x0, 0x0, 0xaf, 0xf6, 0x0, 0xa, 0xff,
    0x50, 0x0, 0x0, 0x0, 0xcf, 0xf4, 0x0, 0xd,
    0xff, 0x30, 0x0, 0x0,

    /* U+0024 "$" */
    0x0, 0x0, 0x0, 0x9, 0x80, 0x0, 0x0, 0x0,
    0x0, 0x0, 0x0, 0xd, 0xb0, 0x0, 0x0, 0x0,
    0x0, 0x0, 0x0, 0xd, 0xb0, 0x0, 0x0, 0x0,
    0x0, 0x0, 0x8c, 0xff, 0xfe, 0xb7, 0x0, 0x0,
    0x0, 0x5e, 0xff, 0xff, 0xff, 0xff, 0xe5, 0x0,
    0x3, 0xff, 0xff, 0xff, 0xff, 0xff, 0xff, 0x30,
    0xe, 0xff, 0xff, 0x8e, 0xd8, 0xff, 0xff, 0xd0,
    0x3f, 0xff, 0xf2, 0xd, 0xb0, 0x2f, 0xff, 0xf1,
    0x6f, 0xff, 0xc0, 0xd, 0xb0, 0x8, 0xcc, 0xc3,
    0x5f, 0xff, 0xf1, 0xd, 0xb0, 0x0, 0x0, 0x0,
    0x2f, 0xff, 0xfe, 0x8e, 0xb0, 0x0, 0x0, 0x0,
    0x9, 0xff, 0xff, 0xff, 0xf9, 0x40, 0x0, 0x0,
    0x0, 0xaf, 0xff, 0xff, 0xff, 0xff, 0x70, 0x0,
    0x0, 0x4, 0xbf, 0xff, 0xff, 0xff, 0xfd, 0x10,
    0x0, 0x0, 0x1, 0x5e, 0xff, 0xff, 0xff, 0xb0,
    0x0, 0x0, 0x0, 0xd, 0xb2, 0xaf, 0xff, 0xf4,
    0x44, 0x44, 0x0, 0xd, 0xb0, 0xb, 0xff, 0xf7,
    0xdf, 0xff, 0x30, 0xd, 0xb0, 0x9, 0xff, 0xf9,
    0x9f, 0xff, 0xc0, 0xd, 0xb0, 0x1e, 0xff, 0xf6,
    0x5f, 0xff, 0xfe, 0x8e, 0xd8, 0xff, 0xff, 0xf2,
    0xa, 0xff, 0xff, 0xff, 0xff, 0xff, 0xff, 0x80,
    0x0, 0xaf, 0xff, 0xff, 0xff, 0xff, 0xf9, 0x0,
    0x0, 0x3, 0x9c, 0xef, 0xfe, 0xc9, 0x20, 0x0,
    0x0, 0x0, 0x0, 0xd, 0xb0, 0x0, 0x0, 0x0,
    0x0, 0x0, 0x0, 0xd, 0xb0, 0x0, 0x0, 0x0,

    /* U+0025 "%" */
    0x0, 0x6c, 0xfd, 0xa2, 0x0, 0x0, 0x0, 0x0,
    0xaf, 0xf5, 0x0, 0x0, 0xaf, 0xff, 0xff, 0xf3,
    0x0, 0x0, 0x0, 0x5f, 0xfb, 0x0, 0x0, 0x5f,
    0xfe, 0x8a, 0xff, 0xd0, 0x0, 0x0, 0x1e, 0xfe,
    0x10, 0x0, 0x9, 0xff, 0x50, 0xc, 0xff, 0x10,
    0x0, 0xb, 0xff, 0x50, 0x0, 0x0, 0xcf, 0xf1,
    0x0, 0x8f, 0xf4, 0x0, 0x6, 0xff, 0xa0, 0x0,
    0x0, 0xb, 0xff, 0x30, 0xa, 0xff, 0x30, 0x2,
    0xff, 0xe1, 0x0, 0x0, 0x0, 0x8f, 0xfa, 0x13,
    0xff, 0xf0, 0x0, 0xcf, 0xf4, 0x0, 0x0, 0x0,
    0x1, 0xef, 0xff, 0xff, 0xf8, 0x0, 0x7f, 0xf9,
    0x0, 0x0, 0x0, 0x0, 0x3, 0xdf, 0xff, 0xf8,
    0x0, 0x2f, 0xfd, 0x0, 0x0, 0x0, 0x0, 0x0,
    0x0, 0x35, 0x41, 0x0, 0xc, 0xff, 0x40, 0x1,
    0x55, 0x20, 0x0, 0x0, 0x0, 0x0, 0x0, 0x7,
    0xff, 0x80, 0x8, 0xff, 0xff, 0xb1, 0x0, 0x0,
    0x0, 0x0, 0x3, 0xff, 0xd0, 0x8, 0xff, 0xff,
    0xff, 0xc0, 0x0, 0x0, 0x0, 0x0, 0xdf, 0xf3,
    0x1, 0xff, 0xe3, 0x1c, 0xff, 0x40, 0x0, 0x0,
    0x0, 0x8f, 0xf8, 0x0, 0x4f, 0xf8, 0x0, 0x4f,
    0xf8, 0x0, 0x0, 0x0, 0x3f, 0xfd, 0x0, 0x6,
    0xff, 0x50, 0x2, 0xff, 0xa0, 0x0, 0x0, 0xd,
    0xff, 0x20, 0x0, 0x5f, 0xf6, 0x0, 0x2f, 0xf9,
    0x0, 0x0, 0x9, 0xff, 0x70, 0x0, 0x3, 0xff,
    0xb0, 0x7, 0xff, 0x60, 0x0, 0x4, 0xff, 0xc0,
    0x0, 0x0, 0xd, 0xff, 0xa8, 0xff, 0xf1, 0x0,
    0x0, 0xef, 0xf2, 0x0, 0x0, 0x0, 0x4f, 0xff,
    0xff, 0xf7, 0x0, 0x0, 0xaf, 0xf6, 0x0, 0x0,
    0x0, 0x0, 0x2a, 0xee, 0xb4, 0x0,

    /* U+0026 "&" */
    0x0, 0x0, 0x5b, 0xee, 0xc7, 0x0, 0x0, 0x0,
    0x0, 0x0, 0xb, 0xff, 0xff, 0xff, 0xd1, 0x0,
    0x0, 0x0, 0x0, 0x7f, 0xff, 0xff, 0xff, 0xfa,
    0x0, 0x0, 0x0, 0x0, 0xff, 0xfe, 0x65, 0xcf,
    0xff, 0x0, 0x0, 0x0, 0x2, 0xff, 0xf5, 0x0,
    0x2f, 0xff, 0x20, 0x0, 0x0, 0x3, 0xff, 0xf5,
    0x0, 0x3f, 0xff, 0x10, 0x0, 0x0, 0x1, 0xff,
    0xfa, 0x1, 0xcf, 0xfd, 0x0, 0x0, 0x0, 0x0,
    0xaf, 0xff, 0x8e, 0xff, 0xf4, 0x0, 0x0, 0x0,
    0x0, 0x1f, 0xff, 0xff, 0xff, 0x60, 0x0, 0x0,
    0x0, 0x0, 0x9, 0xff, 0xff, 0xe4, 0x0, 0x0,
    0x0, 0x0, 0x0, 0x9f, 0xff, 0xff, 0xd1, 0x0,
    0x49, 0x98, 0x0, 0xa, 0xff, 0xff, 0xff, 0xfc,
    0x0, 0x8f, 0xfc, 0x0, 0x6f, 0xff, 0xe3, 0xbf,
    0xff, 0xb0, 0xcf, 0xfa, 0x0, 0xcf, 0xff, 0x40,
    0xb, 0xff, 0xfb, 0xff, 0xf7, 0x0, 0xff, 0xff,
    0x0, 0x0, 0xcf, 0xff, 0xff, 0xf2, 0x0, 0xcf,
    0xff, 0x50, 0x0, 0x1d, 0xff, 0xff, 0x90, 0x0,
    0x8f, 0xff, 0xf8, 0x55, 0x9f, 0xff, 0xff, 0x60,
    0x0, 0x1d, 0xff, 0xff, 0xff, 0xff, 0xff, 0xff,
    0xf2, 0x0, 0x2, 0xdf, 0xff, 0xff, 0xff, 0xfa,
    0xff, 0xfd, 0x10, 0x0, 0x6, 0xad, 0xfe, 0xb8,
    0x10, 0x7f, 0xff, 0xb0,

    /* U+0027 "'" */
    0xbf, 0xf3, 0xbf, 0xf3, 0xbf, 0xf3, 0xbf, 0xf3,
    0xbf, 0xf3, 0xbf, 0xf3, 0xbf, 0xf3, 0x57, 0x71,

    /* U+0028 "(" */
    0x0, 0x0, 0x12, 0x22, 0x0, 0x0, 0x1e, 0xff,
    0xd0, 0x0, 0x9, 0xff, 0xf5, 0x0, 0x3, 0xff,
    0xfc, 0x0, 0x0, 0xbf, 0xff, 0x60, 0x0, 0x2f,
    0xff, 0xf1, 0x0, 0x8, 0xff, 0xfa, 0x0, 0x0,
    0xdf, 0xff, 0x60, 0x0, 0x1f, 0xff, 0xf2, 0x0,
    0x5, 0xff, 0xfe, 0x0, 0x0, 0x8f, 0xff, 0xb0,
    0x0, 0x9, 0xff, 0xf9, 0x0, 0x0, 0xbf, 0xff,
    0x80, 0x0, 0xc, 0xff, 0xf7, 0x0, 0x0, 0xcf,
    0xff, 0x70, 0x0, 0xb, 0xff, 0xf8, 0x0, 0x0,
    0x9f, 0xff, 0xa0, 0x0, 0x8, 0xff, 0xfb, 0x0,
    0x0, 0x4f, 0xff, 0xe0, 0x0, 0x1, 0xff, 0xff,
    0x30, 0x0, 0xc, 0xff, 0xf6, 0x0, 0x0, 0x7f,
    0xff, 0xb0, 0x0, 0x1, 0xff, 0xff, 0x10, 0x0,
    0xa, 0xff, 0xf7, 0x0, 0x0, 0x2f, 0xff, 0xd0,
    0x0, 0x0, 0x8f, 0xff, 0x60, 0x0, 0x0, 0xdf,
    0xfe, 0x0,

    /* U+0029 ")" */
    0x2, 0x22, 0x10, 0x0, 0x1, 0xef, 0xfd, 0x0,
    0x0, 0x6, 0xff, 0xf8, 0x0, 0x0, 0xe, 0xff,
    0xf2, 0x0, 0x0, 0x8f, 0xff, 0x90, 0x0, 0x2,
    0xff, 0xff, 0x10, 0x0, 0xc, 0xff, 0xf7, 0x0,
    0x0, 0x7f, 0xff, 0xc0, 0x0, 0x3, 0xff, 0xff,
    0x0, 0x0, 0xf, 0xff, 0xf3, 0x0, 0x0, 0xcf,
    0xff, 0x70, 0x0, 0xb, 0xff, 0xf8, 0x0, 0x0,
    0x9f, 0xff, 0x90, 0x0, 0x8, 0xff, 0xfa, 0x0,
    0x0, 0x8f, 0xff, 0xa0, 0x0, 0xa, 0xff, 0xf9,
    0x0, 0x0, 0xbf, 0xff, 0x80, 0x0, 0xd, 0xff,
    0xf6, 0x0, 0x0, 0xff, 0xff, 0x30, 0x0, 0x4f,
    0xff, 0xf0, 0x0, 0x8, 0xff, 0xfb, 0x0, 0x0,
    0xcf, 0xff, 0x60, 0x0, 0x2f, 0xff, 0xe0, 0x0,
    0x9, 0xff, 0xf8, 0x0, 0x0, 0xef, 0xff, 0x10,
    0x0, 0x8f, 0xff, 0x60, 0x0, 0x1f, 0xff, 0xc0,
    0x0, 0x0,

    /* U+002A "*" */
    0x0, 0x0, 0xbf, 0xc0, 0x0, 0x0, 0x1, 0x0,
    0xaf, 0xb0, 0x1, 0x0, 0x2f, 0x90, 0x9f, 0xa0,
    0x8f, 0x30, 0xaf, 0xfd, 0xbf, 0xcd, 0xff, 0xc0,
    0x19, 0xff, 0xff, 0xff, 0xfa, 0x20, 0x0, 0x2e,
    0xff, 0xfe, 0x30, 0x0, 0x7, 0xef, 0xff, 0xff,
    0xf8, 0x10, 0xbf, 0xfe, 0xcf, 0xce, 0xff, 0xc0,
    0x3f, 0xa1, 0x9f, 0xa0, 0x9f, 0x40, 0x3, 0x0,
    0xaf, 0xb0, 0x3, 0x0, 0x0, 0x0, 0xbf, 0xc0,
    0x0, 0x0, 0x0, 0x0, 0x11, 0x10, 0x0, 0x0,

    /* U+002B "+" */
    0x0, 0x0, 0x8, 0xff, 0xd0, 0x0, 0x0, 0x0,
    0x0, 0x8, 0xff, 0xd0, 0x0, 0x0, 0x0, 0x0,
    0x8, 0xff, 0xd0, 0x0, 0x0, 0x0, 0x0, 0x8,
    0xff, 0xd0, 0x0, 0x0, 0x0, 0x0, 0x8, 0xff,
    0xd0, 0x0, 0x0, 0xaf, 0xff, 0xff, 0xff, 0xff,
    0xff, 0xff, 0xaf, 0xff, 0xff, 0xff, 0xff, 0xff,
    0xff, 0xaf, 0xff, 0xff, 0xff, 0xff, 0xff, 0xff,
    0x46, 0x66, 0x6b, 0xff, 0xe6, 0x66, 0x66, 0x0,
    0x0, 0x8, 0xff, 0xd0, 0x0, 0x0, 0x0, 0x0,
    0x8, 0xff, 0xd0, 0x0, 0x0, 0x0, 0x0, 0x8,
    0xff, 0xd0, 0x0, 0x0, 0x0, 0x0, 0x8, 0xff,
    0xd0, 0x0, 0x0, 0x0, 0x0, 0x5, 0x99, 0x80,
    0x0, 0x0,

    /* U+002C "," */
    0x0, 0xbc, 0xca, 0x1, 0xff, 0xf9, 0x4, 0xff,
    0xf4, 0x7, 0xff, 0xf0, 0xa, 0xff, 0xb0, 0xd,
    0xff, 0x60, 0xf, 0xff, 0x10, 0x2f, 0xfc, 0x0,

    /* U+002D "-" */
    0x3, 0x33, 0x33, 0x33, 0x32, 0x3f, 0xff, 0xff,
    0xff, 0xfc, 0x3f, 0xff, 0xff, 0xff, 0xfc, 0x3f,
    0xff, 0xff, 0xff, 0xfc,

    /* U+002E "." */
    0x1, 0x77, 0x0, 0xe, 0xff, 0xc0, 0x4f, 0xff,
    0xf2, 0x2f, 0xff, 0xf1, 0x6, 0xee, 0x50,

    /* U+002F "/" */
    0x0, 0x0, 0x0, 0x37, 0x77, 0x0, 0x0, 0x0,
    0xa, 0xff, 0xd0, 0x0, 0x0, 0x0, 0xef, 0xf9,
    0x0, 0x0, 0x0, 0x2f, 0xff, 0x50, 0x0, 0x0,
    0x7, 0xff, 0xf1, 0x0, 0x0, 0x0, 0xbf, 0xfc,
    0x0, 0x0, 0x0, 0xf, 0xff, 0x80, 0x0, 0x0,
    0x4, 0xff, 0xf3, 0x0, 0x0, 0x0, 0x8f, 0xff,
    0x0, 0x0, 0x0, 0xc, 0xff, 0xb0, 0x0, 0x0,
    0x1, 0xff, 0xf6, 0x0, 0x0, 0x0, 0x5f, 0xff,
    0x20, 0x0, 0x0, 0x9, 0xff, 0xe0, 0x0, 0x0,
    0x0, 0xef, 0xf9, 0x0, 0x0, 0x0, 0x2f, 0xff,
    0x50, 0x0, 0x0, 0x6, 0xff, 0xf1, 0x0, 0x0,
    0x0, 0xbf, 0xfc, 0x0, 0x0, 0x0, 0xf, 0xff,
    0x80, 0x0, 0x0, 0x3, 0xff, 0xf3, 0x0, 0x0,
    0x0, 0x8f, 0xff, 0x0, 0x0, 0x0, 0xc, 0xff,
    0xb0, 0x0, 0x0, 0x0, 0xff, 0xf6, 0x0, 0x0,
    0x0, 0x5f, 0xff, 0x20, 0x0, 0x0, 0x9, 0xff,
    0xe0, 0x0, 0x0, 0x0,

    /* U+0030 "0" */
    0x0, 0x0, 0x18, 0xce, 0xfe, 0xa5, 0x0, 0x0,
    0x0, 0x0, 0x6f, 0xff, 0xff, 0xff, 0xfc, 0x10,
    0x0, 0x0, 0x7f, 0xff, 0xff, 0xff, 0xff, 0xfd,
    0x10, 0x0, 0x2f, 0xff, 0xfe, 0x86, 0xbf, 0xff,
    0xfa, 0x0, 0xb, 0xff, 0xfe, 0x10, 0x0, 0x8f,
    0xff, 0xf2, 0x1, 0xff, 0xff, 0x50, 0x0, 0x0,
    0xdf, 0xff, 0x80, 0x5f, 0xff, 0xf0, 0x0, 0x0,
    0x7, 0xff, 0xfc, 0x8, 0xff, 0xfb, 0x0, 0x0,
    0x0, 0x3f, 0xff, 0xf0, 0xaf, 0xff, 0xa0, 0x0,
    0x0, 0x2, 0xff, 0xff, 0x1b, 0xff, 0xf8, 0x0,
    0x0, 0x0, 0xf, 0xff, 0xf2, 0xbf, 0xff, 0x80,
    0x0, 0x0, 0x0, 0xff, 0xff, 0x2a, 0xff, 0xf9,
    0x0, 0x0, 0x0, 0x2f, 0xff, 0xf1, 0x8f, 0xff,
    0xb0, 0x0, 0x0, 0x3, 0xff, 0xff, 0x5, 0xff,
    0xfe, 0x0, 0x0, 0x0, 0x7f, 0xff, 0xc0, 0x1f,
    0xff, 0xf5, 0x0, 0x0, 0xd, 0xff, 0xf8, 0x0,
    0xbf, 0xff, 0xe1, 0x0, 0x8, 0xff, 0xff, 0x20,
    0x2, 0xff, 0xff, 0xe9, 0x7b, 0xff, 0xff, 0xa0,
    0x0, 0x7, 0xff, 0xff, 0xff, 0xff, 0xff, 0xd1,
    0x0, 0x0, 0x6, 0xff, 0xff, 0xff, 0xff, 0xc1,
    0x0, 0x0, 0x0, 0x2, 0x8c, 0xef, 0xea, 0x50,
    0x0, 0x0,

    /* U+0031 "1" */
    0x0, 0x0, 0x8f, 0xff, 0xf1, 0x0, 0x4d, 0xff,
    0xff, 0xf1, 0x19, 0xff, 0xff, 0xff, 0xf1, 0xaf,
    0xff, 0xff, 0xff, 0xf1, 0xaf, 0xfc, 0x3f, 0xff,
    0xf1, 0xaf, 0x70, 0xf, 0xff, 0xf1, 0x61, 0x0,
    0xf, 0xff, 0xf1, 0x0, 0x0, 0xf, 0xff, 0xf1,
    0x0, 0x0, 0xf, 0xff, 0xf1, 0x0, 0x0, 0xf,
    0xff, 0xf1, 0x0, 0x0, 0xf, 0xff, 0xf1, 0x0,
    0x0, 0xf, 0xff, 0xf1, 0x0, 0x0, 0xf, 0xff,
    0xf1, 0x0, 0x0, 0xf, 0xff, 0xf1, 0x0, 0x0,
    0xf, 0xff, 0xf1, 0x0, 0x0, 0xf, 0xff, 0xf1,
    0x0, 0x0, 0xf, 0xff, 0xf1, 0x0, 0x0, 0xf,
    0xff, 0xf1, 0x0, 0x0, 0xf, 0xff, 0xf1, 0x0,
    0x0, 0xf, 0xff, 0xf1,

    /* U+0032 "2" */
    0x0, 0x0, 0x7b, 0xdf, 0xda, 0x70, 0x0, 0x0,
    0x5, 0xef, 0xff, 0xff, 0xff, 0xe5, 0x0, 0x4,
    0xff, 0xff, 0xff, 0xff, 0xff, 0xf3, 0x1, 0xef,
    0xff, 0xd6, 0x47, 0xef, 0xff, 0xe0, 0x5f, 0xff,
    0xd0, 0x0, 0x2, 0xff, 0xff, 0x48, 0xff, 0xf6,
    0x0, 0x0, 0xa, 0xff, 0xf6, 0x34, 0x44, 0x10,
    0x0, 0x0, 0x9f, 0xff, 0x50, 0x0, 0x0, 0x0,
    0x0, 0xd, 0xff, 0xf2, 0x0, 0x0, 0x0, 0x0,
    0x7, 0xff, 0xfb, 0x0, 0x0, 0x0, 0x0, 0x5,
    0xff, 0xff, 0x20, 0x0, 0x0, 0x0, 0x5, 0xff,
    0xff, 0x50, 0x0, 0x0, 0x0, 0x7, 0xff, 0xff,
    0x70, 0x0, 0x0, 0x0, 0x8, 0xff, 0xff, 0x70,
    0x0, 0x0, 0x0, 0x9, 0xff, 0xff, 0x60, 0x0,
    0x0, 0x0, 0xa, 0xff, 0xff, 0x50, 0x0, 0x0,
    0x0, 0xb, 0xff, 0xff, 0x50, 0x0, 0x0, 0x0,
    0x1c, 0xff, 0xff, 0xa5, 0x55, 0x55, 0x55, 0x47,
    0xff, 0xff, 0xff, 0xff, 0xff, 0xff, 0xfb, 0x7f,
    0xff, 0xff, 0xff, 0xff, 0xff, 0xff, 0xb7, 0xff,
    0xff, 0xff, 0xff, 0xff, 0xff, 0xfb,

    /* U+0033 "3" */
    0x0, 0x0, 0x4a, 0xce, 0xec, 0x93, 0x0, 0x0,
    0x0, 0x2c, 0xff, 0xff, 0xff, 0xff, 0xb0, 0x0,
    0x1, 0xef, 0xff, 0xff, 0xff, 0xff, 0xfb, 0x0,
    0xb, 0xff, 0xfe, 0x85, 0x5a, 0xff, 0xff, 0x50,
    0x1f, 0xff, 0xf2, 0x0, 0x0, 0x8f, 0xff, 0x90,
    0x18, 0x88, 0x60, 0x0, 0x0, 0x3f, 0xff, 0xc0,
    0x0, 0x0, 0x0, 0x0, 0x0, 0x7f, 0xff, 0x90,
    0x0, 0x0, 0x0, 0x0, 0x27, 0xff, 0xff, 0x10,
    0x0, 0x0, 0x4, 0xff, 0xff, 0xff, 0xd3, 0x0,
    0x0, 0x0, 0x4, 0xff, 0xff, 0xf9, 0x20, 0x0,
    0x0, 0x0, 0x4, 0xff, 0xff, 0xff, 0xfa, 0x0,
    0x0, 0x0, 0x0, 0x0, 0x26, 0xef, 0xff, 0xb0,
    0x0, 0x0, 0x0, 0x0, 0x0, 0x2f, 0xff, 0xf3,
    0x0, 0x0, 0x0, 0x0, 0x0, 0xc, 0xff, 0xf7,
    0x8e, 0xee, 0x80, 0x0, 0x0, 0xd, 0xff, 0xf8,
    0x6f, 0xff, 0xf3, 0x0, 0x0, 0x6f, 0xff, 0xf5,
    0x1e, 0xff, 0xff, 0x96, 0x7b, 0xff, 0xff, 0xe0,
    0x3, 0xff, 0xff, 0xff, 0xff, 0xff, 0xff, 0x20,
    0x0, 0x4d, 0xff, 0xff, 0xff, 0xff, 0xc3, 0x0,
    0x0, 0x0, 0x5a, 0xcf, 0xec, 0xa4, 0x0, 0x0,

    /* U+0034 "4" */
    0x0, 0x0, 0x0, 0x0, 0xbf, 0xff, 0xfc, 0x0,
    0x0, 0x0, 0x0, 0x0, 0x5f, 0xff, 0xff, 0xc0,
    0x0, 0x0, 0x0, 0x0, 0x1e, 0xff, 0xff, 0xfc,
    0x0, 0x0, 0x0, 0x0, 0xa, 0xff, 0xff, 0xff,
    0xc0, 0x0, 0x0, 0x0, 0x4, 0xff, 0xfd, 0xff,
    0xfc, 0x0, 0x0, 0x0, 0x0, 0xef, 0xff, 0x3f,
    0xff, 0xc0, 0x0, 0x0, 0x0, 0x9f, 0xff, 0x71,
    0xff, 0xfc, 0x0, 0x0, 0x0, 0x3f, 0xff, 0xc0,
    0x1f, 0xff, 0xc0, 0x0, 0x0, 0xd, 0xff, 0xf2,
    0x1, 0xff, 0xfc, 0x0, 0x0, 0x7, 0xff, 0xf8,
    0x0, 0x1f, 0xff, 0xc0, 0x0, 0x2, 0xff, 0xfd,
    0x0, 0x1, 0xff, 0xfc, 0x0, 0x0, 0xcf, 0xff,
    0x30, 0x0, 0x1f, 0xff, 0xc0, 0x0, 0x6f, 0xff,
    0x90, 0x0, 0x1, 0xff, 0xfc, 0x0, 0xc, 0xff,
    0xff, 0xff, 0xff, 0xff, 0xff, 0xff, 0xf4, 0xcf,
    0xff, 0xff, 0xff, 0xff, 0xff, 0xff, 0xff, 0x4c,
    0xff, 0xff, 0xff, 0xff, 0xff, 0xff, 0xff, 0xf4,
    0x34, 0x44, 0x44, 0x44, 0x46, 0xff, 0xfd, 0x44,
    0x10, 0x0, 0x0, 0x0, 0x0, 0x2f, 0xff, 0xc0,
    0x0, 0x0, 0x0, 0x0, 0x0, 0x2, 0xff, 0xfc,
    0x0, 0x0, 0x0, 0x0, 0x0, 0x0, 0x2f, 0xff,
    0xc0, 0x0,

    /* U+0035 "5" */
    0x0, 0xff, 0xff, 0xff, 0xff, 0xff, 0xff, 0x30,
    0x1, 0xff, 0xff, 0xff, 0xff, 0xff, 0xff, 0x30,
    0x3, 0xff, 0xff, 0xff, 0xff, 0xff, 0xff, 0x30,
    0x4, 0xff, 0xf9, 0x55, 0x55, 0x55, 0x55, 0x10,
    0x6, 0xff, 0xf4, 0x0, 0x0, 0x0, 0x0, 0x0,
    0x7, 0xff, 0xf2, 0x0, 0x0, 0x0, 0x0, 0x0,
    0x9, 0xff, 0xf1, 0x0, 0x0, 0x0, 0x0, 0x0,
    0xa, 0xff, 0xf0, 0x7c, 0xff, 0xc8, 0x0, 0x0,
    0xc, 0xff, 0xeb, 0xff, 0xff, 0xff, 0xe3, 0x0,
    0xd, 0xff, 0xff, 0xff, 0xff, 0xff, 0xfe, 0x10,
    0xf, 0xff, 0xfb, 0x41, 0x27, 0xff, 0xff, 0xa0,
    0x9, 0x99, 0x80, 0x0, 0x0, 0x4f, 0xff, 0xf0,
    0x0, 0x0, 0x0, 0x0, 0x0, 0xd, 0xff, 0xf2,
    0x0, 0x0, 0x0, 0x0, 0x0, 0xb, 0xff, 0xf4,
    0x3b, 0xbb, 0x80, 0x0, 0x0, 0xe, 0xff, 0xf3,
    0x3f, 0xff, 0xf2, 0x0, 0x0, 0x7f, 0xff, 0xe0,
    0xc, 0xff, 0xfe, 0x74, 0x5a, 0xff, 0xff, 0x60,
    0x2, 0xef, 0xff, 0xff, 0xff, 0xff, 0xfb, 0x0,
    0x0, 0x3c, 0xff, 0xff, 0xff, 0xff, 0x80, 0x0,
    0x0, 0x0, 0x5a, 0xcf, 0xeb, 0x92, 0x0, 0x0,

    /* U+0036 "6" */
    0x0, 0x0, 0x7, 0xce, 0xfd, 0xa5, 0x0, 0x0,
    0x0, 0x4, 0xef, 0xff, 0xff, 0xff, 0xc2, 0x0,
    0x0, 0x4f, 0xff, 0xff, 0xff, 0xff, 0xfe, 0x10,
    0x1, 0xef, 0xff, 0xfb, 0x8b, 0xff, 0xff, 0xb0,
    0x9, 0xff, 0xfe, 0x20, 0x0, 0x4f, 0xff, 0xf1,
    0xf, 0xff, 0xf3, 0x0, 0x0, 0x8, 0xbb, 0xb4,
    0x4f, 0xff, 0xc0, 0x0, 0x0, 0x0, 0x0, 0x0,
    0x7f, 0xff, 0x80, 0x3a, 0xef, 0xc9, 0x30, 0x0,
    0xaf, 0xff, 0x68, 0xff, 0xff, 0xff, 0xf8, 0x0,
    0xbf, 0xff, 0xaf, 0xff, 0xff, 0xff, 0xff, 0x60,
    0xbf, 0xff, 0xff, 0x71, 0x3, 0xcf, 0xff, 0xf1,
    0xbf, 0xff, 0xf5, 0x0, 0x0, 0xd, 0xff, 0xf5,
    0x9f, 0xff, 0xd0, 0x0, 0x0, 0x7, 0xff, 0xf8,
    0x7f, 0xff, 0xb0, 0x0, 0x0, 0x5, 0xff, 0xfa,
    0x3f, 0xff, 0xe0, 0x0, 0x0, 0x8, 0xff, 0xf9,
    0xd, 0xff, 0xf8, 0x0, 0x0, 0x2f, 0xff, 0xf4,
    0x5, 0xff, 0xff, 0xb5, 0x48, 0xff, 0xff, 0xc0,
    0x0, 0xaf, 0xff, 0xff, 0xff, 0xff, 0xfe, 0x10,
    0x0, 0x8, 0xff, 0xff, 0xff, 0xff, 0xc2, 0x0,
    0x0, 0x0, 0x29, 0xdf, 0xfc, 0xa5, 0x0, 0x0,

    /* U+0037 "7" */
    0xf, 0xff, 0xff, 0xff, 0xff, 0xff, 0xff, 0xe0,
    0xff, 0xff, 0xff, 0xff, 0xff, 0xff, 0xfe, 0xf,
    0xff, 0xff, 0xff, 0xff, 0xff, 0xff, 0xe0, 0x55,
    0x55, 0x55, 0x55, 0x5a, 0xff, 0xfd, 0x0, 0x0,
    0x0, 0x0, 0x0, 0xdf, 0xff, 0x60, 0x0, 0x0,
    0x0, 0x0, 0x5f, 0xff, 0xd0, 0x0, 0x0, 0x0,
    0x0, 0xd, 0xff, 0xf6, 0x0, 0x0, 0x0, 0x0,
    0x5, 0xff, 0xfd, 0x0, 0x0, 0x0, 0x0, 0x0,
    0xdf, 0xff, 0x60, 0x0, 0x0, 0x0, 0x0, 0x5f,
    0xff, 0xd0, 0x0, 0x0, 0x0, 0x0, 0xd, 0xff,
    0xf5, 0x0, 0x0, 0x0, 0x0, 0x6, 0xff, 0xfd,
    0x0, 0x0, 0x0, 0x0, 0x0, 0xdf, 0xff, 0x50,
    0x0, 0x0, 0x0, 0x0, 0x6f, 0xff, 0xd0, 0x0,
    0x0, 0x0, 0x0, 0xd, 0xff, 0xf5, 0x0, 0x0,
    0x0, 0x0, 0x6, 0xff, 0xfd, 0x0, 0x0, 0x0,
    0x0, 0x0, 0xef, 0xff, 0x50, 0x0, 0x0, 0x0,
    0x0, 0x6f, 0xff, 0xd0, 0x0, 0x0, 0x0, 0x0,
    0xe, 0xff, 0xf5, 0x0, 0x0, 0x0, 0x0, 0x6,
    0xff, 0xfd, 0x0, 0x0, 0x0, 0x0,

    /* U+0038 "8" */
    0x0, 0x0, 0x4a, 0xce, 0xec, 0xa4, 0x0, 0x0,
    0x0, 0x2c, 0xff, 0xff, 0xff, 0xff, 0xc2, 0x0,
    0x1, 0xdf, 0xff, 0xff, 0xff, 0xff, 0xfd, 0x10,
    0xa, 0xff, 0xff, 0x62, 0x27, 0xff, 0xff, 0xa0,
    0xe, 0xff, 0xf5, 0x0, 0x0, 0x5f, 0xff, 0xf0,
    0xe, 0xff, 0xf1, 0x0, 0x0, 0xf, 0xff, 0xf0,
    0xb, 0xff, 0xf4, 0x0, 0x0, 0x3f, 0xff, 0xb0,
    0x3, 0xff, 0xfd, 0x30, 0x3, 0xdf, 0xff, 0x30,
    0x0, 0x5e, 0xff, 0xff, 0xff, 0xff, 0xf5, 0x0,
    0x0, 0x2, 0xcf, 0xff, 0xff, 0xfc, 0x20, 0x0,
    0x0, 0x9f, 0xff, 0xff, 0xff, 0xff, 0xf9, 0x0,
    0xb, 0xff, 0xfd, 0x51, 0x15, 0xdf, 0xff, 0xb0,
    0x5f, 0xff, 0xe1, 0x0, 0x0, 0x1e, 0xff, 0xf4,
    0x9f, 0xff, 0xa0, 0x0, 0x0, 0xa, 0xff, 0xf9,
    0xbf, 0xff, 0xa0, 0x0, 0x0, 0xa, 0xff, 0xfb,
    0x9f, 0xff, 0xe1, 0x0, 0x0, 0x1e, 0xff, 0xf9,
    0x3f, 0xff, 0xfe, 0x63, 0x36, 0xef, 0xff, 0xf3,
    0x6, 0xff, 0xff, 0xff, 0xff, 0xff, 0xff, 0x60,
    0x0, 0x6e, 0xff, 0xff, 0xff, 0xff, 0xe6, 0x0,
    0x0, 0x0, 0x6a, 0xce, 0xec, 0xa6, 0x0, 0x0,

    /* U+0039 "9" */
    0x0, 0x0, 0x5b, 0xef, 0xfd, 0x92, 0x0, 0x0,
    0x0, 0x2c, 0xff, 0xff, 0xff, 0xff, 0x80, 0x0,
    0x2, 0xff, 0xff, 0xff, 0xff, 0xff, 0xfa, 0x0,
    0xc, 0xff, 0xff, 0x74, 0x5a, 0xff, 0xff, 0x50,
    0x5f, 0xff, 0xf2, 0x0, 0x0, 0x8f, 0xff, 0xd0,
    0x9f, 0xff, 0x80, 0x0, 0x0, 0xe, 0xff, 0xf3,
    0xaf, 0xff, 0x50, 0x0, 0x0, 0xb, 0xff, 0xf7,
    0x9f, 0xff, 0x70, 0x0, 0x0, 0xd, 0xff, 0xf9,
    0x6f, 0xff, 0xe0, 0x0, 0x0, 0x5f, 0xff, 0xfb,
    0x1f, 0xff, 0xfd, 0x40, 0x27, 0xff, 0xff, 0xfb,
    0x6, 0xff, 0xff, 0xff, 0xff, 0xfa, 0xff, 0xfb,
    0x0, 0x8f, 0xff, 0xff, 0xff, 0x86, 0xff, 0xfa,
    0x0, 0x3, 0x9c, 0xfe, 0xa3, 0x7, 0xff, 0xf7,
    0x0, 0x0, 0x0, 0x0, 0x0, 0xc, 0xff, 0xf4,
    0x4c, 0xcc, 0x80, 0x0, 0x0, 0x2f, 0xff, 0xf0,
    0x1f, 0xff, 0xf4, 0x0, 0x2, 0xef, 0xff, 0x90,
    0xb, 0xff, 0xff, 0xb8, 0xbf, 0xff, 0xfe, 0x10,
    0x1, 0xef, 0xff, 0xff, 0xff, 0xff, 0xf4, 0x0,
    0x0, 0x2c, 0xff, 0xff, 0xff, 0xfe, 0x40, 0x0,
    0x0, 0x0, 0x5a, 0xdf, 0xec, 0x71, 0x0, 0x0,

    /* U+003A ":" */
    0x6, 0xee, 0x50, 0x2f, 0xff, 0xf1, 0x4f, 0xff,
    0xf2, 0xd, 0xff, 0xc0, 0x1, 0x76, 0x0, 0x0,
    0x0, 0x0, 0x0, 0x0, 0x0, 0x0, 0x0, 0x0,
    0x0, 0x0, 0x0, 0x0, 0x0, 0x0, 0x1, 0x77,
    0x0, 0xe, 0xff, 0xc0, 0x4f, 0xff, 0xf2, 0x2f,
    0xff, 0xf1, 0x6, 0xee, 0x50,

    /* U+003B ";" */
    0x0, 0x6e, 0xe5, 0x0, 0x2f, 0xff, 0xf1, 0x3,
    0xff, 0xff, 0x30, 0xd, 0xff, 0xc0, 0x0, 0x17,
    0x70, 0x0, 0x0, 0x0, 0x0, 0x0, 0x0, 0x0,
    0x0, 0x0, 0x0, 0x0, 0x0, 0x0, 0x0, 0x0,
    0x0, 0x0, 0x0, 0x0, 0x0, 0x0, 0x0, 0x0,
    0x0, 0x0, 0x0, 0x0, 0x0, 0x0, 0xb, 0xcc,
    0xa0, 0x1, 0xff, 0xf9, 0x0, 0x4f, 0xff, 0x40,
    0x7, 0xff, 0xf0, 0x0, 0xaf, 0xfb, 0x0, 0xd,
    0xff, 0x60, 0x0, 0xff, 0xf1, 0x0, 0x2f, 0xfc,
    0x0, 0x0,

    /* U+003C "<" */
    0x0, 0x0, 0x0, 0x0, 0x0, 0x0, 0x4, 0x0,
    0x0, 0x0, 0x0, 0x0, 0x17, 0xee, 0x0, 0x0,
    0x0, 0x0, 0x29, 0xff, 0xfe, 0x0, 0x0, 0x0,
    0x3b, 0xff, 0xff, 0xfe, 0x0, 0x0, 0x5c, 0xff,
    0xff, 0xff, 0xe7, 0x1, 0x7e, 0xff, 0xff, 0xff,
    0xb4, 0x0, 0x6f, 0xff, 0xff, 0xfe, 0x81, 0x0,
    0x0, 0x9f, 0xff, 0xfb, 0x40, 0x0, 0x0, 0x0,
    0x9f, 0xff, 0xf8, 0x10, 0x0, 0x0, 0x0, 0x9f,
    0xff, 0xff, 0xfb, 0x40, 0x0, 0x0, 0x4, 0xbf,
    0xff, 0xff, 0xfe, 0x71, 0x0, 0x0, 0x2, 0x9f,
    0xff, 0xff, 0xff, 0xa4, 0x0, 0x0, 0x1, 0x7e,
    0xff, 0xff, 0xfe, 0x0, 0x0, 0x0, 0x0, 0x5c,
    0xff, 0xfe, 0x0, 0x0, 0x0, 0x0, 0x0, 0x3a,
    0xfe, 0x0, 0x0, 0x0, 0x0, 0x0, 0x0, 0x28,

    /* U+003D "=" */
    0x7f, 0xff, 0xff, 0xff, 0xff, 0xff, 0xfc, 0x7f,
    0xff, 0xff, 0xff, 0xff, 0xff, 0xfc, 0x7f, 0xff,
    0xff, 0xff, 0xff, 0xff, 0xfc, 0x25, 0x55, 0x55,
    0x55, 0x55, 0x55, 0x54, 0x0, 0x0, 0x0, 0x0,
    0x0, 0x0, 0x0, 0x0, 0x0, 0x0, 0x0, 0x0,
    0x0, 0x0, 0x25, 0x55, 0x55, 0x55, 0x55, 0x55,
    0x54, 0x7f, 0xff, 0xff, 0xff, 0xff, 0xff, 0xfc,
    0x7f, 0xff, 0xff, 0xff, 0xff, 0xff, 0xfc, 0x7f,
    0xff, 0xff, 0xff, 0xff, 0xff, 0xfc,

    /* U+003E ">" */
    0x31, 0x0, 0x0, 0x0, 0x0, 0x0, 0x0, 0x9f,
    0x92, 0x0, 0x0, 0x0, 0x0, 0x0, 0x9f, 0xff,
    0xb4, 0x0, 0x0, 0x0, 0x0, 0x9f, 0xff, 0xff,
    0xd6, 0x0, 0x0, 0x0, 0x4c, 0xff, 0xff, 0xff,
    0xe8, 0x10, 0x0, 0x0, 0x29, 0xef, 0xff, 0xff,
    0xf9, 0x20, 0x0, 0x0, 0x5, 0xcf, 0xff, 0xff,
    0xfb, 0x0, 0x0, 0x0, 0x2, 0x9f, 0xff, 0xfe,
    0x0, 0x0, 0x0, 0x0, 0x6d, 0xff, 0xfe, 0x0,
    0x0, 0x2, 0x9f, 0xff, 0xff, 0xfe, 0x0, 0x5,
    0xcf, 0xff, 0xff, 0xfd, 0x60, 0x28, 0xef, 0xff,
    0xff, 0xfb, 0x40, 0x0, 0x9f, 0xff, 0xff, 0xf9,
    0x20, 0x0, 0x0, 0x9f, 0xff, 0xe7, 0x10, 0x0,
    0x0, 0x0, 0x9f, 0xd6, 0x0, 0x0, 0x0, 0x0,
    0x0, 0x64, 0x0, 0x0, 0x0, 0x0, 0x0, 0x0,

    /* U+003F "?" */
    0x0, 0x0, 0x7b, 0xdf, 0xdb, 0x60, 0x0, 0x0,
    0x3e, 0xff, 0xff, 0xff, 0xfd, 0x30, 0x1, 0xef,
    0xff, 0xff, 0xff, 0xff, 0xe1, 0x9, 0xff, 0xfe,
    0x64, 0x8f, 0xff, 0xf8, 0xc, 0xff, 0xf2, 0x0,
    0x8, 0xff, 0xfb, 0x9, 0x99, 0x80, 0x0, 0x5,
    0xff, 0xfd, 0x0, 0x0, 0x0, 0x0, 0x9, 0xff,
    0xfb, 0x0, 0x0, 0x0, 0x0, 0x7f, 0xff, 0xf5,
    0x0, 0x0, 0x0, 0x1a, 0xff, 0xff, 0xa0, 0x0,
    0x0, 0x0, 0xcf, 0xff, 0xf8, 0x0, 0x0, 0x0,
    0x6, 0xff, 0xfe, 0x30, 0x0, 0x0, 0x0, 0xb,
    0xff, 0xf3, 0x0, 0x0, 0x0, 0x0, 0xd, 0xff,
    0xd0, 0x0, 0x0, 0x0, 0x0, 0xc, 0xdd, 0x90,
    0x0, 0x0, 0x0, 0x0, 0x0, 0x0, 0x0, 0x0,
    0x0, 0x0, 0x0, 0x1, 0x77, 0x0, 0x0, 0x0,
    0x0, 0x0, 0xe, 0xff, 0xc0, 0x0, 0x0, 0x0,
    0x0, 0x4f, 0xff, 0xf2, 0x0, 0x0, 0x0, 0x0,
    0x2f, 0xff, 0xf1, 0x0, 0x0, 0x0, 0x0, 0x6,
    0xee, 0x50, 0x0, 0x0,

    /* U+0040 "@" */
    0x0, 0x0, 0x0, 0x15, 0xad, 0xef, 0xec, 0x84,
    0x0, 0x0, 0x0, 0x0, 0x0, 0x0, 0x7f, 0xff,
    0xff, 0xff, 0xff, 0xfd, 0x50, 0x0, 0x0, 0x0,
    0x1, 0xcf, 0xff, 0xff, 0xff, 0xff, 0xff, 0xff,
    0x90, 0x0, 0x0, 0x1, 0xef, 0xff, 0xc6, 0x10,
    0x0, 0x37, 0xff, 0xff, 0xa0, 0x0, 0x0, 0xcf,
    0xff, 0x70, 0x0, 0x0, 0x0, 0x1, 0xaf, 0xff,
    0x70, 0x0, 0x5f, 0xff, 0x30, 0x0, 0x0, 0x0,
    0x0, 0x0, 0x7f, 0xff, 0x10, 0xd, 0xff, 0x90,
    0x1, 0x9d, 0xfb, 0x28, 0xbb, 0x20, 0xbf, 0xf7,
    0x2, 0xff, 0xe0, 0x1, 0xef, 0xff, 0xfd, 0xcf,
    0xf3, 0x3, 0xff, 0xc0, 0x7f, 0xf9, 0x0, 0x9f,
    0xff, 0xed, 0xff, 0xff, 0x30, 0xe, 0xff, 0x9,
    0xff, 0x50, 0xe, 0xff, 0xc0, 0x4, 0xff, 0xf3,
    0x0, 0xcf, 0xf1, 0xaf, 0xf4, 0x1, 0xff, 0xf5,
    0x0, 0xc, 0xff, 0x30, 0xb, 0xff, 0x2a, 0xff,
    0x40, 0x2f, 0xff, 0x40, 0x0, 0xbf, 0xf3, 0x0,
    0xdf, 0xf0, 0x9f, 0xf5, 0x0, 0xff, 0xf6, 0x0,
    0xd, 0xff, 0x30, 0x1f, 0xfd, 0x7, 0xff, 0x80,
    0xd, 0xff, 0xe3, 0x18, 0xff, 0xf8, 0x1a, 0xff,
    0x80, 0x4f, 0xfd, 0x0, 0x5f, 0xff, 0xff, 0xfe,
    0xff, 0xff, 0xff, 0xe0, 0x0, 0xff, 0xf6, 0x0,
    0x8f, 0xff, 0xf8, 0x2e, 0xff, 0xff, 0xd2, 0x0,
    0x8, 0xff, 0xe1, 0x0, 0x26, 0x84, 0x0, 0x5,
    0x87, 0x40, 0x0, 0x0, 0x1e, 0xff, 0xd2, 0x0,
    0x0, 0x0, 0x0, 0x0, 0x0, 0x0, 0x0, 0x0,
    0x4f, 0xff, 0xf9, 0x40, 0x0, 0x0, 0x25, 0x10,
    0x0, 0x0, 0x0, 0x0, 0x4f, 0xff, 0xff, 0xff,
    0xff, 0xff, 0xf3, 0x0, 0x0, 0x0, 0x0, 0x0,
    0x2a, 0xff, 0xff, 0xff, 0xff, 0xff, 0x30, 0x0,
    0x0, 0x0, 0x0, 0x0, 0x2, 0x7b, 0xdf, 0xfe,
    0xda, 0x71, 0x0, 0x0, 0x0,

    /* U+0041 "A" */
    0x0, 0x0, 0x0, 0xc, 0xff, 0xff, 0xd0, 0x0,
    0x0, 0x0, 0x0, 0x0, 0x0, 0x1f, 0xff, 0xff,
    0xf3, 0x0, 0x0, 0x0, 0x0, 0x0, 0x0, 0x7f,
    0xff, 0xff, 0xf8, 0x0, 0x0, 0x0, 0x0, 0x0,
    0x0, 0xcf, 0xff, 0xff, 0xfe, 0x0, 0x0, 0x0,
    0x0, 0x0, 0x2, 0xff, 0xff, 0xef, 0xff, 0x30,
    0x0, 0x0, 0x0, 0x0, 0x7, 0xff, 0xfa, 0x8f,
    0xff, 0x90, 0x0, 0x0, 0x0, 0x0, 0xd, 0xff,
    0xf4, 0x3f, 0xff, 0xe0, 0x0, 0x0, 0x0, 0x0,
    0x2f, 0xff, 0xf0, 0xd, 0xff, 0xf4, 0x0, 0x0,
    0x0, 0x0, 0x8f, 0xff, 0xa0, 0x8, 0xff, 0xf9,
    0x0, 0x0, 0x0, 0x0, 0xdf, 0xff, 0x50, 0x3,
    0xff, 0xfe, 0x0, 0x0, 0x0, 0x3, 0xff, 0xff,
    0x0, 0x0, 0xef, 0xff, 0x40, 0x0, 0x0, 0x8,
    0xff, 0xfa, 0x0, 0x0, 0x8f, 0xff, 0x90, 0x0,
    0x0, 0xe, 0xff, 0xff, 0xff, 0xff, 0xff, 0xff,
    0xe0, 0x0, 0x0, 0x3f, 0xff, 0xff, 0xff, 0xff,
    0xff, 0xff, 0xf4, 0x0, 0x0, 0x9f, 0xff, 0xff,
    0xff, 0xff, 0xff, 0xff, 0xfa, 0x0, 0x0, 0xef,
    0xff, 0x72, 0x22, 0x22, 0x26, 0xff, 0xff, 0x0,
    0x4, 0xff, 0xff, 0x10, 0x0, 0x0, 0x0, 0xef,
    0xff, 0x50, 0x9, 0xff, 0xfc, 0x0, 0x0, 0x0,
    0x0, 0xaf, 0xff, 0xa0, 0xe, 0xff, 0xf7, 0x0,
    0x0, 0x0, 0x0, 0x5f, 0xff, 0xf0, 0x4f, 0xff,
    0xf2, 0x0, 0x0, 0x0, 0x0, 0xf, 0xff, 0xf5,

    /* U+0042 "B" */
    0x5f, 0xff, 0xff, 0xff, 0xfd, 0xb8, 0x10, 0x0,
    0x5f, 0xff, 0xff, 0xff, 0xff, 0xff, 0xf7, 0x0,
    0x5f, 0xff, 0xff, 0xff, 0xff, 0xff, 0xff, 0x40,
    0x5f, 0xff, 0xd5, 0x55, 0x6a, 0xff, 0xff, 0xc0,
    0x5f, 0xff, 0xc0, 0x0, 0x0, 0x7f, 0xff, 0xf0,
    0x5f, 0xff, 0xc0, 0x0, 0x0, 0x1f, 0xff, 0xf0,
    0x5f, 0xff, 0xc0, 0x0, 0x0, 0x3f, 0xff, 0xd0,
    0x5f, 0xff, 0xc0, 0x0, 0x2, 0xdf, 0xff, 0x50,
    0x5f, 0xff, 0xfc, 0xcc, 0xdf, 0xff, 0xe5, 0x0,
    0x5f, 0xff, 0xff, 0xff, 0xff, 0xfd, 0x50, 0x0,
    0x5f, 0xff, 0xff, 0xff, 0xff, 0xff, 0xfe, 0x40,
    0x5f, 0xff, 0xc0, 0x0, 0x3, 0xbf, 0xff, 0xe1,
    0x5f, 0xff, 0xc0, 0x0, 0x0, 0xc, 0xff, 0xf8,
    0x5f, 0xff, 0xc0, 0x0, 0x0, 0x7, 0xff, 0xfc,
    0x5f, 0xff, 0xc0, 0x0, 0x0, 0x7, 0xff, 0xfd,
    0x5f, 0xff, 0xc0, 0x0, 0x0, 0xd, 0xff, 0xfa,
    0x5f, 0xff, 0xd5, 0x55, 0x68, 0xef, 0xff, 0xf7,
    0x5f, 0xff, 0xff, 0xff, 0xff, 0xff, 0xff, 0xc0,
    0x5f, 0xff, 0xff, 0xff, 0xff, 0xff, 0xfc, 0x20,
    0x5f, 0xff, 0xff, 0xff, 0xff, 0xca, 0x50, 0x0,

    /* U+0043 "C" */
    0x0, 0x0, 0x2, 0x8c, 0xef, 0xdb, 0x81, 0x0,
    0x0, 0x0, 0x0, 0x9, 0xff, 0xff, 0xff, 0xff,
    0xf8, 0x10, 0x0, 0x0, 0x1c, 0xff, 0xff, 0xff,
    0xff, 0xff, 0xfc, 0x0, 0x0, 0xb, 0xff, 0xff,
    0xfd, 0xac, 0xff, 0xff, 0xfa, 0x0, 0x6, 0xff,
    0xff, 0xc1, 0x0, 0x1, 0xaf, 0xff, 0xf4, 0x0,
    0xdf, 0xff, 0xc0, 0x0, 0x0, 0x0, 0xbf, 0xff,
    0xb0, 0x3f, 0xff, 0xf3, 0x0, 0x0, 0x0, 0x4,
    0xff, 0xfe, 0x7, 0xff, 0xfd, 0x0, 0x0, 0x0,
    0x0, 0x0, 0x0, 0x0, 0x9f, 0xff, 0xa0, 0x0,
    0x0, 0x0, 0x0, 0x0, 0x0, 0xa, 0xff, 0xf8,
    0x0, 0x0, 0x0, 0x0, 0x0, 0x0, 0x0, 0xaf,
    0xff, 0x80, 0x0, 0x0, 0x0, 0x0, 0x0, 0x0,
    0x9, 0xff, 0xfa, 0x0, 0x0, 0x0, 0x0, 0x0,
    0x0, 0x0, 0x7f, 0xff, 0xd0, 0x0, 0x0, 0x0,
    0x0, 0x0, 0x0, 0x3, 0xff, 0xff, 0x30, 0x0,
    0x0, 0x0, 0x4e, 0xee, 0xd0, 0xe, 0xff, 0xfb,
    0x0, 0x0, 0x0, 0xb, 0xff, 0xf9, 0x0, 0x6f,
    0xff, 0xfc, 0x10, 0x0, 0x19, 0xff, 0xff, 0x40,
    0x0, 0xcf, 0xff, 0xff, 0xda, 0xcf, 0xff, 0xff,
    0x90, 0x0, 0x1, 0xdf, 0xff, 0xff, 0xff, 0xff,
    0xff, 0xc0, 0x0, 0x0, 0x0, 0xaf, 0xff, 0xff,
    0xff, 0xff, 0x70, 0x0, 0x0, 0x0, 0x0, 0x28,
    0xce, 0xfe, 0xc8, 0x10, 0x0, 0x0,

    /* U+0044 "D" */
    0x5f, 0xff, 0xff, 0xff, 0xed, 0xa5, 0x0, 0x0,
    0x0, 0x5f, 0xff, 0xff, 0xff, 0xff, 0xff, 0xe5,
    0x0, 0x0, 0x5f, 0xff, 0xff, 0xff, 0xff, 0xff,
    0xff, 0x80, 0x0, 0x5f, 0xff, 0xe8, 0x88, 0xad,
    0xff, 0xff, 0xf6, 0x0, 0x5f, 0xff, 0xc0, 0x0,
    0x0, 0x3d, 0xff, 0xff, 0x10, 0x5f, 0xff, 0xc0,
    0x0, 0x0, 0x1, 0xef, 0xff, 0x80, 0x5f, 0xff,
    0xc0, 0x0, 0x0, 0x0, 0x7f, 0xff, 0xd0, 0x5f,
    0xff, 0xc0, 0x0, 0x0, 0x0, 0x1f, 0xff, 0xf1,
    0x5f, 0xff, 0xc0, 0x0, 0x0, 0x0, 0xf, 0xff,
    0xf3, 0x5f, 0xff, 0xc0, 0x0, 0x0, 0x0, 0xd,
    0xff, 0xf4, 0x5f, 0xff, 0xc0, 0x0, 0x0, 0x0,
    0xd, 0xff, 0xf4, 0x5f, 0xff, 0xc0, 0x0, 0x0,
    0x0, 0xf, 0xff, 0xf3, 0x5f, 0xff, 0xc0, 0x0,
    0x0, 0x0, 0x1f, 0xff, 0xf1, 0x5f, 0xff, 0xc0,
    0x0, 0x0, 0x0, 0x7f, 0xff, 0xd0, 0x5f, 0xff,
    0xc0, 0x0, 0x0, 0x1, 0xff, 0xff, 0x80, 0x5f,
    0xff, 0xc0, 0x0, 0x0, 0x4d, 0xff, 0xff, 0x10,
    0x5f, 0xff, 0xe8, 0x88, 0xad, 0xff, 0xff, 0xf6,
    0x0, 0x5f, 0xff, 0xff, 0xff, 0xff, 0xff, 0xff,
    0x80, 0x0, 0x5f, 0xff, 0xff, 0xff, 0xff, 0xff,
    0xe5, 0x0, 0x0, 0x5f, 0xff, 0xff, 0xff, 0xed,
    0xa5, 0x0, 0x0, 0x0,

    /* U+0045 "E" */
    0x5f, 0xff, 0xff, 0xff, 0xff, 0xff, 0xff, 0x5f,
    0xff, 0xff, 0xff, 0xff, 0xff, 0xff, 0x5f, 0xff,
    0xff, 0xff, 0xff, 0xff, 0xff, 0x5f, 0xff, 0xd5,
    0x55, 0x55, 0x55, 0x55, 0x5f, 0xff, 0xc0, 0x0,
    0x0, 0x0, 0x0, 0x5f, 0xff, 0xc0, 0x0, 0x0,
    0x0, 0x0, 0x5f, 0xff, 0xc0, 0x0, 0x0, 0x0,
    0x0, 0x5f, 0xff, 0xc0, 0x0, 0x0, 0x0, 0x0,
    0x5f, 0xff, 0xd6, 0x66, 0x66, 0x66, 0x61, 0x5f,
    0xff, 0xff, 0xff, 0xff, 0xff, 0xf4, 0x5f, 0xff,
    0xff, 0xff, 0xff, 0xff, 0xf4, 0x5f, 0xff, 0xff,
    0xff, 0xff, 0xff, 0xf4, 0x5f, 0xff, 0xc0, 0x0,
    0x0, 0x0, 0x0, 0x5f, 0xff, 0xc0, 0x0, 0x0,
    0x0, 0x0, 0x5f, 0xff, 0xc0, 0x0, 0x0, 0x0,
    0x0, 0x5f, 0xff, 0xc0, 0x0, 0x0, 0x0, 0x0,
    0x5f, 0xff, 0xd5, 0x55, 0x55, 0x55, 0x55, 0x5f,
    0xff, 0xff, 0xff, 0xff, 0xff, 0xff, 0x5f, 0xff,
    0xff, 0xff, 0xff, 0xff, 0xff, 0x5f, 0xff, 0xff,
    0xff, 0xff, 0xff, 0xff,

    /* U+0046 "F" */
    0x5f, 0xff, 0xff, 0xff, 0xff, 0xff, 0xfb, 0x5f,
    0xff, 0xff, 0xff, 0xff, 0xff, 0xfb, 0x5f, 0xff,
    0xff, 0xff, 0xff, 0xff, 0xfb, 0x5f, 0xff, 0xd5,
    0x55, 0x55, 0x55, 0x54, 0x5f, 0xff, 0xc0, 0x0,
    0x0, 0x0, 0x0, 0x5f, 0xff, 0xc0, 0x0, 0x0,
    0x0, 0x0, 0x5f, 0xff, 0xc0, 0x0, 0x0, 0x0,
    0x0, 0x5f, 0xff, 0xc0, 0x0, 0x0, 0x0, 0x0,
    0x5f, 0xff, 0xd6, 0x66, 0x66, 0x66, 0x50, 0x5f,
    0xff, 0xff, 0xff, 0xff, 0xff, 0xd0, 0x5f, 0xff,
    0xff, 0xff, 0xff, 0xff, 0xd0, 0x5f, 0xff, 0xff,
    0xff, 0xff, 0xff, 0xd0, 0x5f, 0xff, 0xc0, 0x0,
    0x0, 0x0, 0x0, 0x5f, 0xff, 0xc0, 0x0, 0x0,
    0x0, 0x0, 0x5f, 0xff, 0xc0, 0x0, 0x0, 0x0,
    0x0, 0x5f, 0xff, 0xc0, 0x0, 0x0, 0x0, 0x0,
    0x5f, 0xff, 0xc0, 0x0, 0x0, 0x0, 0x0, 0x5f,
    0xff, 0xc0, 0x0, 0x0, 0x0, 0x0, 0x5f, 0xff,
    0xc0, 0x0, 0x0, 0x0, 0x0, 0x5f, 0xff, 0xc0,
    0x0, 0x0, 0x0, 0x0,

    /* U+0047 "G" */
    0x0, 0x0, 0x2, 0x7c, 0xef, 0xdb, 0x81, 0x0,
    0x0, 0x0, 0x0, 0x9, 0xff, 0xff, 0xff, 0xff,
    0xf9, 0x10, 0x0, 0x0, 0x1c, 0xff, 0xff, 0xff,
    0xff, 0xff, 0xfd, 0x10, 0x0, 0xb, 0xff, 0xff,
    0xfd, 0xab, 0xff, 0xff, 0xfc, 0x0, 0x6, 0xff,
    0xff, 0xc2, 0x0, 0x0, 0x8f, 0xff, 0xf6, 0x0,
    0xdf, 0xff, 0xc0, 0x0, 0x0, 0x0, 0xaf, 0xff,
    0xc0, 0x3f, 0xff, 0xf3, 0x0, 0x0, 0x0, 0x1,
    0x55, 0x55, 0x7, 0xff, 0xfd, 0x0, 0x0, 0x0,
    0x0, 0x0, 0x0, 0x0, 0x9f, 0xff, 0xa0, 0x0,
    0x0, 0x0, 0x0, 0x0, 0x0, 0xa, 0xff, 0xf8,
    0x0, 0x0, 0x1f, 0xff, 0xff, 0xff, 0xf2, 0xaf,
    0xff, 0x80, 0x0, 0x1, 0xff, 0xff, 0xff, 0xff,
    0x29, 0xff, 0xfa, 0x0, 0x0, 0x1f, 0xff, 0xff,
    0xff, 0xf2, 0x7f, 0xff, 0xd0, 0x0, 0x0, 0x11,
    0x11, 0xef, 0xff, 0x13, 0xff, 0xff, 0x30, 0x0,
    0x0, 0x0, 0x1f, 0xff, 0xf0, 0xe, 0xff, 0xfc,
    0x0, 0x0, 0x0, 0x8, 0xff, 0xfb, 0x0, 0x6f,
    0xff, 0xfc, 0x20, 0x0, 0x8, 0xff, 0xff, 0x40,
    0x0, 0xcf, 0xff, 0xff, 0xda, 0xce, 0xff, 0xff,
    0xb0, 0x0, 0x1, 0xdf, 0xff, 0xff, 0xff, 0xff,
    0xff, 0xd1, 0x0, 0x0, 0x0, 0x9f, 0xff, 0xff,
    0xff, 0xff, 0xa1, 0x0, 0x0, 0x0, 0x0, 0x28,
    0xce, 0xfe, 0xd9, 0x30, 0x0, 0x0,

    /* U+0048 "H" */
    0x5f, 0xff, 0xc0, 0x0, 0x0, 0x0, 0xa, 0xff,
    0xf7, 0x5f, 0xff, 0xc0, 0x0, 0x0, 0x0, 0xa,
    0xff, 0xf7, 0x5f, 0xff, 0xc0, 0x0, 0x0, 0x0,
    0xa, 0xff, 0xf7, 0x5f, 0xff, 0xc0, 0x0, 0x0,
    0x0, 0xa, 0xff, 0xf7, 0x5f, 0xff, 0xc0, 0x0,
    0x0, 0x0, 0xa, 0xff, 0xf7, 0x5f, 0xff, 0xc0,
    0x0, 0x0, 0x0, 0xa, 0xff, 0xf7, 0x5f, 0xff,
    0xc0, 0x0, 0x0, 0x0, 0xa, 0xff, 0xf7, 0x5f,
    0xff, 0xc0, 0x0, 0x0, 0x0, 0xa, 0xff, 0xf7,
    0x5f, 0xff, 0xd6, 0x66, 0x66, 0x66, 0x6c, 0xff,
    0xf7, 0x5f, 0xff, 0xff, 0xff, 0xff, 0xff, 0xff,
    0xff, 0xf7, 0x5f, 0xff, 0xff, 0xff, 0xff, 0xff,
    0xff, 0xff, 0xf7, 0x5f, 0xff, 0xff, 0xff, 0xff,
    0xff, 0xff, 0xff, 0xf7, 0x5f, 0xff, 0xc0, 0x0,
    0x0, 0x0, 0xa, 0xff, 0xf7, 0x5f, 0xff, 0xc0,
    0x0, 0x0, 0x0, 0xa, 0xff, 0xf7, 0x5f, 0xff,
    0xc0, 0x0, 0x0, 0x0, 0xa, 0xff, 0xf7, 0x5f,
    0xff, 0xc0, 0x0, 0x0, 0x0, 0xa, 0xff, 0xf7,
    0x5f, 0xff, 0xc0, 0x0, 0x0, 0x0, 0xa, 0xff,
    0xf7, 0x5f, 0xff, 0xc0, 0x0, 0x0, 0x0, 0xa,
    0xff, 0xf7, 0x5f, 0xff, 0xc0, 0x0, 0x0, 0x0,
    0xa, 0xff, 0xf7, 0x5f, 0xff, 0xc0, 0x0, 0x0,
    0x0, 0xa, 0xff, 0xf7,

    /* U+0049 "I" */
    0x5f, 0xff, 0xc5, 0xff, 0xfc, 0x5f, 0xff, 0xc5,
    0xff, 0xfc, 0x5f, 0xff, 0xc5, 0xff, 0xfc, 0x5f,
    0xff, 0xc5, 0xff, 0xfc, 0x5f, 0xff, 0xc5, 0xff,
    0xfc, 0x5f, 0xff, 0xc5, 0xff, 0xfc, 0x5f, 0xff,
    0xc5, 0xff, 0xfc, 0x5f, 0xff, 0xc5, 0xff, 0xfc,
    0x5f, 0xff, 0xc5, 0xff, 0xfc, 0x5f, 0xff, 0xc5,
    0xff, 0xfc,

    /* U+004A "J" */
    0x0, 0x0, 0x0, 0x0, 0x6, 0xff, 0xfa, 0x0,
    0x0, 0x0, 0x0, 0x6, 0xff, 0xfa, 0x0, 0x0,
    0x0, 0x0, 0x6, 0xff, 0xfa, 0x0, 0x0, 0x0,
    0x0, 0x6, 0xff, 0xfa, 0x0, 0x0, 0x0, 0x0,
    0x6, 0xff, 0xfa, 0x0, 0x0, 0x0, 0x0, 0x6,
    0xff, 0xfa, 0x0, 0x0, 0x0, 0x0, 0x6, 0xff,
    0xfa, 0x0, 0x0, 0x0, 0x0, 0x6, 0xff, 0xfa,
    0x0, 0x0, 0x0, 0x0, 0x6, 0xff, 0xfa, 0x0,
    0x0, 0x0, 0x0, 0x6, 0xff, 0xfa, 0x0, 0x0,
    0x0, 0x0, 0x6, 0xff, 0xfa, 0x0, 0x0, 0x0,
    0x0, 0x6, 0xff, 0xfa, 0x0, 0x0, 0x0, 0x0,
    0x6, 0xff, 0xfa, 0x0, 0x0, 0x0, 0x0, 0x6,
    0xff, 0xfa, 0x4c, 0xcc, 0x90, 0x0, 0x8, 0xff,
    0xf7, 0x2f, 0xff, 0xf1, 0x0, 0xd, 0xff, 0xf4,
    0xf, 0xff, 0xfd, 0x65, 0xbf, 0xff, 0xf1, 0x6,
    0xff, 0xff, 0xff, 0xff, 0xff, 0x50, 0x0, 0x9f,
    0xff, 0xff, 0xff, 0xf7, 0x0, 0x0, 0x2, 0x9c,
    0xee, 0xc9, 0x10, 0x0,

    /* U+004B "K" */
    0x5f, 0xff, 0xc0, 0x0, 0x0, 0x3, 0xff, 0xff,
    0xc0, 0x5f, 0xff, 0xc0, 0x0, 0x0, 0x1e, 0xff,
    0xfd, 0x10, 0x5f, 0xff, 0xc0, 0x0, 0x0, 0xcf,
    0xff, 0xf2, 0x0, 0x5f, 0xff, 0xc0, 0x0, 0x9,
    0xff, 0xff, 0x40, 0x0, 0x5f, 0xff, 0xc0, 0x0,
    0x6f, 0xff, 0xf7, 0x0, 0x0, 0x5f, 0xff, 0xc0,
    0x3, 0xff, 0xff, 0xa0, 0x0, 0x0, 0x5f, 0xff,
    0xc0, 0x1e, 0xff, 0xfc, 0x0, 0x0, 0x0, 0x5f,
    0xff, 0xc0, 0xcf, 0xff, 0xe1, 0x0, 0x0, 0x0,
    0x5f, 0xff, 0xca, 0xff, 0xff, 0x30, 0x0, 0x0,
    0x0, 0x5f, 0xff, 0xff, 0xff, 0xff, 0x30, 0x0,
    0x0, 0x0, 0x5f, 0xff, 0xff, 0xff, 0xff, 0xd0,
    0x0, 0x0, 0x0, 0x5f, 0xff, 0xff, 0xff, 0xff,
    0xf8, 0x0, 0x0, 0x0, 0x5f, 0xff, 0xff, 0x3a,
    0xff, 0xff, 0x30, 0x0, 0x0, 0x5f, 0xff, 0xf6,
    0x1, 0xef, 0xff, 0xd0, 0x0, 0x0, 0x5f, 0xff,
    0xc0, 0x0, 0x5f, 0xff, 0xf8, 0x0, 0x0, 0x5f,
    0xff, 0xc0, 0x0, 0xa, 0xff, 0xff, 0x30, 0x0,
    0x5f, 0xff, 0xc0, 0x0, 0x1, 0xef, 0xff, 0xd0,
    0x0, 0x5f, 0xff, 0xc0, 0x0, 0x0, 0x5f, 0xff,
    0xf9, 0x0, 0x5f, 0xff, 0xc0, 0x0, 0x0, 0xa,
    0xff, 0xff, 0x40, 0x5f, 0xff, 0xc0, 0x0, 0x0,
    0x1, 0xef, 0xff, 0xd0,

    /* U+004C "L" */
    0x5f, 0xff, 0xc0, 0x0, 0x0, 0x0, 0x0, 0x5f,
    0xff, 0xc0, 0x0, 0x0, 0x0, 0x0, 0x5f, 0xff,
    0xc0, 0x0, 0x0, 0x0, 0x0, 0x5f, 0xff, 0xc0,
    0x0, 0x0, 0x0, 0x0, 0x5f, 0xff, 0xc0, 0x0,
    0x0, 0x0, 0x0, 0x5f, 0xff, 0xc0, 0x0, 0x0,
    0x0, 0x0, 0x5f, 0xff, 0xc0, 0x0, 0x0, 0x0,
    0x0, 0x5f, 0xff, 0xc0, 0x0, 0x0, 0x0, 0x0,
    0x5f, 0xff, 0xc0, 0x0, 0x0, 0x0, 0x0, 0x5f,
    0xff, 0xc0, 0x0, 0x0, 0x0, 0x0, 0x5f, 0xff,
    0xc0, 0x0, 0x0, 0x0, 0x0, 0x5f, 0xff, 0xc0,
    0x0, 0x0, 0x0, 0x0, 0x5f, 0xff, 0xc0, 0x0,
    0x0, 0x0, 0x0, 0x5f, 0xff, 0xc0, 0x0, 0x0,
    0x0, 0x0, 0x5f, 0xff, 0xc0, 0x0, 0x0, 0x0,
    0x0, 0x5f, 0xff, 0xc0, 0x0, 0x0, 0x0, 0x0,
    0x5f, 0xff, 0xd5, 0x55, 0x55, 0x55, 0x51, 0x5f,
    0xff, 0xff, 0xff, 0xff, 0xff, 0xf4, 0x5f, 0xff,
    0xff, 0xff, 0xff, 0xff, 0xf4, 0x5f, 0xff, 0xff,
    0xff, 0xff, 0xff, 0xf4,

    /* U+004D "M" */
    0x5f, 0xff, 0xfe, 0x0, 0x0, 0x0, 0x0, 0x0,
    0x3f, 0xff, 0xff, 0x5, 0xff, 0xff, 0xf5, 0x0,
    0x0, 0x0, 0x0, 0xa, 0xff, 0xff, 0xf0, 0x5f,
    0xff, 0xff, 0xc0, 0x0, 0x0, 0x0, 0x1, 0xff,
    0xff, 0xff, 0x5, 0xff, 0xff, 0xff, 0x20, 0x0,
    0x0, 0x0, 0x7f, 0xff, 0xff, 0xf0, 0x5f, 0xff,
    0xff, 0xf9, 0x0, 0x0, 0x0, 0xd, 0xff, 0xff,
    0xff, 0x5, 0xff, 0xff, 0xff, 0xf0, 0x0, 0x0,
    0x4, 0xff, 0xff, 0xff, 0xf0, 0x5f, 0xff, 0xff,
    0xff, 0x60, 0x0, 0x0, 0xaf, 0xff, 0xff, 0xff,
    0x5, 0xff, 0xfa, 0xef, 0xfc, 0x0, 0x0, 0x1f,
    0xff, 0xae, 0xff, 0xf0, 0x5f, 0xff, 0xa8, 0xff,
    0xf3, 0x0, 0x7, 0xff, 0xf4, 0xef, 0xff, 0x5,
    0xff, 0xfa, 0x2f, 0xff, 0x90, 0x0, 0xef, 0xfd,
    0xe, 0xff, 0xf0, 0x5f, 0xff, 0xa0, 0xbf, 0xff,
    0x0, 0x4f, 0xff, 0x70, 0xef, 0xff, 0x5, 0xff,
    0xfa, 0x5, 0xff, 0xf6, 0xb, 0xff, 0xf1, 0xe,
    0xff, 0xf0, 0x5f, 0xff, 0xa0, 0xe, 0xff, 0xd1,
    0xff, 0xfa, 0x0, 0xef, 0xff, 0x5, 0xff, 0xfa,
    0x0, 0x8f, 0xff, 0xbf, 0xff, 0x40, 0xe, 0xff,
    0xf0, 0x5f, 0xff, 0xa0, 0x2, 0xff, 0xff, 0xff,
    0xe0, 0x0, 0xef, 0xff, 0x5, 0xff, 0xfa, 0x0,
    0xc, 0xff, 0xff, 0xf8, 0x0, 0xe, 0xff, 0xf0,
    0x5f, 0xff, 0xa0, 0x0, 0x6f, 0xff, 0xff, 0x10,
    0x0, 0xef, 0xff, 0x5, 0xff, 0xfa, 0x0, 0x0,
    0xff, 0xff, 0xb0, 0x0, 0xe, 0xff, 0xf0, 0x5f,
    0xff, 0xa0, 0x0, 0x9, 0xff, 0xf5, 0x0, 0x0,
    0xef, 0xff, 0x5, 0xff, 0xfa, 0x0, 0x0, 0x3f,
    0xfe, 0x0, 0x0, 0xe, 0xff, 0xf0,

    /* U+004E "N" */
    0x5f, 0xff, 0x90, 0x0, 0x0, 0x0, 0xe, 0xff,
    0xf2, 0x5f, 0xff, 0xf4, 0x0, 0x0, 0x0, 0xe,
    0xff, 0xf2, 0x5f, 0xff, 0xfe, 0x10, 0x0, 0x0,
    0xe, 0xff, 0xf2, 0x5f, 0xff, 0xff, 0xa0, 0x0,
    0x0, 0xe, 0xff, 0xf2, 0x5f, 0xff, 0xff, 0xf5,
    0x0, 0x0, 0xe, 0xff, 0xf2, 0x5f, 0xff, 0xff,
    0xfe, 0x10, 0x0, 0xe, 0xff, 0xf2, 0x5f, 0xff,
    0xff, 0xff, 0xb0, 0x0, 0xe, 0xff, 0xf2, 0x5f,
    0xff, 0xdd, 0xff, 0xf6, 0x0, 0xe, 0xff, 0xf2,
    0x5f, 0xff, 0xc3, 0xff, 0xff, 0x10, 0xe, 0xff,
    0xf2, 0x5f, 0xff, 0xc0, 0x8f, 0xff, 0xb0, 0xe,
    0xff, 0xf2, 0x5f, 0xff, 0xc0, 0xd, 0xff, 0xf6,
    0xe, 0xff, 0xf2, 0x5f, 0xff, 0xc0, 0x3, 0xff,
    0xff, 0x2e, 0xff, 0xf2, 0x5f, 0xff, 0xc0, 0x0,
    0x8f, 0xff, 0xce, 0xff, 0xf2, 0x5f, 0xff, 0xc0,
    0x0, 0xc, 0xff, 0xff, 0xff, 0xf2, 0x5f, 0xff,
    0xc0, 0x0, 0x2, 0xff, 0xff, 0xff, 0xf2, 0x5f,
    0xff, 0xc0, 0x0, 0x0, 0x7f, 0xff, 0xff, 0xf2,
    0x5f, 0xff, 0xc0, 0x0, 0x0, 0xc, 0xff, 0xff,
    0xf2, 0x5f, 0xff, 0xc0, 0x0, 0x0, 0x2, 0xff,
    0xff, 0xf2, 0x5f, 0xff, 0xc0, 0x0, 0x0, 0x0,
    0x6f, 0xff, 0xf2, 0x5f, 0xff, 0xc0, 0x0, 0x0,
    0x0, 0xb, 0xff, 0xf2,

    /* U+004F "O" */
    0x0, 0x0, 0x2, 0x8c, 0xef, 0xec, 0x82, 0x0,
    0x0, 0x0, 0x0, 0x9, 0xff, 0xff, 0xff, 0xff,
    0xfa, 0x0, 0x0, 0x0, 0x1c, 0xff, 0xff, 0xff,
    0xff, 0xff, 0xfd, 0x10, 0x0, 0xb, 0xff, 0xff,
    0xfd, 0xad, 0xff, 0xff, 0xfc, 0x0, 0x6, 0xff,
    0xff, 0xc1, 0x0, 0x1, 0xbf, 0xff, 0xf7, 0x0,
    0xdf, 0xff, 0xc0, 0x0, 0x0, 0x0, 0xaf, 0xff,
    0xe0, 0x3f, 0xff, 0xf3, 0x0, 0x0, 0x0, 0x2,
    0xff, 0xff, 0x47, 0xff, 0xfc, 0x0, 0x0, 0x0,
    0x0, 0xb, 0xff, 0xf8, 0x9f, 0xff, 0xa0, 0x0,
    0x0, 0x0, 0x0, 0x9f, 0xff, 0xaa, 0xff, 0xf8,
    0x0, 0x0, 0x0, 0x0, 0x7, 0xff, 0xfc, 0xaf,
    0xff, 0x80, 0x0, 0x0, 0x0, 0x0, 0x7f, 0xff,
    0xc9, 0xff, 0xfa, 0x0, 0x0, 0x0, 0x0, 0x9,
    0xff, 0xfa, 0x7f, 0xff, 0xc0, 0x0, 0x0, 0x0,
    0x0, 0xbf, 0xff, 0x83, 0xff, 0xff, 0x30, 0x0,
    0x0, 0x0, 0x2f, 0xff, 0xf4, 0xd, 0xff, 0xfc,
    0x0, 0x0, 0x0, 0xa, 0xff, 0xfe, 0x0, 0x6f,
    0xff, 0xfc, 0x10, 0x0, 0x1b, 0xff, 0xff, 0x70,
    0x0, 0xbf, 0xff, 0xff, 0xda, 0xcf, 0xff, 0xff,
    0xc0, 0x0, 0x1, 0xcf, 0xff, 0xff, 0xff, 0xff,
    0xff, 0xd1, 0x0, 0x0, 0x0, 0x9f, 0xff, 0xff,
    0xff, 0xff, 0xa1, 0x0, 0x0, 0x0, 0x0, 0x28,
    0xce, 0xfe, 0xc8, 0x20, 0x0, 0x0,

    /* U+0050 "P" */
    0x5f, 0xff, 0xff, 0xff, 0xfd, 0xa6, 0x0, 0x0,
    0x5f, 0xff, 0xff, 0xff, 0xff, 0xff, 0xd3, 0x0,
    0x5f, 0xff, 0xff, 0xff, 0xff, 0xff, 0xff, 0x20,
    0x5f, 0xff, 0xd5, 0x55, 0x7c, 0xff, 0xff, 0xb0,
    0x5f, 0xff, 0xc0, 0x0, 0x0, 0x7f, 0xff, 0xf2,
    0x5f, 0xff, 0xc0, 0x0, 0x0, 0xe, 0xff, 0xf4,
    0x5f, 0xff, 0xc0, 0x0, 0x0, 0xc, 0xff, 0xf7,
    0x5f, 0xff, 0xc0, 0x0, 0x0, 0xd, 0xff, 0xf5,
    0x5f, 0xff, 0xc0, 0x0, 0x0, 0x3f, 0xff, 0xf2,
    0x5f, 0xff, 0xc0, 0x0, 0x16, 0xef, 0xff, 0xe0,
    0x5f, 0xff, 0xff, 0xff, 0xff, 0xff, 0xff, 0x40,
    0x5f, 0xff, 0xff, 0xff, 0xff, 0xff, 0xf7, 0x0,
    0x5f, 0xff, 0xff, 0xff, 0xff, 0xfb, 0x20, 0x0,
    0x5f, 0xff, 0xd4, 0x44, 0x41, 0x0, 0x0, 0x0,
    0x5f, 0xff, 0xc0, 0x0, 0x0, 0x0, 0x0, 0x0,
    0x5f, 0xff, 0xc0, 0x0, 0x0, 0x0, 0x0, 0x0,
    0x5f, 0xff, 0xc0, 0x0, 0x0, 0x0, 0x0, 0x0,
    0x5f, 0xff, 0xc0, 0x0, 0x0, 0x0, 0x0, 0x0,
    0x5f, 0xff, 0xc0, 0x0, 0x0, 0x0, 0x0, 0x0,
    0x5f, 0xff, 0xc0, 0x0, 0x0, 0x0, 0x0, 0x0,

    /* U+0051 "Q" */
    0x0, 0x0, 0x2, 0x8c, 0xef, 0xec, 0x82, 0x0,
    0x0, 0x0, 0x0, 0x9, 0xff, 0xff, 0xff, 0xff,
    0xfa, 0x10, 0x0, 0x0, 0x1c, 0xff, 0xff, 0xff,
    0xff, 0xff, 0xfd, 0x10, 0x0, 0xb, 0xff, 0xff,
    0xfd, 0xad, 0xff, 0xff, 0xfc, 0x0, 0x6, 0xff,
    0xff, 0xc1, 0x0, 0x1, 0xbf, 0xff, 0xf7, 0x0,
    0xdf, 0xff, 0xc0, 0x0, 0x0, 0x0, 0xaf, 0xff,
    0xe0, 0x3f, 0xff, 0xf3, 0x0, 0x0, 0x0, 0x2,
    0xff, 0xff, 0x47, 0xff, 0xfc, 0x0, 0x0, 0x0,
    0x0, 0xb, 0xff, 0xf8, 0x9f, 0xff, 0xa0, 0x0,
    0x0, 0x0, 0x0, 0x9f, 0xff, 0xaa, 0xff, 0xf8,
    0x0, 0x0, 0x0, 0x0, 0x7, 0xff, 0xfc, 0xaf,
    0xff, 0x80, 0x0, 0x0, 0x0, 0x0, 0x7f, 0xff,
    0xb9, 0xff, 0xfa, 0x0, 0x0, 0x0, 0x0, 0x9,
    0xff, 0xfa, 0x7f, 0xff, 0xc0, 0x0, 0x0, 0x0,
    0x0, 0xbf, 0xff, 0x83, 0xff, 0xff, 0x30, 0x7,
    0xff, 0xe2, 0x2f, 0xff, 0xf4, 0xd, 0xff, 0xfc,
    0x0, 0xa, 0xff, 0xdb, 0xff, 0xfe, 0x0, 0x6f,
    0xff, 0xfc, 0x10, 0xd, 0xff, 0xff, 0xff, 0x60,
    0x0, 0xbf, 0xff, 0xff, 0xda, 0xdf, 0xff, 0xff,
    0xc0, 0x0, 0x1, 0xcf, 0xff, 0xff, 0xff, 0xff,
    0xff, 0xe1, 0x0, 0x0, 0x0, 0x9f, 0xff, 0xff,
    0xff, 0xff, 0xff, 0x30, 0x0, 0x0, 0x0, 0x28,
    0xce, 0xfe, 0xc8, 0xdf, 0xfe, 0x10, 0x0, 0x0,
    0x0, 0x0, 0x0, 0x0, 0x2, 0xff, 0xfb, 0x0,
    0x0, 0x0, 0x0, 0x0, 0x0, 0x0, 0x4, 0x77,
    0x72,

    /* U+0052 "R" */
    0x5f, 0xff, 0xff, 0xff, 0xfd, 0xa7, 0x0, 0x0,
    0x5, 0xff, 0xff, 0xff, 0xff, 0xff, 0xfd, 0x40,
    0x0, 0x5f, 0xff, 0xff, 0xff, 0xff, 0xff, 0xff,
    0x20, 0x5, 0xff, 0xfd, 0x55, 0x57, 0xbf, 0xff,
    0xfc, 0x0, 0x5f, 0xff, 0xc0, 0x0, 0x0, 0x6f,
    0xff, 0xf2, 0x5, 0xff, 0xfc, 0x0, 0x0, 0x0,
    0xef, 0xff, 0x50, 0x5f, 0xff, 0xc0, 0x0, 0x0,
    0xc, 0xff, 0xf7, 0x5, 0xff, 0xfc, 0x0, 0x0,
    0x0, 0xdf, 0xff, 0x60, 0x5f, 0xff, 0xc0, 0x0,
    0x0, 0x5f, 0xff, 0xf3, 0x5, 0xff, 0xfd, 0x55,
    0x56, 0xaf, 0xff, 0xfd, 0x0, 0x5f, 0xff, 0xff,
    0xff, 0xff, 0xff, 0xff, 0x40, 0x5, 0xff, 0xff,
    0xff, 0xff, 0xff, 0xfe, 0x50, 0x0, 0x5f, 0xff,
    0xff, 0xff, 0xff, 0xff, 0x30, 0x0, 0x5, 0xff,
    0xfc, 0x0, 0xc, 0xff, 0xfa, 0x0, 0x0, 0x5f,
    0xff, 0xc0, 0x0, 0x4f, 0xff, 0xf3, 0x0, 0x5,
    0xff, 0xfc, 0x0, 0x0, 0xbf, 0xff, 0xc0, 0x0,
    0x5f, 0xff, 0xc0, 0x0, 0x3, 0xff, 0xff, 0x40,
    0x5, 0xff, 0xfc, 0x0, 0x0, 0xa, 0xff, 0xfd,
    0x0, 0x5f, 0xff, 0xc0, 0x0, 0x0, 0x2f, 0xff,
    0xf6, 0x5, 0xff, 0xfc, 0x0, 0x0, 0x0, 0x9f,
    0xff, 0xe0,

    /* U+0053 "S" */
    0x0, 0x0, 0x4a, 0xce, 0xec, 0xa4, 0x0, 0x0,
    0x0, 0x3c, 0xff, 0xff, 0xff, 0xff, 0xc3, 0x0,
    0x2, 0xef, 0xff, 0xff, 0xff, 0xff, 0xfe, 0x10,
    0xd, 0xff, 0xff, 0xa7, 0x7a, 0xff, 0xff, 0xc0,
    0x4f, 0xff, 0xf3, 0x0, 0x0, 0x4f, 0xff, 0xf2,
    0x6f, 0xff, 0xd0, 0x0, 0x0, 0x9, 0xdd, 0xd4,
    0x5f, 0xff, 0xf1, 0x0, 0x0, 0x0, 0x0, 0x0,
    0x2f, 0xff, 0xfd, 0x71, 0x0, 0x0, 0x0, 0x0,
    0x9, 0xff, 0xff, 0xff, 0xc8, 0x30, 0x0, 0x0,
    0x0, 0x9f, 0xff, 0xff, 0xff, 0xfe, 0x70, 0x0,
    0x0, 0x4, 0xaf, 0xff, 0xff, 0xff, 0xfd, 0x10,
    0x0, 0x0, 0x0, 0x48, 0xcf, 0xff, 0xff, 0xb0,
    0x0, 0x0, 0x0, 0x0, 0x1, 0x9f, 0xff, 0xf4,
    0x55, 0x55, 0x0, 0x0, 0x0, 0xb, 0xff, 0xf7,
    0xef, 0xff, 0x30, 0x0, 0x0, 0xa, 0xff, 0xf9,
    0xaf, 0xff, 0xd1, 0x0, 0x0, 0x3f, 0xff, 0xf7,
    0x4f, 0xff, 0xff, 0x97, 0x7a, 0xff, 0xff, 0xf2,
    0x7, 0xff, 0xff, 0xff, 0xff, 0xff, 0xff, 0x50,
    0x0, 0x7f, 0xff, 0xff, 0xff, 0xff, 0xe6, 0x0,
    0x0, 0x0, 0x7b, 0xdf, 0xec, 0xa7, 0x0, 0x0,

    /* U+0054 "T" */
    0x1f, 0xff, 0xff, 0xff, 0xff, 0xff, 0xff, 0xff,
    0xf1, 0x1f, 0xff, 0xff, 0xff, 0xff, 0xff, 0xff,
    0xff, 0xf1, 0x1f, 0xff, 0xff, 0xff, 0xff, 0xff,
    0xff, 0xff, 0xf1, 0x5, 0x55, 0x55, 0x6f, 0xff,
    0xf6, 0x55, 0x55, 0x50, 0x0, 0x0, 0x0, 0xf,
    0xff, 0xf0, 0x0, 0x0, 0x0, 0x0, 0x0, 0x0,
    0xf, 0xff, 0xf0, 0x0, 0x0, 0x0, 0x0, 0x0,
    0x0, 0xf, 0xff, 0xf0, 0x0, 0x0, 0x0, 0x0,
    0x0, 0x0, 0xf, 0xff, 0xf0, 0x0, 0x0, 0x0,
    0x0, 0x0, 0x0, 0xf, 0xff, 0xf0, 0x0, 0x0,
    0x0, 0x0, 0x0, 0x0, 0xf, 0xff, 0xf0, 0x0,
    0x0, 0x0, 0x0, 0x0, 0x0, 0xf, 0xff, 0xf0,
    0x0, 0x0, 0x0, 0x0, 0x0, 0x0, 0xf, 0xff,
    0xf0, 0x0, 0x0, 0x0, 0x0, 0x0, 0x0, 0xf,
    0xff, 0xf0, 0x0, 0x0, 0x0, 0x0, 0x0, 0x0,
    0xf, 0xff, 0xf0, 0x0, 0x0, 0x0, 0x0, 0x0,
    0x0, 0xf, 0xff, 0xf0, 0x0, 0x0, 0x0, 0x0,
    0x0, 0x0, 0xf, 0xff, 0xf0, 0x0, 0x0, 0x0,
    0x0, 0x0, 0x0, 0xf, 0xff, 0xf0, 0x0, 0x0,
    0x0, 0x0, 0x0, 0x0, 0xf, 0xff, 0xf0, 0x0,
    0x0, 0x0, 0x0, 0x0, 0x0, 0xf, 0xff, 0xf0,
    0x0, 0x0, 0x0, 0x0, 0x0, 0x0, 0xf, 0xff,
    0xf0, 0x0, 0x0, 0x0,

    /* U+0055 "U" */
    0x5f, 0xff, 0xc0, 0x0, 0x0, 0x0, 0x1f, 0xff,
    0xf0, 0x5f, 0xff, 0xc0, 0x0, 0x0, 0x0, 0x1f,
    0xff, 0xf0, 0x5f, 0xff, 0xc0, 0x0, 0x0, 0x0,
    0x1f, 0xff, 0xf0, 0x5f, 0xff, 0xc0, 0x0, 0x0,
    0x0, 0x1f, 0xff, 0xf0, 0x5f, 0xff, 0xc0, 0x0,
    0x0, 0x0, 0x1f, 0xff, 0xf0, 0x5f, 0xff, 0xc0,
    0x0, 0x0, 0x0, 0x1f, 0xff, 0xf0, 0x5f, 0xff,
    0xc0, 0x0, 0x0, 0x0, 0x1f, 0xff, 0xf0, 0x5f,
    0xff, 0xc0, 0x0, 0x0, 0x0, 0x1f, 0xff, 0xf0,
    0x5f, 0xff, 0xc0, 0x0, 0x0, 0x0, 0x1f, 0xff,
    0xf0, 0x5f, 0xff, 0xc0, 0x0, 0x0, 0x0, 0x1f,
    0xff, 0xf0, 0x5f, 0xff, 0xc0, 0x0, 0x0, 0x0,
    0x1f, 0xff, 0xf0, 0x5f, 0xff, 0xc0, 0x0, 0x0,
    0x0, 0x1f, 0xff, 0xf0, 0x5f, 0xff, 0xc0, 0x0,
    0x0, 0x0, 0x1f, 0xff, 0xf0, 0x4f, 0xff, 0xf0,
    0x0, 0x0, 0x0, 0x4f, 0xff, 0xf0, 0x1f, 0xff,
    0xf5, 0x0, 0x0, 0x0, 0xaf, 0xff, 0xd0, 0xd,
    0xff, 0xfe, 0x40, 0x0, 0x8, 0xff, 0xff, 0x80,
    0x5, 0xff, 0xff, 0xfd, 0xab, 0xef, 0xff, 0xff,
    0x10, 0x0, 0x9f, 0xff, 0xff, 0xff, 0xff, 0xff,
    0xf4, 0x0, 0x0, 0x5, 0xef, 0xff, 0xff, 0xff,
    0xfc, 0x30, 0x0, 0x0, 0x0, 0x7, 0xbe, 0xff,
    0xda, 0x50, 0x0, 0x0,

    /* U+0056 "V" */
    0x4f, 0xff, 0xf4, 0x0, 0x0, 0x0, 0x0, 0x2f,
    0xff, 0xf5, 0xe, 0xff, 0xf9, 0x0, 0x0, 0x0,
    0x0, 0x7f, 0xff, 0xf0, 0x9, 0xff, 0xfe, 0x0,
    0x0, 0x0, 0x0, 0xcf, 0xff, 0xa0, 0x4, 0xff,
    0xff, 0x30, 0x0, 0x0, 0x2, 0xff, 0xff, 0x50,
    0x0, 0xef, 0xff, 0x80, 0x0, 0x0, 0x7, 0xff,
    0xff, 0x0, 0x0, 0x9f, 0xff, 0xd0, 0x0, 0x0,
    0xc, 0xff, 0xfa, 0x0, 0x0, 0x3f, 0xff, 0xf3,
    0x0, 0x0, 0x1f, 0xff, 0xf4, 0x0, 0x0, 0xe,
    0xff, 0xf8, 0x0, 0x0, 0x6f, 0xff, 0xf0, 0x0,
    0x0, 0x8, 0xff, 0xfd, 0x0, 0x0, 0xbf, 0xff,
    0x90, 0x0, 0x0, 0x3, 0xff, 0xff, 0x20, 0x0,
    0xff, 0xff, 0x40, 0x0, 0x0, 0x0, 0xdf, 0xff,
    0x70, 0x5, 0xff, 0xfe, 0x0, 0x0, 0x0, 0x0,
    0x8f, 0xff, 0xc0, 0xa, 0xff, 0xf9, 0x0, 0x0,
    0x0, 0x0, 0x2f, 0xff, 0xf1, 0xf, 0xff, 0xf4,
    0x0, 0x0, 0x0, 0x0, 0xd, 0xff, 0xf6, 0x4f,
    0xff, 0xe0, 0x0, 0x0, 0x0, 0x0, 0x7, 0xff,
    0xfb, 0x9f, 0xff, 0x90, 0x0, 0x0, 0x0, 0x0,
    0x2, 0xff, 0xff, 0xff, 0xff, 0x30, 0x0, 0x0,
    0x0, 0x0, 0x0, 0xcf, 0xff, 0xff, 0xfe, 0x0,
    0x0, 0x0, 0x0, 0x0, 0x0, 0x7f, 0xff, 0xff,
    0xf8, 0x0, 0x0, 0x0, 0x0, 0x0, 0x0, 0x1f,
    0xff, 0xff, 0xf3, 0x0, 0x0, 0x0, 0x0, 0x0,
    0x0, 0xc, 0xff, 0xff, 0xd0, 0x0, 0x0, 0x0,

    /* U+0057 "W" */
    0x6f, 0xff, 0xf0, 0x0, 0x0, 0x1, 0xff, 0xff,
    0x0, 0x0, 0x0, 0x1f, 0xff, 0xf6, 0x2f, 0xff,
    0xf4, 0x0, 0x0, 0x5, 0xff, 0xff, 0x40, 0x0,
    0x0, 0x4f, 0xff, 0xf1, 0xd, 0xff, 0xf8, 0x0,
    0x0, 0x9, 0xff, 0xff, 0x90, 0x0, 0x0, 0x8f,
    0xff, 0xd0, 0x9, 0xff, 0xfc, 0x0, 0x0, 0xd,
    0xff, 0xff, 0xd0, 0x0, 0x0, 0xcf, 0xff, 0x80,
    0x4, 0xff, 0xff, 0x0, 0x0, 0x1f, 0xff, 0xff,
    0xf1, 0x0, 0x0, 0xff, 0xff, 0x40, 0x0, 0xff,
    0xff, 0x30, 0x0, 0x5f, 0xff, 0xff, 0xf5, 0x0,
    0x4, 0xff, 0xff, 0x0, 0x0, 0xbf, 0xff, 0x70,
    0x0, 0xaf, 0xff, 0xff, 0xf9, 0x0, 0x8, 0xff,
    0xfb, 0x0, 0x0, 0x7f, 0xff, 0xb0, 0x0, 0xef,
    0xfb, 0xbf, 0xfd, 0x0, 0xb, 0xff, 0xf6, 0x0,
    0x0, 0x2f, 0xff, 0xf0, 0x2, 0xff, 0xf6, 0x6f,
    0xff, 0x10, 0xf, 0xff, 0xf2, 0x0, 0x0, 0xe,
    0xff, 0xf3, 0x6, 0xff, 0xf2, 0x2f, 0xff, 0x60,
    0x3f, 0xff, 0xd0, 0x0, 0x0, 0x9, 0xff, 0xf6,
    0xa, 0xff, 0xd0, 0xd, 0xff, 0xa0, 0x7f, 0xff,
    0x80, 0x0, 0x0, 0x4, 0xff, 0xfa, 0xe, 0xff,
    0x90, 0x9, 0xff, 0xe0, 0xbf, 0xff, 0x40, 0x0,
    0x0, 0x0, 0xff, 0xfe, 0x3f, 0xff, 0x40, 0x4,
    0xff, 0xf2, 0xef, 0xff, 0x0, 0x0, 0x0, 0x0,
    0xbf, 0xff, 0x9f, 0xff, 0x0, 0x0, 0xff, 0xf9,
    0xff, 0xfb, 0x0, 0x0, 0x0, 0x0, 0x7f, 0xff,
    0xff, 0xfb, 0x0, 0x0, 0xbf, 0xff, 0xff, 0xf6,
    0x0, 0x0, 0x0, 0x0, 0x2f, 0xff, 0xff, 0xf6,
    0x0, 0x0, 0x6f, 0xff, 0xff, 0xf2, 0x0, 0x0,
    0x0, 0x0, 0xe, 0xff, 0xff, 0xf2, 0x0, 0x0,
    0x2f, 0xff, 0xff, 0xd0, 0x0, 0x0, 0x0, 0x0,
    0x9, 0xff, 0xff, 0xd0, 0x0, 0x0, 0xd, 0xff,
    0xff, 0x90, 0x0, 0x0, 0x0, 0x0, 0x5, 0xff,
    0xff, 0x80, 0x0, 0x0, 0x9, 0xff, 0xff, 0x40,
    0x0, 0x0, 0x0, 0x0, 0x1, 0xff, 0xff, 0x40,
    0x0, 0x0, 0x4, 0xff, 0xff, 0x0, 0x0, 0x0,

    /* U+0058 "X" */
    0xd, 0xff, 0xfc, 0x0, 0x0, 0x0, 0x9, 0xff,
    0xff, 0x10, 0x4f, 0xff, 0xf5, 0x0, 0x0, 0x2,
    0xff, 0xff, 0x70, 0x0, 0xaf, 0xff, 0xe0, 0x0,
    0x0, 0xbf, 0xff, 0xd0, 0x0, 0x1, 0xff, 0xff,
    0x80, 0x0, 0x5f, 0xff, 0xf4, 0x0, 0x0, 0x7,
    0xff, 0xff, 0x20, 0xe, 0xff, 0xfa, 0x0, 0x0,
    0x0, 0xd, 0xff, 0xfb, 0x8, 0xff, 0xff, 0x10,
    0x0, 0x0, 0x0, 0x3f, 0xff, 0xf7, 0xff, 0xff,
    0x70, 0x0, 0x0, 0x0, 0x0, 0xaf, 0xff, 0xff,
    0xff, 0xd0, 0x0, 0x0, 0x0, 0x0, 0x1, 0xef,
    0xff, 0xff, 0xf3, 0x0, 0x0, 0x0, 0x0, 0x0,
    0x6, 0xff, 0xff, 0xfa, 0x0, 0x0, 0x0, 0x0,
    0x0, 0x0, 0x6f, 0xff, 0xff, 0xa0, 0x0, 0x0,
    0x0, 0x0, 0x0, 0x1f, 0xff, 0xff, 0xff, 0x40,
    0x0, 0x0, 0x0, 0x0, 0xa, 0xff, 0xff, 0xff,
    0xfd, 0x0, 0x0, 0x0, 0x0, 0x4, 0xff, 0xff,
    0x7f, 0xff, 0xf7, 0x0, 0x0, 0x0, 0x0, 0xdf,
    0xff, 0xb0, 0x8f, 0xff, 0xf2, 0x0, 0x0, 0x0,
    0x8f, 0xff, 0xf2, 0x0, 0xef, 0xff, 0xb0, 0x0,
    0x0, 0x2f, 0xff, 0xf8, 0x0, 0x5, 0xff, 0xff,
    0x50, 0x0, 0xc, 0xff, 0xfd, 0x0, 0x0, 0xb,
    0xff, 0xfe, 0x0, 0x6, 0xff, 0xff, 0x40, 0x0,
    0x0, 0x2f, 0xff, 0xf9, 0x1, 0xef, 0xff, 0xb0,
    0x0, 0x0, 0x0, 0x8f, 0xff, 0xf3,

    /* U+0059 "Y" */
    0x4f, 0xff, 0xf5, 0x0, 0x0, 0x0, 0x0, 0xdf,
    0xff, 0xb0, 0xbf, 0xff, 0xd0, 0x0, 0x0, 0x0,
    0x6f, 0xff, 0xf2, 0x2, 0xff, 0xff, 0x60, 0x0,
    0x0, 0xe, 0xff, 0xf9, 0x0, 0x9, 0xff, 0xfe,
    0x0, 0x0, 0x7, 0xff, 0xff, 0x10, 0x0, 0x1e,
    0xff, 0xf7, 0x0, 0x0, 0xef, 0xff, 0x70, 0x0,
    0x0, 0x7f, 0xff, 0xe1, 0x0, 0x8f, 0xff, 0xe0,
    0x0, 0x0, 0x0, 0xdf, 0xff, 0x80, 0x1f, 0xff,
    0xf5, 0x0, 0x0, 0x0, 0x5, 0xff, 0xff, 0x19,
    0xff, 0xfc, 0x0, 0x0, 0x0, 0x0, 0xc, 0xff,
    0xfb, 0xff, 0xff, 0x30, 0x0, 0x0, 0x0, 0x0,
    0x3f, 0xff, 0xff, 0xff, 0xa0, 0x0, 0x0, 0x0,
    0x0, 0x0, 0xaf, 0xff, 0xff, 0xf2, 0x0, 0x0,
    0x0, 0x0, 0x0, 0x1, 0xff, 0xff, 0xf8, 0x0,
    0x0, 0x0, 0x0, 0x0, 0x0, 0x8, 0xff, 0xfe,
    0x10, 0x0, 0x0, 0x0, 0x0, 0x0, 0x0, 0x4f,
    0xff, 0xc0, 0x0, 0x0, 0x0, 0x0, 0x0, 0x0,
    0x4, 0xff, 0xfc, 0x0, 0x0, 0x0, 0x0, 0x0,
    0x0, 0x0, 0x4f, 0xff, 0xc0, 0x0, 0x0, 0x0,
    0x0, 0x0, 0x0, 0x4, 0xff, 0xfc, 0x0, 0x0,
    0x0, 0x0, 0x0, 0x0, 0x0, 0x4f, 0xff, 0xc0,
    0x0, 0x0, 0x0, 0x0, 0x0, 0x0, 0x4, 0xff,
    0xfc, 0x0, 0x0, 0x0, 0x0, 0x0, 0x0, 0x0,
    0x4f, 0xff, 0xc0, 0x0, 0x0, 0x0,

    /* U+005A "Z" */
    0x9f, 0xff, 0xff, 0xff, 0xff, 0xff, 0xff, 0xf7,
    0x9f, 0xff, 0xff, 0xff, 0xff, 0xff, 0xff, 0xf7,
    0x9f, 0xff, 0xff, 0xff, 0xff, 0xff, 0xff, 0xf6,
    0x35, 0x55, 0x55, 0x55, 0x56, 0xef, 0xff, 0xb0,
    0x0, 0x0, 0x0, 0x0, 0x7, 0xff, 0xff, 0x10,
    0x0, 0x0, 0x0, 0x0, 0x2f, 0xff, 0xf5, 0x0,
    0x0, 0x0, 0x0, 0x0, 0xdf, 0xff, 0xa0, 0x0,
    0x0, 0x0, 0x0, 0x8, 0xff, 0xfe, 0x10, 0x0,
    0x0, 0x0, 0x0, 0x4f, 0xff, 0xf4, 0x0, 0x0,
    0x0, 0x0, 0x0, 0xef, 0xff, 0x90, 0x0, 0x0,
    0x0, 0x0, 0xa, 0xff, 0xfd, 0x0, 0x0, 0x0,
    0x0, 0x0, 0x5f, 0xff, 0xf3, 0x0, 0x0, 0x0,
    0x0, 0x1, 0xef, 0xff, 0x70, 0x0, 0x0, 0x0,
    0x0, 0xb, 0xff, 0xfc, 0x0, 0x0, 0x0, 0x0,
    0x0, 0x7f, 0xff, 0xf2, 0x0, 0x0, 0x0, 0x0,
    0x2, 0xff, 0xff, 0x60, 0x0, 0x0, 0x0, 0x0,
    0xd, 0xff, 0xfe, 0x65, 0x55, 0x55, 0x55, 0x53,
    0x7f, 0xff, 0xff, 0xff, 0xff, 0xff, 0xff, 0xf8,
    0x9f, 0xff, 0xff, 0xff, 0xff, 0xff, 0xff, 0xf8,
    0x9f, 0xff, 0xff, 0xff, 0xff, 0xff, 0xff, 0xf8,

    /* U+005B "[" */
    0x0, 0x0, 0x0, 0x0, 0x2, 0xff, 0xff, 0xff,
    0xf5, 0x2f, 0xff, 0xff, 0xff, 0x52, 0xff, 0xff,
    0xff, 0xf5, 0x2f, 0xff, 0xb0, 0x0, 0x2, 0xff,
    0xfb, 0x0, 0x0, 0x2f, 0xff, 0xb0, 0x0, 0x2,
    0xff, 0xfb, 0x0, 0x0, 0x2f, 0xff, 0xb0, 0x0,
    0x2, 0xff, 0xfb, 0x0, 0x0, 0x2f, 0xff, 0xb0,
    0x0, 0x2, 0xff, 0xfb, 0x0, 0x0, 0x2f, 0xff,
    0xb0, 0x0, 0x2, 0xff, 0xfb, 0x0, 0x0, 0x2f,
    0xff, 0xb0, 0x0, 0x2, 0xff, 0xfb, 0x0, 0x0,
    0x2f, 0xff, 0xb0, 0x0, 0x2, 0xff, 0xfb, 0x0,
    0x0, 0x2f, 0xff, 0xb0, 0x0, 0x2, 0xff, 0xfb,
    0x0, 0x0, 0x2f, 0xff, 0xb0, 0x0, 0x2, 0xff,
    0xfb, 0x0, 0x0, 0x2f, 0xff, 0xb0, 0x0, 0x2,
    0xff, 0xfb, 0x0, 0x0, 0x2f, 0xff, 0xff, 0xff,
    0x52, 0xff, 0xff, 0xff, 0xf5, 0x2f, 0xff, 0xff,
    0xff, 0x50,

    /* U+005C "\\" */
    0x57, 0x76, 0x0, 0x0, 0x0, 0x7, 0xff, 0xf0,
    0x0, 0x0, 0x0, 0x2f, 0xff, 0x40, 0x0, 0x0,
    0x0, 0xef, 0xf9, 0x0, 0x0, 0x0, 0xa, 0xff,
    0xd0, 0x0, 0x0, 0x0, 0x5f, 0xff, 0x10, 0x0,
    0x0, 0x1, 0xff, 0xf6, 0x0, 0x0, 0x0, 0xd,
    0xff, 0xa0, 0x0, 0x0, 0x0, 0x8f, 0xfe, 0x0,
    0x0, 0x0, 0x4, 0xff, 0xf3, 0x0, 0x0, 0x0,
    0xf, 0xff, 0x70, 0x0, 0x0, 0x0, 0xbf, 0xfb,
    0x0, 0x0, 0x0, 0x7, 0xff, 0xf0, 0x0, 0x0,
    0x0, 0x3f, 0xff, 0x40, 0x0, 0x0, 0x0, 0xef,
    0xf8, 0x0, 0x0, 0x0, 0xa, 0xff, 0xd0, 0x0,
    0x0, 0x0, 0x6f, 0xff, 0x10, 0x0, 0x0, 0x1,
    0xff, 0xf5, 0x0, 0x0, 0x0, 0xd, 0xff, 0xa0,
    0x0, 0x0, 0x0, 0x9f, 0xfe, 0x0, 0x0, 0x0,
    0x4, 0xff, 0xf2, 0x0, 0x0, 0x0, 0xf, 0xff,
    0x70, 0x0, 0x0, 0x0, 0xcf, 0xfb, 0x0, 0x0,
    0x0, 0x7, 0xff, 0xf0,

    /* U+005D "]" */
    0x0, 0x0, 0x0, 0x0, 0x7, 0xff, 0xff, 0xff,
    0xf1, 0x7f, 0xff, 0xff, 0xff, 0x17, 0xff, 0xff,
    0xff, 0xf1, 0x0, 0x0, 0xcf, 0xff, 0x10, 0x0,
    0xc, 0xff, 0xf1, 0x0, 0x0, 0xcf, 0xff, 0x10,
    0x0, 0xc, 0xff, 0xf1, 0x0, 0x0, 0xcf, 0xff,
    0x10, 0x0, 0xc, 0xff, 0xf1, 0x0, 0x0, 0xcf,
    0xff, 0x10, 0x0, 0xc, 0xff, 0xf1, 0x0, 0x0,
    0xcf, 0xff, 0x10, 0x0, 0xc, 0xff, 0xf1, 0x0,
    0x0, 0xcf, 0xff, 0x10, 0x0, 0xc, 0xff, 0xf1,
    0x0, 0x0, 0xcf, 0xff, 0x10, 0x0, 0xc, 0xff,
    0xf1, 0x0, 0x0, 0xcf, 0xff, 0x10, 0x0, 0xc,
    0xff, 0xf1, 0x0, 0x0, 0xcf, 0xff, 0x10, 0x0,
    0xc, 0xff, 0xf1, 0x0, 0x0, 0xcf, 0xff, 0x10,
    0x0, 0xc, 0xff, 0xf1, 0x7f, 0xff, 0xff, 0xff,
    0x17, 0xff, 0xff, 0xff, 0xf1, 0x7f, 0xff, 0xff,
    0xff, 0x10,

    /* U+005E "^" */
    0x0, 0x0, 0x17, 0x77, 0x20, 0x0, 0x0, 0x0,
    0x9, 0xff, 0xfa, 0x0, 0x0, 0x0, 0x1, 0xff,
    0xff, 0xf2, 0x0, 0x0, 0x0, 0x8f, 0xff, 0xff,
    0x90, 0x0, 0x0, 0x1f, 0xff, 0xaf, 0xff, 0x10,
    0x0, 0x7, 0xff, 0xe0, 0xdf, 0xf9, 0x0, 0x0,
    0xef, 0xf7, 0x6, 0xff, 0xf1, 0x0, 0x7f, 0xff,
    0x0, 0xe, 0xff, 0x80, 0xe, 0xff, 0x90, 0x0,
    0x8f, 0xff, 0x10,

    /* U+005F "_" */
    0x1, 0x11, 0x11, 0x11, 0x11, 0x11, 0x11, 0x1f,
    0xff, 0xff, 0xff, 0xff, 0xff, 0xfd, 0x1f, 0xff,
    0xff, 0xff, 0xff, 0xff, 0xfd, 0x1f, 0xff, 0xff,
    0xff, 0xff, 0xff, 0xfd,

    /* U+0060 "`" */
    0x6, 0x66, 0x30, 0x0, 0x9f, 0xfe, 0x0, 0x0,
    0xef, 0xf6, 0x0, 0x4, 0xff, 0xe0, 0x0, 0x9,
    0xff, 0x50,

    /* U+0061 "a" */
    0x0, 0x0, 0x5a, 0xdf, 0xec, 0x92, 0x0, 0x0,
    0x1, 0xdf, 0xff, 0xff, 0xff, 0xf7, 0x0, 0x0,
    0xdf, 0xff, 0xff, 0xff, 0xff, 0xf5, 0x0, 0x4f,
    0xff, 0xd3, 0x0, 0x9f, 0xff, 0xd0, 0x3, 0x66,
    0x62, 0x0, 0x0, 0xff, 0xff, 0x0, 0x0, 0x0,
    0x0, 0x0, 0xe, 0xff, 0xf1, 0x0, 0x6, 0xce,
    0xff, 0xff, 0xff, 0xff, 0x10, 0xd, 0xff, 0xff,
    0xff, 0xff, 0xff, 0xf1, 0xa, 0xff, 0xff, 0xa6,
    0x66, 0xff, 0xff, 0x10, 0xef, 0xff, 0x10, 0x0,
    0xe, 0xff, 0xf1, 0x1f, 0xff, 0xd0, 0x0, 0x2,
    0xff, 0xff, 0x10, 0xef, 0xff, 0x40, 0x2, 0xdf,
    0xff, 0xf1, 0xa, 0xff, 0xff, 0xed, 0xff, 0xff,
    0xff, 0x10, 0x1e, 0xff, 0xff, 0xff, 0x9b, 0xff,
    0xf1, 0x0, 0x18, 0xcf, 0xec, 0x50, 0xbf, 0xff,
    0x10,

    /* U+0062 "b" */
    0x5f, 0xff, 0xb0, 0x0, 0x0, 0x0, 0x0, 0x0,
    0x5f, 0xff, 0xb0, 0x0, 0x0, 0x0, 0x0, 0x0,
    0x5f, 0xff, 0xb0, 0x0, 0x0, 0x0, 0x0, 0x0,
    0x5f, 0xff, 0xb0, 0x0, 0x0, 0x0, 0x0, 0x0,
    0x5f, 0xff, 0xb0, 0x0, 0x0, 0x0, 0x0, 0x0,
    0x5f, 0xff, 0xb0, 0x4b, 0xee, 0xb6, 0x0, 0x0,
    0x5f, 0xff, 0xb5, 0xff, 0xff, 0xff, 0xb1, 0x0,
    0x5f, 0xff, 0xdf, 0xff, 0xff, 0xff, 0xfa, 0x0,
    0x5f, 0xff, 0xff, 0x84, 0x5c, 0xff, 0xff, 0x30,
    0x5f, 0xff, 0xf6, 0x0, 0x0, 0xdf, 0xff, 0xa0,
    0x5f, 0xff, 0xe0, 0x0, 0x0, 0x5f, 0xff, 0xc0,
    0x5f, 0xff, 0xb0, 0x0, 0x0, 0x2f, 0xff, 0xf0,
    0x5f, 0xff, 0xa0, 0x0, 0x0, 0x1f, 0xff, 0xf1,
    0x5f, 0xff, 0xc0, 0x0, 0x0, 0x2f, 0xff, 0xf0,
    0x5f, 0xff, 0xe0, 0x0, 0x0, 0x6f, 0xff, 0xd0,
    0x5f, 0xff, 0xf7, 0x0, 0x0, 0xdf, 0xff, 0xa0,
    0x5f, 0xff, 0xff, 0x94, 0x6c, 0xff, 0xff, 0x30,
    0x5f, 0xff, 0xdf, 0xff, 0xff, 0xff, 0xfa, 0x0,
    0x5f, 0xff, 0xa6, 0xff, 0xff, 0xff, 0xb1, 0x0,
    0x5f, 0xff, 0xa0, 0x4b, 0xee, 0xb6, 0x0, 0x0,

    /* U+0063 "c" */
    0x0, 0x0, 0x18, 0xce, 0xfc, 0xa4, 0x0, 0x0,
    0x0, 0x4e, 0xff, 0xff, 0xff, 0xfb, 0x0, 0x0,
    0x5f, 0xff, 0xff, 0xff, 0xff, 0xfa, 0x0, 0xe,
    0xff, 0xfc, 0x42, 0x6f, 0xff, 0xf5, 0x7, 0xff,
    0xfd, 0x0, 0x0, 0x5f, 0xff, 0x90, 0xbf, 0xff,
    0x60, 0x0, 0x0, 0x88, 0x86, 0xd, 0xff, 0xf3,
    0x0, 0x0, 0x0, 0x0, 0x0, 0xff, 0xff, 0x10,
    0x0, 0x0, 0x0, 0x0, 0xd, 0xff, 0xf3, 0x0,
    0x0, 0x0, 0x0, 0x0, 0xbf, 0xff, 0x60, 0x0,
    0x0, 0x99, 0x97, 0x7, 0xff, 0xfe, 0x10, 0x0,
    0x6f, 0xff, 0x90, 0xe, 0xff, 0xfd, 0x64, 0x7f,
    0xff, 0xf4, 0x0, 0x5f, 0xff, 0xff, 0xff, 0xff,
    0xfa, 0x0, 0x0, 0x4e, 0xff, 0xff, 0xff, 0xfb,
    0x0, 0x0, 0x0, 0x18, 0xce, 0xfd, 0xa4, 0x0,
    0x0,

    /* U+0064 "d" */
    0x0, 0x0, 0x0, 0x0, 0x0, 0x9f, 0xff, 0x70,
    0x0, 0x0, 0x0, 0x0, 0x9, 0xff, 0xf7, 0x0,
    0x0, 0x0, 0x0, 0x0, 0x9f, 0xff, 0x70, 0x0,
    0x0, 0x0, 0x0, 0x9, 0xff, 0xf7, 0x0, 0x0,
    0x0, 0x0, 0x0, 0x9f, 0xff, 0x70, 0x0, 0x5a,
    0xee, 0xc5, 0x9, 0xff, 0xf7, 0x0, 0xaf, 0xff,
    0xff, 0xf7, 0x9f, 0xff, 0x70, 0x8f, 0xff, 0xff,
    0xff, 0xfc, 0xff, 0xf7, 0x2f, 0xff, 0xfd, 0x64,
    0x8f, 0xff, 0xff, 0x78, 0xff, 0xfe, 0x10, 0x0,
    0x5f, 0xff, 0xf7, 0xbf, 0xff, 0x70, 0x0, 0x0,
    0xdf, 0xff, 0x7d, 0xff, 0xf4, 0x0, 0x0, 0xa,
    0xff, 0xf7, 0xff, 0xff, 0x30, 0x0, 0x0, 0x8f,
    0xff, 0x7d, 0xff, 0xf4, 0x0, 0x0, 0xa, 0xff,
    0xf7, 0xbf, 0xff, 0x80, 0x0, 0x0, 0xdf, 0xff,
    0x78, 0xff, 0xfe, 0x10, 0x0, 0x5f, 0xff, 0xf7,
    0x1f, 0xff, 0xfd, 0x64, 0x8f, 0xff, 0xff, 0x70,
    0x8f, 0xff, 0xff, 0xff, 0xfc, 0xff, 0xf7, 0x0,
    0x9f, 0xff, 0xff, 0xf8, 0x8f, 0xff, 0x70, 0x0,
    0x5a, 0xee, 0xc5, 0x8, 0xff, 0xf7,

    /* U+0065 "e" */
    0x0, 0x0, 0x18, 0xdf, 0xfc, 0x92, 0x0, 0x0,
    0x0, 0x5, 0xef, 0xff, 0xff, 0xff, 0x80, 0x0,
    0x0, 0x5f, 0xff, 0xff, 0xff, 0xff, 0xf8, 0x0,
    0x0, 0xef, 0xff, 0x82, 0x14, 0xdf, 0xff, 0x20,
    0x7, 0xff, 0xf8, 0x0, 0x0, 0x2f, 0xff, 0xa0,
    0xc, 0xff, 0xf1, 0x0, 0x0, 0xc, 0xff, 0xe0,
    0xe, 0xff, 0xff, 0xff, 0xff, 0xff, 0xff, 0xf0,
    0xf, 0xff, 0xff, 0xff, 0xff, 0xff, 0xff, 0xf1,
    0xf, 0xff, 0xf8, 0x88, 0x88, 0x88, 0x88, 0x81,
    0xc, 0xff, 0xf2, 0x0, 0x0, 0x0, 0x0, 0x0,
    0x8, 0xff, 0xf8, 0x0, 0x0, 0x6, 0x66, 0x60,
    0x0, 0xef, 0xff, 0x82, 0x14, 0xbf, 0xff, 0x90,
    0x0, 0x5f, 0xff, 0xff, 0xff, 0xff, 0xfe, 0x20,
    0x0, 0x5, 0xef, 0xff, 0xff, 0xff, 0xe3, 0x0,
    0x0, 0x0, 0x18, 0xce, 0xfd, 0xb6, 0x0, 0x0,

    /* U+0066 "f" */
    0x0, 0x0, 0x3b, 0xdf, 0xe9, 0x0, 0x5, 0xff,
    0xff, 0xfc, 0x0, 0x1e, 0xff, 0xff, 0xfc, 0x0,
    0x4f, 0xff, 0xf8, 0x43, 0x0, 0x7f, 0xff, 0xa0,
    0x0, 0x0, 0x8f, 0xff, 0x80, 0x0, 0x9f, 0xff,
    0xff, 0xff, 0xf7, 0x9f, 0xff, 0xff, 0xff, 0xf7,
    0x9f, 0xff, 0xff, 0xff, 0xf7, 0x0, 0x8f, 0xff,
    0x80, 0x0, 0x0, 0x8f, 0xff, 0x80, 0x0, 0x0,
    0x8f, 0xff, 0x80, 0x0, 0x0, 0x8f, 0xff, 0x80,
    0x0, 0x0, 0x8f, 0xff, 0x80, 0x0, 0x0, 0x8f,
    0xff, 0x80, 0x0, 0x0, 0x8f, 0xff, 0x80, 0x0,
    0x0, 0x8f, 0xff, 0x80, 0x0, 0x0, 0x8f, 0xff,
    0x80, 0x0, 0x0, 0x8f, 0xff, 0x80, 0x0, 0x0,
    0x8f, 0xff, 0x80, 0x0, 0x0, 0x8f, 0xff, 0x80,
    0x0,

    /* U+0067 "g" */
    0x0, 0x5, 0xae, 0xec, 0x60, 0x8f, 0xff, 0x70,
    0x9, 0xff, 0xff, 0xff, 0x98, 0xff, 0xf7, 0x8,
    0xff, 0xff, 0xff, 0xff, 0xdf, 0xff, 0x71, 0xff,
    0xff, 0xc3, 0x15, 0xef, 0xff, 0xf7, 0x8f, 0xff,
    0xd0, 0x0, 0x4, 0xff, 0xff, 0x7a, 0xff, 0xf7,
    0x0, 0x0, 0xd, 0xff, 0xf7, 0xdf, 0xff, 0x40,
    0x0, 0x0, 0xaf, 0xff, 0x7f, 0xff, 0xf3, 0x0,
    0x0, 0x8, 0xff, 0xf7, 0xdf, 0xff, 0x40, 0x0,
    0x0, 0x9f, 0xff, 0x7b, 0xff, 0xf7, 0x0, 0x0,
    0xc, 0xff, 0xf7, 0x9f, 0xff, 0xd0, 0x0, 0x3,
    0xff, 0xff, 0x72, 0xff, 0xff, 0xb3, 0x15, 0xef,
    0xff, 0xf7, 0x9, 0xff, 0xff, 0xff, 0xff, 0xdf,
    0xff, 0x70, 0x1b, 0xff, 0xff, 0xff, 0xa8, 0xff,
    0xf7, 0x0, 0x6, 0xbe, 0xfc, 0x60, 0x8f, 0xff,
    0x70, 0x0, 0x0, 0x0, 0x0, 0x9, 0xff, 0xf7,
    0x49, 0x99, 0x40, 0x0, 0x0, 0xcf, 0xff, 0x54,
    0xff, 0xfe, 0x51, 0x1, 0x9f, 0xff, 0xf0, 0xc,
    0xff, 0xff, 0xff, 0xff, 0xff, 0xf5, 0x0, 0xc,
    0xff, 0xff, 0xff, 0xff, 0xf6, 0x0, 0x0, 0x3,
    0xac, 0xef, 0xdb, 0x70, 0x0, 0x0,

    /* U+0068 "h" */
    0x6f, 0xff, 0x80, 0x0, 0x0, 0x0, 0x0, 0x6,
    0xff, 0xf8, 0x0, 0x0, 0x0, 0x0, 0x0, 0x6f,
    0xff, 0x80, 0x0, 0x0, 0x0, 0x0, 0x6, 0xff,
    0xf8, 0x0, 0x0, 0x0, 0x0, 0x0, 0x6f, 0xff,
    0x80, 0x0, 0x0, 0x0, 0x0, 0x6, 0xff, 0xf8,
    0x4, 0xbe, 0xeb, 0x60, 0x0, 0x6f, 0xff, 0x87,
    0xff, 0xff, 0xff, 0xb0, 0x6, 0xff, 0xfb, 0xff,
    0xff, 0xff, 0xff, 0x70, 0x6f, 0xff, 0xff, 0x86,
    0x8f, 0xff, 0xfe, 0x6, 0xff, 0xff, 0x40, 0x0,
    0x4f, 0xff, 0xf1, 0x6f, 0xff, 0xc0, 0x0, 0x0,
    0xef, 0xff, 0x36, 0xff, 0xfa, 0x0, 0x0, 0xc,
    0xff, 0xf4, 0x6f, 0xff, 0xa0, 0x0, 0x0, 0xcf,
    0xff, 0x46, 0xff, 0xfa, 0x0, 0x0, 0xc, 0xff,
    0xf4, 0x6f, 0xff, 0xa0, 0x0, 0x0, 0xcf, 0xff,
    0x46, 0xff, 0xfa, 0x0, 0x0, 0xc, 0xff, 0xf4,
    0x6f, 0xff, 0xa0, 0x0, 0x0, 0xcf, 0xff, 0x46,
    0xff, 0xfa, 0x0, 0x0, 0xc, 0xff, 0xf4, 0x6f,
    0xff, 0xa0, 0x0, 0x0, 0xcf, 0xff, 0x46, 0xff,
    0xfa, 0x0, 0x0, 0xc, 0xff, 0xf4,

    /* U+0069 "i" */
    0xa, 0xfc, 0x17, 0xff, 0xfa, 0x8f, 0xff, 0xb1,
    0xcf, 0xe2, 0x0, 0x10, 0x0, 0x0, 0x0, 0x6f,
    0xff, 0xa6, 0xff, 0xfa, 0x6f, 0xff, 0xa6, 0xff,
    0xfa, 0x6f, 0xff, 0xa6, 0xff, 0xfa, 0x6f, 0xff,
    0xa6, 0xff, 0xfa, 0x6f, 0xff, 0xa6, 0xff, 0xfa,
    0x6f, 0xff, 0xa6, 0xff, 0xfa, 0x6f, 0xff, 0xa6,
    0xff, 0xfa, 0x6f, 0xff, 0xa0,

    /* U+006A "j" */
    0x0, 0x0, 0x10, 0x0, 0x1, 0xcf, 0xd2, 0x0,
    0x8f, 0xff, 0xa0, 0x7, 0xff, 0xfa, 0x0, 0xa,
    0xfc, 0x10, 0x0, 0x0, 0x0, 0x0, 0x6f, 0xff,
    0xa0, 0x6, 0xff, 0xfa, 0x0, 0x6f, 0xff, 0xa0,
    0x6, 0xff, 0xfa, 0x0, 0x6f, 0xff, 0xa0, 0x6,
    0xff, 0xfa, 0x0, 0x6f, 0xff, 0xa0, 0x6, 0xff,
    0xfa, 0x0, 0x6f, 0xff, 0xa0, 0x6, 0xff, 0xfa,
    0x0, 0x6f, 0xff, 0xa0, 0x6, 0xff, 0xfa, 0x0,
    0x6f, 0xff, 0xa0, 0x6, 0xff, 0xfa, 0x0, 0x6f,
    0xff, 0xa0, 0x6, 0xff, 0xfa, 0x0, 0x8f, 0xff,
    0x81, 0x4e, 0xff, 0xf6, 0xcf, 0xff, 0xff, 0x1c,
    0xff, 0xff, 0x50, 0xcf, 0xda, 0x20, 0x0,

    /* U+006B "k" */
    0x6f, 0xff, 0xa0, 0x0, 0x0, 0x0, 0x0, 0x6,
    0xff, 0xfa, 0x0, 0x0, 0x0, 0x0, 0x0, 0x6f,
    0xff, 0xa0, 0x0, 0x0, 0x0, 0x0, 0x6, 0xff,
    0xfa, 0x0, 0x0, 0x0, 0x0, 0x0, 0x6f, 0xff,
    0xa0, 0x0, 0x0, 0x0, 0x0, 0x6, 0xff, 0xfa,
    0x0, 0x0, 0xbf, 0xff, 0xd0, 0x6f, 0xff, 0xa0,
    0x0, 0x9f, 0xff, 0xe2, 0x6, 0xff, 0xfa, 0x0,
    0x6f, 0xff, 0xf3, 0x0, 0x6f, 0xff, 0xa0, 0x4f,
    0xff, 0xf5, 0x0, 0x6, 0xff, 0xfa, 0x2e, 0xff,
    0xf7, 0x0, 0x0, 0x6f, 0xff, 0xbd, 0xff, 0xfa,
    0x0, 0x0, 0x6, 0xff, 0xff, 0xff, 0xff, 0x0,
    0x0, 0x0, 0x6f, 0xff, 0xff, 0xff, 0xf7, 0x0,
    0x0, 0x6, 0xff, 0xff, 0xff, 0xff, 0xf3, 0x0,
    0x0, 0x6f, 0xff, 0xf4, 0xcf, 0xff, 0xd0, 0x0,
    0x6, 0xff, 0xfa, 0x2, 0xff, 0xff, 0x80, 0x0,
    0x6f, 0xff, 0xa0, 0x7, 0xff, 0xff, 0x30, 0x6,
    0xff, 0xfa, 0x0, 0xc, 0xff, 0xfd, 0x0, 0x6f,
    0xff, 0xa0, 0x0, 0x2f, 0xff, 0xf9, 0x6, 0xff,
    0xfa, 0x0, 0x0, 0x7f, 0xff, 0xf4,

    /* U+006C "l" */
    0x6f, 0xff, 0xa6, 0xff, 0xfa, 0x6f, 0xff, 0xa6,
    0xff, 0xfa, 0x6f, 0xff, 0xa6, 0xff, 0xfa, 0x6f,
    0xff, 0xa6, 0xff, 0xfa, 0x6f, 0xff, 0xa6, 0xff,
    0xfa, 0x6f, 0xff, 0xa6, 0xff, 0xfa, 0x6f, 0xff,
    0xa6, 0xff, 0xfa, 0x6f, 0xff, 0xa6, 0xff, 0xfa,
    0x6f, 0xff, 0xa6, 0xff, 0xfa, 0x6f, 0xff, 0xa6,
    0xff, 0xfa,

    /* U+006D "m" */
    0x6f, 0xff, 0x60, 0x6c, 0xfe, 0xa2, 0x0, 0x2a,
    0xef, 0xc8, 0x0, 0x6, 0xff, 0xf6, 0x9f, 0xff,
    0xff, 0xe2, 0x4f, 0xff, 0xff, 0xfd, 0x0, 0x6f,
    0xff, 0xbf, 0xff, 0xff, 0xff, 0xbe, 0xff, 0xff,
    0xff, 0xf7, 0x6, 0xff, 0xff, 0xe6, 0x6c, 0xff,
    0xff, 0xfa, 0x57, 0xef, 0xff, 0xd0, 0x6f, 0xff,
    0xf2, 0x0, 0xe, 0xff, 0xfa, 0x0, 0x4, 0xff,
    0xff, 0x6, 0xff, 0xfb, 0x0, 0x0, 0xaf, 0xff,
    0x50, 0x0, 0xf, 0xff, 0xf1, 0x6f, 0xff, 0xa0,
    0x0, 0xa, 0xff, 0xf4, 0x0, 0x0, 0xff, 0xff,
    0x16, 0xff, 0xfa, 0x0, 0x0, 0xaf, 0xff, 0x40,
    0x0, 0xf, 0xff, 0xf1, 0x6f, 0xff, 0xa0, 0x0,
    0xa, 0xff, 0xf4, 0x0, 0x0, 0xff, 0xff, 0x16,
    0xff, 0xfa, 0x0, 0x0, 0xaf, 0xff, 0x40, 0x0,
    0xf, 0xff, 0xf1, 0x6f, 0xff, 0xa0, 0x0, 0xa,
    0xff, 0xf4, 0x0, 0x0, 0xff, 0xff, 0x16, 0xff,
    0xfa, 0x0, 0x0, 0xaf, 0xff, 0x40, 0x0, 0xf,
    0xff, 0xf1, 0x6f, 0xff, 0xa0, 0x0, 0xa, 0xff,
    0xf4, 0x0, 0x0, 0xff, 0xff, 0x16, 0xff, 0xfa,
    0x0, 0x0, 0xaf, 0xff, 0x40, 0x0, 0xf, 0xff,
    0xf1, 0x6f, 0xff, 0xa0, 0x0, 0xa, 0xff, 0xf4,
    0x0, 0x0, 0xff, 0xff, 0x10,

    /* U+006E "n" */
    0x6f, 0xff, 0x60, 0x5c, 0xee, 0xb6, 0x0, 0x6,
    0xff, 0xf6, 0x8f, 0xff, 0xff, 0xfb, 0x0, 0x6f,
    0xff, 0xbf, 0xff, 0xff, 0xff, 0xf6, 0x6, 0xff,
    0xff, 0xf8, 0x69, 0xff, 0xff, 0xd0, 0x6f, 0xff,
    0xf3, 0x0, 0x5, 0xff, 0xff, 0x6, 0xff, 0xfc,
    0x0, 0x0, 0xf, 0xff, 0xf2, 0x6f, 0xff, 0xa0,
    0x0, 0x0, 0xdf, 0xff, 0x26, 0xff, 0xfa, 0x0,
    0x0, 0xd, 0xff, 0xf2, 0x6f, 0xff, 0xa0, 0x0,
    0x0, 0xdf, 0xff, 0x26, 0xff, 0xfa, 0x0, 0x0,
    0xd, 0xff, 0xf2, 0x6f, 0xff, 0xa0, 0x0, 0x0,
    0xdf, 0xff, 0x26, 0xff, 0xfa, 0x0, 0x0, 0xd,
    0xff, 0xf2, 0x6f, 0xff, 0xa0, 0x0, 0x0, 0xdf,
    0xff, 0x26, 0xff, 0xfa, 0x0, 0x0, 0xd, 0xff,
    0xf2, 0x6f, 0xff, 0xa0, 0x0, 0x0, 0xdf, 0xff,
    0x20,

    /* U+006F "o" */
    0x0, 0x0, 0x18, 0xce, 0xfe, 0xa4, 0x0, 0x0,
    0x0, 0x5, 0xef, 0xff, 0xff, 0xff, 0xa1, 0x0,
    0x0, 0x5f, 0xff, 0xff, 0xff, 0xff, 0xfd, 0x0,
    0x0, 0xef, 0xff, 0xb4, 0x26, 0xff, 0xff, 0x70,
    0x8, 0xff, 0xfd, 0x0, 0x0, 0x5f, 0xff, 0xf1,
    0xc, 0xff, 0xf6, 0x0, 0x0, 0xd, 0xff, 0xf5,
    0xf, 0xff, 0xf3, 0x0, 0x0, 0xa, 0xff, 0xf7,
    0xf, 0xff, 0xf1, 0x0, 0x0, 0x9, 0xff, 0xf8,
    0xf, 0xff, 0xf3, 0x0, 0x0, 0xa, 0xff, 0xf7,
    0xc, 0xff, 0xf6, 0x0, 0x0, 0xe, 0xff, 0xf5,
    0x7, 0xff, 0xfd, 0x0, 0x0, 0x5f, 0xff, 0xf1,
    0x0, 0xef, 0xff, 0xc4, 0x37, 0xff, 0xff, 0x70,
    0x0, 0x5f, 0xff, 0xff, 0xff, 0xff, 0xfd, 0x0,
    0x0, 0x4, 0xef, 0xff, 0xff, 0xff, 0xa1, 0x0,
    0x0, 0x0, 0x18, 0xce, 0xfe, 0xa4, 0x0, 0x0,

    /* U+0070 "p" */
    0x6f, 0xff, 0x90, 0x4b, 0xee, 0xb5, 0x0, 0x6,
    0xff, 0xf9, 0x7f, 0xff, 0xff, 0xfa, 0x0, 0x6f,
    0xff, 0xcf, 0xff, 0xff, 0xff, 0xf9, 0x6, 0xff,
    0xff, 0xf8, 0x46, 0xdf, 0xff, 0xf2, 0x6f, 0xff,
    0xf5, 0x0, 0x0, 0xdf, 0xff, 0x86, 0xff, 0xfd,
    0x0, 0x0, 0x7, 0xff, 0xfb, 0x6f, 0xff, 0xa0,
    0x0, 0x0, 0x3f, 0xff, 0xd6, 0xff, 0xf9, 0x0,
    0x0, 0x2, 0xff, 0xff, 0x6f, 0xff, 0xa0, 0x0,
    0x0, 0x3f, 0xff, 0xd6, 0xff, 0xfe, 0x0, 0x0,
    0x7, 0xff, 0xfb, 0x6f, 0xff, 0xf6, 0x0, 0x1,
    0xef, 0xff, 0x86, 0xff, 0xff, 0xf8, 0x46, 0xdf,
    0xff, 0xf2, 0x6f, 0xff, 0xdf, 0xff, 0xff, 0xff,
    0xf9, 0x6, 0xff, 0xfa, 0x7f, 0xff, 0xff, 0xfa,
    0x0, 0x6f, 0xff, 0xa0, 0x5c, 0xee, 0xb5, 0x0,
    0x6, 0xff, 0xfa, 0x0, 0x0, 0x0, 0x0, 0x0,
    0x6f, 0xff, 0xa0, 0x0, 0x0, 0x0, 0x0, 0x6,
    0xff, 0xfa, 0x0, 0x0, 0x0, 0x0, 0x0, 0x6f,
    0xff, 0xa0, 0x0, 0x0, 0x0, 0x0, 0x6, 0xff,
    0xfa, 0x0, 0x0, 0x0, 0x0, 0x0, 0x6f, 0xff,
    0xa0, 0x0, 0x0, 0x0, 0x0, 0x0,

    /* U+0071 "q" */
    0x0, 0x5, 0xae, 0xec, 0x50, 0x8f, 0xff, 0x70,
    0xa, 0xff, 0xff, 0xff, 0x98, 0xff, 0xf7, 0x8,
    0xff, 0xff, 0xff, 0xff, 0xdf, 0xff, 0x72, 0xff,
    0xff, 0xb3, 0x15, 0xef, 0xff, 0xf7, 0x8f, 0xff,
    0xd0, 0x0, 0x3, 0xff, 0xff, 0x7b, 0xff, 0xf7,
    0x0, 0x0, 0xc, 0xff, 0xf7, 0xdf, 0xff, 0x40,
    0x0, 0x0, 0x9f, 0xff, 0x7f, 0xff, 0xf3, 0x0,
    0x0, 0x8, 0xff, 0xf7, 0xdf, 0xff, 0x40, 0x0,
    0x0, 0xaf, 0xff, 0x7b, 0xff, 0xf8, 0x0, 0x0,
    0xd, 0xff, 0xf7, 0x8f, 0xff, 0xe1, 0x0, 0x6,
    0xff, 0xff, 0x71, 0xff, 0xff, 0xd6, 0x48, 0xff,
    0xff, 0xf7, 0x8, 0xff, 0xff, 0xff, 0xff, 0xcf,
    0xff, 0x70, 0x9, 0xff, 0xff, 0xff, 0x79, 0xff,
    0xf7, 0x0, 0x5, 0xae, 0xec, 0x50, 0x9f, 0xff,
    0x70, 0x0, 0x0, 0x0, 0x0, 0x9, 0xff, 0xf7,
    0x0, 0x0, 0x0, 0x0, 0x0, 0x9f, 0xff, 0x70,
    0x0, 0x0, 0x0, 0x0, 0x9, 0xff, 0xf7, 0x0,
    0x0, 0x0, 0x0, 0x0, 0x9f, 0xff, 0x70, 0x0,
    0x0, 0x0, 0x0, 0x9, 0xff, 0xf7, 0x0, 0x0,
    0x0, 0x0, 0x0, 0x9f, 0xff, 0x70,

    /* U+0072 "r" */
    0x6f, 0xff, 0x70, 0x8e, 0xf7, 0x6f, 0xff, 0x7a,
    0xff, 0xf8, 0x6f, 0xff, 0xbf, 0xff, 0xf8, 0x6f,
    0xff, 0xff, 0xd9, 0x95, 0x6f, 0xff, 0xf8, 0x0,
    0x0, 0x6f, 0xff, 0xd0, 0x0, 0x0, 0x6f, 0xff,
    0xa0, 0x0, 0x0, 0x6f, 0xff, 0xa0, 0x0, 0x0,
    0x6f, 0xff, 0xa0, 0x0, 0x0, 0x6f, 0xff, 0xa0,
    0x0, 0x0, 0x6f, 0xff, 0xa0, 0x0, 0x0, 0x6f,
    0xff, 0xa0, 0x0, 0x0, 0x6f, 0xff, 0xa0, 0x0,
    0x0, 0x6f, 0xff, 0xa0, 0x0, 0x0, 0x6f, 0xff,
    0xa0, 0x0, 0x0,

    /* U+0073 "s" */
    0x0, 0x1, 0x7b, 0xdf, 0xec, 0x71, 0x0, 0x0,
    0x4, 0xff, 0xff, 0xff, 0xff, 0xf4, 0x0, 0x2,
    0xff, 0xff, 0xfe, 0xff, 0xff, 0xf2, 0x0, 0x7f,
    0xff, 0xb2, 0x1, 0x9f, 0xff, 0x80, 0xa, 0xff,
    0xf7, 0x0, 0x0, 0x88, 0x86, 0x0, 0x8f, 0xff,
    0xe7, 0x20, 0x0, 0x0, 0x0, 0x1, 0xff, 0xff,
    0xff, 0xfc, 0x83, 0x0, 0x0, 0x3, 0xdf, 0xff,
    0xff, 0xff, 0xfa, 0x10, 0x0, 0x0, 0x48, 0xcf,
    0xff, 0xff, 0xfa, 0x0, 0x0, 0x0, 0x0, 0x3,
    0xaf, 0xff, 0xf0, 0x9, 0xaa, 0xa1, 0x0, 0x0,
    0xff, 0xff, 0x10, 0xbf, 0xff, 0xa2, 0x1, 0x7f,
    0xff, 0xd0, 0x4, 0xff, 0xff, 0xff, 0xff, 0xff,
    0xf6, 0x0, 0x5, 0xff, 0xff, 0xff, 0xff, 0xf7,
    0x0, 0x0, 0x1, 0x7c, 0xdf, 0xec, 0x81, 0x0,
    0x0,

    /* U+0074 "t" */
    0x0, 0x37, 0x77, 0x40, 0x0, 0x0, 0x6f, 0xff,
    0x90, 0x0, 0x0, 0x6f, 0xff, 0x90, 0x0, 0x0,
    0x6f, 0xff, 0x90, 0x0, 0x7f, 0xff, 0xff, 0xff,
    0xf6, 0x7f, 0xff, 0xff, 0xff, 0xf6, 0x7f, 0xff,
    0xff, 0xff, 0xf6, 0x0, 0x6f, 0xff, 0xa0, 0x0,
    0x0, 0x6f, 0xff, 0x90, 0x0, 0x0, 0x6f, 0xff,
    0x90, 0x0, 0x0, 0x6f, 0xff, 0x90, 0x0, 0x0,
    0x6f, 0xff, 0x90, 0x0, 0x0, 0x6f, 0xff, 0x90,
    0x0, 0x0, 0x6f, 0xff, 0x90, 0x0, 0x0, 0x6f,
    0xff, 0xa0, 0x0, 0x0, 0x4f, 0xff, 0xe6, 0x42,
    0x0, 0x1f, 0xff, 0xff, 0xf9, 0x0, 0x7, 0xff,
    0xff, 0xf9, 0x0, 0x0, 0x4b, 0xef, 0xf8,

    /* U+0075 "u" */
    0x6f, 0xff, 0xa0, 0x0, 0x0, 0xef, 0xff, 0x26,
    0xff, 0xfa, 0x0, 0x0, 0xe, 0xff, 0xf2, 0x6f,
    0xff, 0xa0, 0x0, 0x0, 0xef, 0xff, 0x26, 0xff,
    0xfa, 0x0, 0x0, 0xe, 0xff, 0xf2, 0x6f, 0xff,
    0xa0, 0x0, 0x0, 0xef, 0xff, 0x26, 0xff, 0xfa,
    0x0, 0x0, 0xe, 0xff, 0xf2, 0x6f, 0xff, 0xa0,
    0x0, 0x0, 0xef, 0xff, 0x26, 0xff, 0xfa, 0x0,
    0x0, 0xe, 0xff, 0xf2, 0x6f, 0xff, 0xa0, 0x0,
    0x0, 0xef, 0xff, 0x26, 0xff, 0xfc, 0x0, 0x0,
    0x1f, 0xff, 0xf2, 0x3f, 0xff, 0xf2, 0x0, 0x9,
    0xff, 0xff, 0x21, 0xff, 0xff, 0xf8, 0x7b, 0xff,
    0xff, 0xf2, 0x9, 0xff, 0xff, 0xff, 0xfd, 0xcf,
    0xff, 0x20, 0x1d, 0xff, 0xff, 0xff, 0x3b, 0xff,
    0xf2, 0x0, 0x8, 0xcf, 0xea, 0x20, 0xbf, 0xff,
    0x20,

    /* U+0076 "v" */
    0x6f, 0xff, 0xd0, 0x0, 0x0, 0x1f, 0xff, 0xf3,
    0x1f, 0xff, 0xf1, 0x0, 0x0, 0x5f, 0xff, 0xd0,
    0xb, 0xff, 0xf6, 0x0, 0x0, 0xaf, 0xff, 0x70,
    0x6, 0xff, 0xfa, 0x0, 0x0, 0xef, 0xff, 0x20,
    0x0, 0xff, 0xff, 0x0, 0x3, 0xff, 0xfc, 0x0,
    0x0, 0xbf, 0xff, 0x40, 0x8, 0xff, 0xf7, 0x0,
    0x0, 0x5f, 0xff, 0x80, 0xc, 0xff, 0xf1, 0x0,
    0x0, 0xf, 0xff, 0xd0, 0x1f, 0xff, 0xc0, 0x0,
    0x0, 0xa, 0xff, 0xf2, 0x6f, 0xff, 0x60, 0x0,
    0x0, 0x4, 0xff, 0xf6, 0xaf, 0xff, 0x10, 0x0,
    0x0, 0x0, 0xef, 0xfc, 0xff, 0xfb, 0x0, 0x0,
    0x0, 0x0, 0x9f, 0xff, 0xff, 0xf5, 0x0, 0x0,
    0x0, 0x0, 0x4f, 0xff, 0xff, 0xf0, 0x0, 0x0,
    0x0, 0x0, 0xe, 0xff, 0xff, 0xa0, 0x0, 0x0,
    0x0, 0x0, 0x9, 0xff, 0xff, 0x50, 0x0, 0x0,

    /* U+0077 "w" */
    0x6f, 0xff, 0xa0, 0x0, 0xa, 0xff, 0xf9, 0x0,
    0x0, 0xbf, 0xff, 0x52, 0xff, 0xfe, 0x0, 0x0,
    0xef, 0xff, 0xd0, 0x0, 0xf, 0xff, 0xf1, 0xd,
    0xff, 0xf2, 0x0, 0x2f, 0xff, 0xff, 0x10, 0x3,
    0xff, 0xfc, 0x0, 0x9f, 0xff, 0x50, 0x5, 0xff,
    0xff, 0xf5, 0x0, 0x6f, 0xff, 0x80, 0x5, 0xff,
    0xf9, 0x0, 0x9f, 0xff, 0xff, 0x90, 0xa, 0xff,
    0xf4, 0x0, 0xf, 0xff, 0xd0, 0xd, 0xff, 0xdf,
    0xfd, 0x0, 0xef, 0xff, 0x0, 0x0, 0xcf, 0xff,
    0x1, 0xff, 0xf4, 0xff, 0xf1, 0x1f, 0xff, 0xb0,
    0x0, 0x8, 0xff, 0xf4, 0x5f, 0xfd, 0xe, 0xff,
    0x45, 0xff, 0xf7, 0x0, 0x0, 0x3f, 0xff, 0x89,
    0xff, 0x80, 0x9f, 0xf8, 0x9f, 0xff, 0x20, 0x0,
    0x0, 0xff, 0xfb, 0xdf, 0xf4, 0x5, 0xff, 0xcc,
    0xff, 0xe0, 0x0, 0x0, 0xb, 0xff, 0xff, 0xff,
    0x0, 0x1f, 0xff, 0xff, 0xfa, 0x0, 0x0, 0x0,
    0x6f, 0xff, 0xff, 0xc0, 0x0, 0xcf, 0xff, 0xff,
    0x50, 0x0, 0x0, 0x2, 0xff, 0xff, 0xf7, 0x0,
    0x8, 0xff, 0xff, 0xf1, 0x0, 0x0, 0x0, 0xe,
    0xff, 0xff, 0x30, 0x0, 0x4f, 0xff, 0xfc, 0x0,
    0x0, 0x0, 0x0, 0x9f, 0xff, 0xe0, 0x0, 0x0,
    0xff, 0xff, 0x80, 0x0, 0x0,

    /* U+0078 "x" */
    0xe, 0xff, 0xf3, 0x0, 0x0, 0xbf, 0xff, 0x60,
    0x6f, 0xff, 0xb0, 0x0, 0x4f, 0xff, 0xd0, 0x0,
    0xcf, 0xff, 0x40, 0xc, 0xff, 0xf4, 0x0, 0x3,
    0xff, 0xfc, 0x5, 0xff, 0xfa, 0x0, 0x0, 0xa,
    0xff, 0xf5, 0xdf, 0xff, 0x20, 0x0, 0x0, 0x2f,
    0xff, 0xff, 0xff, 0x80, 0x0, 0x0, 0x0, 0x8f,
    0xff, 0xff, 0xe0, 0x0, 0x0, 0x0, 0x1, 0xff,
    0xff, 0xf8, 0x0, 0x0, 0x0, 0x0, 0x9f, 0xff,
    0xff, 0xe0, 0x0, 0x0, 0x0, 0x2f, 0xff, 0xff,
    0xff, 0x80, 0x0, 0x0, 0xb, 0xff, 0xf5, 0xdf,
    0xff, 0x20, 0x0, 0x5, 0xff, 0xfc, 0x4, 0xff,
    0xfb, 0x0, 0x0, 0xef, 0xff, 0x30, 0xb, 0xff,
    0xf5, 0x0, 0x8f, 0xff, 0xa0, 0x0, 0x3f, 0xff,
    0xe0, 0x2f, 0xff, 0xf1, 0x0, 0x0, 0x9f, 0xff,
    0x80,

    /* U+0079 "y" */
    0x6f, 0xff, 0xc0, 0x0, 0x0, 0x1f, 0xff, 0xf3,
    0x1f, 0xff, 0xf1, 0x0, 0x0, 0x5f, 0xff, 0xd0,
    0xb, 0xff, 0xf5, 0x0, 0x0, 0x9f, 0xff, 0x80,
    0x6, 0xff, 0xf9, 0x0, 0x0, 0xef, 0xff, 0x20,
    0x1, 0xff, 0xfe, 0x0, 0x2, 0xff, 0xfd, 0x0,
    0x0, 0xbf, 0xff, 0x20, 0x7, 0xff, 0xf7, 0x0,
    0x0, 0x6f, 0xff, 0x70, 0xb, 0xff, 0xf2, 0x0,
    0x0, 0x1f, 0xff, 0xb0, 0xf, 0xff, 0xc0, 0x0,
    0x0, 0xb, 0xff, 0xf0, 0x4f, 0xff, 0x70, 0x0,
    0x0, 0x5, 0xff, 0xf4, 0x8f, 0xff, 0x20, 0x0,
    0x0, 0x0, 0xff, 0xf8, 0xdf, 0xfc, 0x0, 0x0,
    0x0, 0x0, 0xbf, 0xfe, 0xff, 0xf7, 0x0, 0x0,
    0x0, 0x0, 0x5f, 0xff, 0xff, 0xf1, 0x0, 0x0,
    0x0, 0x0, 0xf, 0xff, 0xff, 0xc0, 0x0, 0x0,
    0x0, 0x0, 0xa, 0xff, 0xff, 0x60, 0x0, 0x0,
    0x0, 0x0, 0x5, 0xff, 0xff, 0x10, 0x0, 0x0,
    0x0, 0x0, 0x8, 0xff, 0xfb, 0x0, 0x0, 0x0,
    0x0, 0x23, 0x6f, 0xff, 0xf5, 0x0, 0x0, 0x0,
    0x1, 0xff, 0xff, 0xff, 0xc0, 0x0, 0x0, 0x0,
    0x1, 0xff, 0xff, 0xfd, 0x10, 0x0, 0x0, 0x0,
    0x1, 0xff, 0xec, 0x70, 0x0, 0x0, 0x0, 0x0,

    /* U+007A "z" */
    0x4f, 0xff, 0xff, 0xff, 0xff, 0xff, 0xa4, 0xff,
    0xff, 0xff, 0xff, 0xff, 0xfa, 0x4f, 0xff, 0xff,
    0xff, 0xff, 0xff, 0x90, 0x33, 0x33, 0x33, 0x8f,
    0xff, 0xe1, 0x0, 0x0, 0x0, 0x2f, 0xff, 0xf4,
    0x0, 0x0, 0x0, 0xd, 0xff, 0xf7, 0x0, 0x0,
    0x0, 0xb, 0xff, 0xfb, 0x0, 0x0, 0x0, 0x7,
    0xff, 0xfe, 0x10, 0x0, 0x0, 0x4, 0xff, 0xff,
    0x30, 0x0, 0x0, 0x2, 0xef, 0xff, 0x70, 0x0,
    0x0, 0x0, 0xdf, 0xff, 0xb0, 0x0, 0x0, 0x0,
    0xaf, 0xff, 0xf4, 0x33, 0x33, 0x33, 0x6f, 0xff,
    0xff, 0xff, 0xff, 0xff, 0xe8, 0xff, 0xff, 0xff,
    0xff, 0xff, 0xfe, 0x8f, 0xff, 0xff, 0xff, 0xff,
    0xff, 0xe0,

    /* U+007B "{" */
    0x0, 0x0, 0x0, 0x0, 0x0, 0x0, 0x0, 0x0,
    0x17, 0xce, 0xf5, 0x0, 0x0, 0x2e, 0xff, 0xff,
    0x50, 0x0, 0xc, 0xff, 0xff, 0xf5, 0x0, 0x1,
    0xff, 0xff, 0x71, 0x0, 0x0, 0x3f, 0xff, 0xc0,
    0x0, 0x0, 0x4, 0xff, 0xfa, 0x0, 0x0, 0x0,
    0x4f, 0xff, 0x90, 0x0, 0x0, 0x4, 0xff, 0xf9,
    0x0, 0x0, 0x0, 0x5f, 0xff, 0x90, 0x0, 0x0,
    0x7, 0xff, 0xf9, 0x0, 0x0, 0x15, 0xef, 0xff,
    0x50, 0x0, 0x3f, 0xff, 0xff, 0xa0, 0x0, 0x3,
    0xff, 0xf9, 0x30, 0x0, 0x0, 0x3f, 0xff, 0xe8,
    0x10, 0x0, 0x2, 0xbe, 0xff, 0xfe, 0x10, 0x0,
    0x0, 0x1d, 0xff, 0xf7, 0x0, 0x0, 0x0, 0x6f,
    0xff, 0x90, 0x0, 0x0, 0x4, 0xff, 0xf9, 0x0,
    0x0, 0x0, 0x4f, 0xff, 0x90, 0x0, 0x0, 0x4,
    0xff, 0xf9, 0x0, 0x0, 0x0, 0x4f, 0xff, 0xa0,
    0x0, 0x0, 0x3, 0xff, 0xfc, 0x0, 0x0, 0x0,
    0x1f, 0xff, 0xf7, 0x20, 0x0, 0x0, 0xbf, 0xff,
    0xff, 0x50, 0x0, 0x2, 0xef, 0xff, 0xf5, 0x0,
    0x0, 0x0, 0x6b, 0xef, 0x50,

    /* U+007C "|" */
    0x44, 0x44, 0xef, 0xfe, 0xef, 0xfe, 0xef, 0xfe,
    0xef, 0xfe, 0xef, 0xfe, 0xef, 0xfe, 0xef, 0xfe,
    0xef, 0xfe, 0xef, 0xfe, 0xef, 0xfe, 0xef, 0xfe,
    0xef, 0xfe, 0xef, 0xfe, 0xef, 0xfe, 0xef, 0xfe,
    0xef, 0xfe, 0xef, 0xfe, 0xef, 0xfe, 0xef, 0xfe,
    0xef, 0xfe, 0xef, 0xfe, 0xef, 0xfe, 0xef, 0xfe,
    0xef, 0xfe, 0xef, 0xfe,

    /* U+007D "}" */
    0x0, 0x0, 0x0, 0x0, 0x0, 0x7, 0xfe, 0xc6,
    0x10, 0x0, 0x0, 0x7f, 0xff, 0xfe, 0x10, 0x0,
    0x7, 0xff, 0xff, 0xfa, 0x0, 0x0, 0x1, 0x8f,
    0xff, 0xf0, 0x0, 0x0, 0x0, 0xdf, 0xff, 0x10,
    0x0, 0x0, 0xb, 0xff, 0xf2, 0x0, 0x0, 0x0,
    0xaf, 0xff, 0x20, 0x0, 0x0, 0xa, 0xff, 0xf2,
    0x0, 0x0, 0x0, 0xaf, 0xff, 0x30, 0x0, 0x0,
    0xa, 0xff, 0xf6, 0x0, 0x0, 0x0, 0x7f, 0xff,
    0xe4, 0x10, 0x0, 0x0, 0xbf, 0xff, 0xff, 0x20,
    0x0, 0x0, 0x3a, 0xff, 0xf2, 0x0, 0x0, 0x19,
    0xef, 0xff, 0x20, 0x0, 0x1e, 0xff, 0xfe, 0xb1,
    0x0, 0x8, 0xff, 0xfb, 0x0, 0x0, 0x0, 0xaf,
    0xff, 0x40, 0x0, 0x0, 0xa, 0xff, 0xf3, 0x0,
    0x0, 0x0, 0xaf, 0xff, 0x20, 0x0, 0x0, 0xa,
    0xff, 0xf2, 0x0, 0x0, 0x0, 0xbf, 0xff, 0x20,
    0x0, 0x0, 0xd, 0xff, 0xf1, 0x0, 0x0, 0x29,
    0xff, 0xff, 0x0, 0x0, 0x7f, 0xff, 0xff, 0x90,
    0x0, 0x7, 0xff, 0xff, 0xd1, 0x0, 0x0, 0x7f,
    0xdb, 0x50, 0x0, 0x0, 0x0,

    /* U+007E "~" */
    0x2, 0xae, 0xeb, 0x61, 0x0, 0x0, 0x17, 0x3f,
    0xff, 0xff, 0xff, 0xa7, 0x69, 0xeb, 0x6f, 0xff,
    0xff, 0xff, 0xff, 0xff, 0xfb, 0x6f, 0xa6, 0x69,
    0xef, 0xff, 0xff, 0xf7, 0x53, 0x0, 0x0, 0x4,
    0xad, 0xfb, 0x40,

    /* U+2082 "₂" */
    0x0, 0x18, 0xdf, 0xda, 0x20, 0x0, 0x1e, 0xff,
    0xff, 0xff, 0x50, 0xb, 0xff, 0xd8, 0xbf, 0xff,
    0x0, 0xff, 0xd0, 0x0, 0x8f, 0xf4, 0x3, 0x32,
    0x0, 0x8, 0xff, 0x50, 0x0, 0x0, 0x2, 0xef,
    0xf1, 0x0, 0x0, 0x2, 0xef, 0xf9, 0x0, 0x0,
    0x3, 0xef, 0xfb, 0x0, 0x0, 0x5, 0xff, 0xf9,
    0x0, 0x0, 0x6, 0xff, 0xf6, 0x0, 0x0, 0x8,
    0xff, 0xfc, 0x88, 0x88, 0x40, 0xdf, 0xff, 0xff,
    0xff, 0xf8, 0xd, 0xff, 0xff, 0xff, 0xff, 0x80,

    /* U+AC04 "간" */
    0x0, 0x0, 0x0, 0x0, 0x0, 0x0, 0x0, 0x0,
    0x2, 0x22, 0x10, 0x0, 0x0, 0x0, 0x0, 0x0,
    0x0, 0x0, 0x0, 0x0, 0xe, 0xff, 0x90, 0x0,
    0x0, 0x55, 0x55, 0x55, 0x55, 0x55, 0x54, 0x0,
    0xe, 0xff, 0x90, 0x0, 0x1, 0xff, 0xff, 0xff,
    0xff, 0xff, 0xfd, 0x0, 0xe, 0xff, 0x90, 0x0,
    0x1, 0xff, 0xff, 0xff, 0xff, 0xff, 0xfc, 0x0,
    0xe, 0xff, 0x90, 0x0, 0x0, 0x77, 0x77, 0x77,
    0x77, 0xff, 0xf9, 0x0, 0xe, 0xff, 0x90, 0x0,
    0x0, 0x0, 0x0, 0x0, 0x4, 0xff, 0xf5, 0x0,
    0xe, 0xff, 0x90, 0x0, 0x0, 0x0, 0x0, 0x0,
    0xa, 0xff, 0xf1, 0x0, 0xe, 0xff, 0xb4, 0x44,
    0x0, 0x0, 0x0, 0x0, 0x5f, 0xff, 0x80, 0x0,
    0xe, 0xff, 0xff, 0xff, 0x0, 0x0, 0x0, 0x3,
    0xff, 0xfe, 0x10, 0x0, 0xe, 0xff, 0xff, 0xff,
    0x0, 0x0, 0x0, 0x6e, 0xff, 0xf4, 0x0, 0x0,
    0xe, 0xff, 0xd8, 0x88, 0x0, 0x0, 0x2b, 0xff,
    0xff, 0x60, 0x0, 0x0, 0xe, 0xff, 0x90, 0x0,
    0x0, 0x5b, 0xff, 0xff, 0xf5, 0x0, 0x0, 0x0,
    0xe, 0xff, 0x90, 0x0, 0xe, 0xff, 0xff, 0xfc,
    0x20, 0x0, 0x0, 0x0, 0xe, 0xff, 0x90, 0x0,
    0x8, 0xff, 0xfc, 0x50, 0x0, 0x0, 0x0, 0x0,
    0xe, 0xff, 0x90, 0x0, 0x1, 0xd9, 0x30, 0x0,
    0x0, 0x0, 0x0, 0x0, 0xe, 0xff, 0x90, 0x0,
    0x0, 0x0, 0x36, 0x66, 0x0, 0x0, 0x0, 0x0,
    0xe, 0xff, 0x90, 0x0, 0x0, 0x0, 0x7f, 0xff,
    0x0, 0x0, 0x0, 0x0, 0xe, 0xff, 0x90, 0x0,
    0x0, 0x0, 0x7f, 0xff, 0x0, 0x0, 0x0, 0x0,
    0x9, 0xaa, 0x60, 0x0, 0x0, 0x0, 0x7f, 0xff,
    0x0, 0x0, 0x0, 0x0, 0x0, 0x0, 0x0, 0x0,
    0x0, 0x0, 0x7f, 0xff, 0x0, 0x0, 0x0, 0x0,
    0x0, 0x0, 0x0, 0x0, 0x0, 0x0, 0x7f, 0xff,
    0x0, 0x0, 0x0, 0x0, 0x0, 0x0, 0x0, 0x0,
    0x0, 0x0, 0x7f, 0xff, 0xcb, 0xbb, 0xbb, 0xbb,
    0xbb, 0xbb, 0xb5, 0x0, 0x0, 0x0, 0x7f, 0xff,
    0xff, 0xff, 0xff, 0xff, 0xff, 0xff, 0xf7, 0x0,
    0x0, 0x0, 0x7f, 0xff, 0xff, 0xff, 0xff, 0xff,
    0xff, 0xff, 0xf7, 0x0, 0x0, 0x0, 0x0, 0x0,
    0x0, 0x0, 0x0, 0x0, 0x0, 0x0, 0x0, 0x0,

    /* U+AC15 "강" */
    0x0, 0x0, 0x0, 0x0, 0x0, 0x0, 0x0, 0x0,
    0x5, 0x66, 0x30, 0x0, 0x0, 0x0, 0x0, 0x0,
    0x0, 0x0, 0x0, 0x0, 0xe, 0xff, 0x90, 0x0,
    0x0, 0xbb, 0xbb, 0xbb, 0xbb, 0xbb, 0xb8, 0x0,
    0xe, 0xff, 0x90, 0x0, 0x1, 0xff, 0xff, 0xff,
    0xff, 0xff, 0xf9, 0x0, 0xe, 0xff, 0x90, 0x0,
    0x1, 0xff, 0xff, 0xff, 0xff, 0xff, 0xf8, 0x0,
    0xe, 0xff, 0x90, 0x0, 0x0, 0x0, 0x0, 0x0,
    0x4, 0xff, 0xf4, 0x0, 0xe, 0xff, 0x90, 0x0,
    0x0, 0x0, 0x0, 0x0, 0x9, 0xff, 0xf0, 0x0,
    0xe, 0xff, 0xeb, 0xbb, 0x0, 0x0, 0x0, 0x0,
    0x1f, 0xff, 0xa0, 0x0, 0xe, 0xff, 0xff, 0xfe,
    0x0, 0x0, 0x0, 0x0, 0xcf, 0xff, 0x20, 0x0,
    0xe, 0xff, 0xff, 0xfe, 0x0, 0x0, 0x0, 0xb,
    0xff, 0xf8, 0x0, 0x0, 0xe, 0xff, 0x91, 0x11,
    0x0, 0x0, 0x4, 0xef, 0xff, 0xc0, 0x0, 0x0,
    0xe, 0xff, 0x90, 0x0, 0x0, 0x4, 0xbf, 0xff,
    0xfc, 0x10, 0x0, 0x0, 0xe, 0xff, 0x90, 0x0,
    0x19, 0xef, 0xff, 0xff, 0xa0, 0x0, 0x0, 0x0,
    0xe, 0xff, 0x90, 0x0, 0xd, 0xff, 0xff, 0xd5,
    0x0, 0x0, 0x0, 0x0, 0xe, 0xff, 0x90, 0x0,
    0x6, 0xff, 0xd6, 0x0, 0x0, 0x0, 0x0, 0x0,
    0xe, 0xff, 0x90, 0x0, 0x0, 0x72, 0x0, 0x0,
    0x14, 0x68, 0x98, 0x64, 0x10, 0x0, 0x0, 0x0,
    0x0, 0x0, 0x0, 0x4a, 0xff, 0xff, 0xff, 0xff,
    0xfa, 0x30, 0x0, 0x0, 0x0, 0x0, 0x8, 0xff,
    0xff, 0xff, 0xff, 0xff, 0xff, 0xf7, 0x0, 0x0,
    0x0, 0x0, 0x5f, 0xff, 0xe8, 0x32, 0x12, 0x48,
    0xef, 0xff, 0x40, 0x0, 0x0, 0x0, 0xbf, 0xfe,
    0x10, 0x0, 0x0, 0x0, 0x1e, 0xff, 0xb0, 0x0,
    0x0, 0x0, 0xdf, 0xfa, 0x0, 0x0, 0x0, 0x0,
    0xa, 0xff, 0xc0, 0x0, 0x0, 0x0, 0xbf, 0xfe,
    0x10, 0x0, 0x0, 0x0, 0x2e, 0xff, 0xa0, 0x0,
    0x0, 0x0, 0x5f, 0xff, 0xe9, 0x53, 0x23, 0x59,
    0xff, 0xff, 0x40, 0x0, 0x0, 0x0, 0x8, 0xff,
    0xff, 0xff, 0xff, 0xff, 0xff, 0xf7, 0x0, 0x0,
    0x0, 0x0, 0x0, 0x3a, 0xff, 0xff, 0xff, 0xff,
    0xf9, 0x30, 0x0, 0x0, 0x0, 0x0, 0x0, 0x0,
    0x4, 0x67, 0x87, 0x54, 0x0, 0x0, 0x0, 0x0,

    /* U+AC70 "거" */
    0x0, 0x0, 0x0, 0x0, 0x0, 0x0, 0x0, 0x0,
    0x0, 0x22, 0x21, 0x0, 0x0, 0x0, 0x0, 0x0,
    0x0, 0x0, 0x0, 0x0, 0xef, 0xf8, 0x0, 0x0,
    0x0, 0x0, 0x0, 0x0, 0x0, 0x0, 0x0, 0xef,
    0xf8, 0x2, 0x88, 0x88, 0x88, 0x88, 0x88, 0x83,
    0x0, 0x0, 0xef, 0xf8, 0x5, 0xff, 0xff, 0xff,
    0xff, 0xff, 0xf5, 0x0, 0x0, 0xef, 0xf8, 0x5,
    0xff, 0xff, 0xff, 0xff, 0xff, 0xf5, 0x0, 0x0,
    0xef, 0xf8, 0x0, 0x22, 0x22, 0x22, 0x24, 0xff,
    0xf3, 0x0, 0x0, 0xef, 0xf8, 0x0, 0x0, 0x0,
    0x0, 0x5, 0xff, 0xf1, 0x0, 0x0, 0xef, 0xf8,
    0x0, 0x0, 0x0, 0x0, 0x9, 0xff, 0xf0, 0x0,
    0x0, 0xef, 0xf8, 0x0, 0x0, 0x0, 0x0, 0xc,
    0xff, 0xb0, 0x0, 0x0, 0xef, 0xf8, 0x0, 0x0,
    0x0, 0x0, 0x1f, 0xff, 0x66, 0x99, 0x99, 0xff,
    0xf8, 0x0, 0x0, 0x0, 0x0, 0x8f, 0xff, 0x1b,
    0xff, 0xff, 0xff, 0xf8, 0x0, 0x0, 0x0, 0x2,
    0xff, 0xfa, 0xb, 0xff, 0xff, 0xff, 0xf8, 0x0,
    0x0, 0x0, 0xc, 0xff, 0xf2, 0x2, 0x44, 0x44,
    0xff, 0xf8, 0x0, 0x0, 0x0, 0xaf, 0xff, 0x80,
    0x0, 0x0, 0x0, 0xef, 0xf8, 0x0, 0x0, 0xa,
    0xff, 0xfd, 0x0, 0x0, 0x0, 0x0, 0xef, 0xf8,
    0x0, 0x2, 0xcf, 0xff, 0xd1, 0x0, 0x0, 0x0,
    0x0, 0xef, 0xf8, 0x0, 0x6f, 0xff, 0xfe, 0x20,
    0x0, 0x0, 0x0, 0x0, 0xef, 0xf8, 0x3d, 0xff,
    0xff, 0xb1, 0x0, 0x0, 0x0, 0x0, 0x0, 0xef,
    0xf8, 0xe, 0xff, 0xf8, 0x0, 0x0, 0x0, 0x0,
    0x0, 0x0, 0xef, 0xf8, 0x4, 0xfb, 0x20, 0x0,
    0x0, 0x0, 0x0, 0x0, 0x0, 0xef, 0xf8, 0x0,
    0x30, 0x0, 0x0, 0x0, 0x0, 0x0, 0x0, 0x0,
    0xef, 0xf8, 0x0, 0x0, 0x0, 0x0, 0x0, 0x0,
    0x0, 0x0, 0x0, 0xef, 0xf8, 0x0, 0x0, 0x0,
    0x0, 0x0, 0x0, 0x0, 0x0, 0x0, 0xef, 0xf8,
    0x0, 0x0, 0x0, 0x0, 0x0, 0x0, 0x0, 0x0,
    0x0, 0xef, 0xf8, 0x0, 0x0, 0x0, 0x0, 0x0,
    0x0, 0x0, 0x0, 0x0, 0xab, 0xb6,

    /* U+AC8C "게" */
    0x0, 0x0, 0x0, 0x0, 0x0, 0x0, 0x0, 0x0,
    0x0, 0x2, 0x22, 0x0, 0x0, 0x0, 0x0, 0x0,
    0x0, 0x0, 0x19, 0x99, 0x10, 0xef, 0xf5, 0x0,
    0x0, 0x0, 0x0, 0x0, 0x0, 0x2, 0xff, 0xf1,
    0xe, 0xff, 0x50, 0x3, 0x33, 0x33, 0x33, 0x33,
    0x20, 0x2f, 0xff, 0x10, 0xef, 0xf5, 0x1, 0xff,
    0xff, 0xff, 0xff, 0xfb, 0x2, 0xff, 0xf1, 0xe,
    0xff, 0x50, 0x1f, 0xff, 0xff, 0xff, 0xff, 0xa0,
    0x2f, 0xff, 0x10, 0xef, 0xf5, 0x0, 0x99, 0x99,
    0x99, 0xef, 0xf9, 0x2, 0xff, 0xf1, 0xe, 0xff,
    0x50, 0x0, 0x0, 0x0, 0xe, 0xff, 0x70, 0x2f,
    0xff, 0x10, 0xef, 0xf5, 0x0, 0x0, 0x0, 0x2,
    0xff, 0xf4, 0x2, 0xff, 0xf1, 0xe, 0xff, 0x50,
    0x0, 0x0, 0x0, 0x5f, 0xff, 0x10, 0x2f, 0xff,
    0x10, 0xef, 0xf5, 0x0, 0x0, 0x0, 0xa, 0xff,
    0xf8, 0x89, 0xff, 0xf1, 0xe, 0xff, 0x50, 0x0,
    0x0, 0x2, 0xff, 0xff, 0xff, 0xff, 0xff, 0x10,
    0xef, 0xf5, 0x0, 0x0, 0x0, 0xaf, 0xff, 0xff,
    0xff, 0xff, 0xf1, 0xe, 0xff, 0x50, 0x0, 0x0,
    0x4f, 0xff, 0xa3, 0x33, 0x5f, 0xff, 0x10, 0xef,
    0xf5, 0x0, 0x0, 0x3f, 0xff, 0xe1, 0x0, 0x2,
    0xff, 0xf1, 0xe, 0xff, 0x50, 0x0, 0x1e, 0xff,
    0xf5, 0x0, 0x0, 0x2f, 0xff, 0x10, 0xef, 0xf5,
    0x0, 0x3e, 0xff, 0xf8, 0x0, 0x0, 0x2, 0xff,
    0xf1, 0xe, 0xff, 0x50, 0x8f, 0xff, 0xf9, 0x0,
    0x0, 0x0, 0x2f, 0xff, 0x10, 0xef, 0xf5, 0x2f,
    0xff, 0xf7, 0x0, 0x0, 0x0, 0x2, 0xff, 0xf1,
    0xe, 0xff, 0x50, 0x5f, 0xd4, 0x0, 0x0, 0x0,
    0x0, 0x2f, 0xff, 0x10, 0xef, 0xf5, 0x0, 0x50,
    0x0, 0x0, 0x0, 0x0, 0x2, 0xff, 0xf1, 0xe,
    0xff, 0x50, 0x0, 0x0, 0x0, 0x0, 0x0, 0x0,
    0x2f, 0xff, 0x10, 0xef, 0xf5, 0x0, 0x0, 0x0,
    0x0, 0x0, 0x0, 0x2, 0xff, 0xf1, 0xe, 0xff,
    0x50, 0x0, 0x0, 0x0, 0x0, 0x0, 0x0, 0x2f,
    0xff, 0x10, 0xef, 0xf5, 0x0, 0x0, 0x0, 0x0,
    0x0, 0x0, 0x1, 0xaa, 0xa1, 0xe, 0xff, 0x50,
    0x0, 0x0, 0x0, 0x0, 0x0, 0x0, 0x0, 0x0,
    0x0, 0xab, 0xb4,

    /* U+ACB0 "결" */
    0x0, 0x0, 0x0, 0x0, 0x0, 0x0, 0x0, 0x0,
    0x1, 0x22, 0x20, 0x1, 0x33, 0x33, 0x33, 0x33,
    0x33, 0x20, 0x0, 0x8, 0xff, 0xe0, 0x5, 0xff,
    0xff, 0xff, 0xff, 0xff, 0xd0, 0x0, 0x8, 0xff,
    0xe0, 0x5, 0xff, 0xff, 0xff, 0xff, 0xff, 0xc0,
    0x0, 0x9, 0xff, 0xe0, 0x3, 0x99, 0x99, 0x99,
    0x9f, 0xff, 0xff, 0xff, 0xff, 0xff, 0xe0, 0x0,
    0x0, 0x0, 0x0, 0x4f, 0xff, 0xff, 0xff, 0xff,
    0xff, 0xe0, 0x0, 0x0, 0x0, 0x0, 0xbf, 0xff,
    0x99, 0x99, 0x9d, 0xff, 0xe0, 0x0, 0x0, 0x0,
    0x9, 0xff, 0xf7, 0x0, 0x0, 0x8, 0xff, 0xe0,
    0x0, 0x0, 0x1, 0xaf, 0xff, 0xd2, 0x99, 0x99,
    0x9d, 0xff, 0xe0, 0x0, 0x2, 0x8f, 0xff, 0xfd,
    0x23, 0xff, 0xff, 0xff, 0xff, 0xe0, 0x49, 0xdf,
    0xff, 0xff, 0xc1, 0x3, 0xff, 0xff, 0xff, 0xff,
    0xe0, 0x6f, 0xff, 0xff, 0xe7, 0x0, 0x0, 0x0,
    0x0, 0x9, 0xff, 0xe0, 0x1f, 0xff, 0xc7, 0x0,
    0x0, 0x0, 0x0, 0x0, 0x8, 0xff, 0xe0, 0x6,
    0x61, 0x0, 0x0, 0x0, 0x0, 0x0, 0x0, 0x0,
    0x11, 0x10, 0x0, 0x0, 0x9f, 0xff, 0xff, 0xff,
    0xff, 0xff, 0xff, 0xff, 0xe0, 0x0, 0x0, 0x9f,
    0xff, 0xff, 0xff, 0xff, 0xff, 0xff, 0xff, 0xe0,
    0x0, 0x0, 0x7c, 0xcc, 0xcc, 0xcc, 0xcc, 0xcc,
    0xce, 0xff, 0xe0, 0x0, 0x0, 0x0, 0x0, 0x0,
    0x0, 0x0, 0x0, 0x8, 0xff, 0xe0, 0x0, 0x0,
    0x59, 0x99, 0x99, 0x99, 0x99, 0x99, 0x9d, 0xff,
    0xe0, 0x0, 0x0, 0x9f, 0xff, 0xff, 0xff, 0xff,
    0xff, 0xff, 0xff, 0xe0, 0x0, 0x0, 0x9f, 0xff,
    0xff, 0xff, 0xff, 0xff, 0xff, 0xff, 0xe0, 0x0,
    0x0, 0x9f, 0xfe, 0x0, 0x0, 0x0, 0x0, 0x0,
    0x0, 0x0, 0x0, 0x0, 0x9f, 0xff, 0xbb, 0xbb,
    0xbb, 0xbb, 0xbb, 0xbb, 0xb5, 0x0, 0x0, 0x9f,
    0xff, 0xff, 0xff, 0xff, 0xff, 0xff, 0xff, 0xf7,
    0x0, 0x0, 0x9f, 0xff, 0xff, 0xff, 0xff, 0xff,
    0xff, 0xff, 0xf7, 0x0, 0x0, 0x0, 0x0, 0x0,
    0x0, 0x0, 0x0, 0x0, 0x0, 0x0,

    /* U+ACE0 "고" */
    0x0, 0x0, 0x0, 0x0, 0x0, 0x0, 0x0, 0x0,
    0x0, 0x0, 0x0, 0x0, 0x0, 0xb, 0xff, 0xff,
    0xff, 0xff, 0xff, 0xff, 0xff, 0xff, 0xf6, 0x0,
    0x0, 0xb, 0xff, 0xff, 0xff, 0xff, 0xff, 0xff,
    0xff, 0xff, 0xf6, 0x0, 0x0, 0x8, 0xbb, 0xbb,
    0xbb, 0xbb, 0xbb, 0xbb, 0xbb, 0xff, 0xf6, 0x0,
    0x0, 0x0, 0x0, 0x0, 0x0, 0x0, 0x0, 0x0,
    0x1, 0xff, 0xf6, 0x0, 0x0, 0x0, 0x0, 0x0,
    0x0, 0x0, 0x0, 0x0, 0x1, 0xff, 0xf6, 0x0,
    0x0, 0x0, 0x0, 0x0, 0x0, 0x0, 0x0, 0x0,
    0x2, 0xff, 0xf6, 0x0, 0x0, 0x0, 0x0, 0x0,
    0x0, 0x0, 0x0, 0x0, 0x2, 0xff, 0xf5, 0x0,
    0x0, 0x0, 0x0, 0x0, 0x0, 0x0, 0x0, 0x0,
    0x3, 0xff, 0xf4, 0x0, 0x0, 0x0, 0x0, 0x0,
    0xa, 0xbb, 0x50, 0x0, 0x5, 0xff, 0xf3, 0x0,
    0x0, 0x0, 0x0, 0x0, 0xf, 0xff, 0x80, 0x0,
    0x6, 0xff, 0xf1, 0x0, 0x0, 0x0, 0x0, 0x0,
    0xf, 0xff, 0x80, 0x0, 0x8, 0xff, 0xf0, 0x0,
    0x0, 0x0, 0x0, 0x0, 0xf, 0xff, 0x80, 0x0,
    0xa, 0xff, 0xd0, 0x0, 0x0, 0x0, 0x0, 0x0,
    0xf, 0xff, 0x80, 0x0, 0xd, 0xff, 0xb0, 0x0,
    0x0, 0x0, 0x0, 0x0, 0xf, 0xff, 0x80, 0x0,
    0xf, 0xff, 0x80, 0x0, 0x0, 0x0, 0x0, 0x0,
    0xf, 0xff, 0x80, 0x0, 0x0, 0x12, 0x10, 0x0,
    0x0, 0x0, 0x0, 0x0, 0xf, 0xff, 0x80, 0x0,
    0x0, 0x0, 0x0, 0x0, 0x2, 0x22, 0x22, 0x22,
    0x2f, 0xff, 0x92, 0x22, 0x22, 0x22, 0x22, 0x21,
    0x1f, 0xff, 0xff, 0xff, 0xff, 0xff, 0xff, 0xff,
    0xff, 0xff, 0xff, 0xf9, 0x1f, 0xff, 0xff, 0xff,
    0xff, 0xff, 0xff, 0xff, 0xff, 0xff, 0xff, 0xf9,
    0xb, 0xbb, 0xbb, 0xbb, 0xbb, 0xbb, 0xbb, 0xbb,
    0xbb, 0xbb, 0xbb, 0xb7,

    /* U+ACE7 "곧" */
    0x0, 0x0, 0x11, 0x11, 0x11, 0x11, 0x11, 0x11,
    0x11, 0x11, 0x10, 0x0, 0x0, 0x8, 0xff, 0xff,
    0xff, 0xff, 0xff, 0xff, 0xff, 0xff, 0xd0, 0x0,
    0x0, 0x8, 0xff, 0xff, 0xff, 0xff, 0xff, 0xff,
    0xff, 0xff, 0xd0, 0x0, 0x0, 0x5, 0xaa, 0xaa,
    0xaa, 0xaa, 0xaa, 0xaa, 0xae, 0xff, 0xc0, 0x0,
    0x0, 0x0, 0x0, 0x0, 0x0, 0x0, 0x0, 0x0,
    0xb, 0xff, 0xc0, 0x0, 0x0, 0x0, 0x0, 0x0,
    0x0, 0x0, 0x0, 0x0, 0xb, 0xff, 0xc0, 0x0,
    0x0, 0x0, 0x0, 0x0, 0x8, 0xdd, 0xb0, 0x0,
    0xd, 0xff, 0xa0, 0x0, 0x0, 0x0, 0x0, 0x0,
    0x9, 0xff, 0xd0, 0x0, 0xf, 0xff, 0x70, 0x0,
    0x0, 0x0, 0x0, 0x0, 0x9, 0xff, 0xd0, 0x0,
    0x3f, 0xff, 0x40, 0x0, 0x0, 0x0, 0x0, 0x0,
    0x9, 0xff, 0xd0, 0x0, 0x0, 0x13, 0x0, 0x0,
    0xb, 0xbb, 0xbb, 0xbb, 0xbe, 0xff, 0xfb, 0xbb,
    0xbb, 0xbb, 0xbb, 0xb5, 0x1f, 0xff, 0xff, 0xff,
    0xff, 0xff, 0xff, 0xff, 0xff, 0xff, 0xff, 0xf7,
    0x1f, 0xff, 0xff, 0xff, 0xff, 0xff, 0xff, 0xff,
    0xff, 0xff, 0xff, 0xf7, 0x0, 0x0, 0x0, 0x0,
    0x0, 0x0, 0x0, 0x0, 0x0, 0x0, 0x0, 0x0,
    0x0, 0x0, 0x0, 0x0, 0x0, 0x0, 0x0, 0x0,
    0x0, 0x0, 0x0, 0x0, 0x0, 0x6, 0xcc, 0xcc,
    0xcc, 0xcc, 0xcc, 0xcc, 0xcc, 0xcc, 0x90, 0x0,
    0x0, 0x7, 0xff, 0xff, 0xff, 0xff, 0xff, 0xff,
    0xff, 0xff, 0xb0, 0x0, 0x0, 0x7, 0xff, 0xff,
    0xff, 0xff, 0xff, 0xff, 0xff, 0xff, 0xb0, 0x0,
    0x0, 0x7, 0xff, 0xf0, 0x0, 0x0, 0x0, 0x0,
    0x0, 0x0, 0x0, 0x0, 0x0, 0x7, 0xff, 0xf0,
    0x0, 0x0, 0x0, 0x0, 0x0, 0x0, 0x0, 0x0,
    0x0, 0x7, 0xff, 0xf0, 0x0, 0x0, 0x0, 0x0,
    0x0, 0x0, 0x0, 0x0, 0x0, 0x7, 0xff, 0xfc,
    0xbb, 0xbb, 0xbb, 0xbb, 0xbb, 0xbb, 0xb0, 0x0,
    0x0, 0x7, 0xff, 0xff, 0xff, 0xff, 0xff, 0xff,
    0xff, 0xff, 0xf0, 0x0, 0x0, 0x7, 0xff, 0xff,
    0xff, 0xff, 0xff, 0xff, 0xff, 0xff, 0xf0, 0x0,
    0x0, 0x0, 0x0, 0x0, 0x0, 0x0, 0x0, 0x0,
    0x0, 0x0, 0x0, 0x0,

    /* U+ACF5 "공" */
    0x0, 0x0, 0x0, 0x0, 0x0, 0x0, 0x0, 0x0,
    0x0, 0x0, 0x0, 0x0, 0x0, 0x8, 0xff, 0xff,
    0xff, 0xff, 0xff, 0xff, 0xff, 0xff, 0xd0, 0x0,
    0x0, 0x8, 0xff, 0xff, 0xff, 0xff, 0xff, 0xff,
    0xff, 0xff, 0xd0, 0x0, 0x0, 0x5, 0xaa, 0xaa,
    0xaa, 0xaa, 0xaa, 0xaa, 0xae, 0xff, 0xc0, 0x0,
    0x0, 0x0, 0x0, 0x0, 0x0, 0x0, 0x0, 0x0,
    0xa, 0xff, 0xc0, 0x0, 0x0, 0x0, 0x0, 0x0,
    0x0, 0x0, 0x0, 0x0, 0xb, 0xff, 0xc0, 0x0,
    0x0, 0x0, 0x0, 0x0, 0x3, 0x66, 0x50, 0x0,
    0xd, 0xff, 0xa0, 0x0, 0x0, 0x0, 0x0, 0x0,
    0x9, 0xff, 0xd0, 0x0, 0xf, 0xff, 0x70, 0x0,
    0x0, 0x0, 0x0, 0x0, 0x9, 0xff, 0xd0, 0x0,
    0x2f, 0xff, 0x50, 0x0, 0x0, 0x0, 0x0, 0x0,
    0x9, 0xff, 0xd0, 0x0, 0x16, 0x89, 0x10, 0x0,
    0x0, 0x0, 0x0, 0x0, 0xa, 0xff, 0xd0, 0x0,
    0x0, 0x0, 0x0, 0x0, 0x1f, 0xff, 0xff, 0xff,
    0xff, 0xff, 0xff, 0xff, 0xff, 0xff, 0xff, 0xf7,
    0x1f, 0xff, 0xff, 0xff, 0xff, 0xff, 0xff, 0xff,
    0xff, 0xff, 0xff, 0xf7, 0xc, 0xcc, 0xcc, 0xcc,
    0xcc, 0xcc, 0xcc, 0xcc, 0xcc, 0xcc, 0xcc, 0xc6,
    0x0, 0x0, 0x0, 0x0, 0x0, 0x0, 0x0, 0x0,
    0x0, 0x0, 0x0, 0x0, 0x0, 0x0, 0x0, 0x3,
    0x8a, 0xbc, 0xdb, 0xa8, 0x40, 0x0, 0x0, 0x0,
    0x0, 0x0, 0x8, 0xef, 0xff, 0xff, 0xff, 0xff,
    0xff, 0x91, 0x0, 0x0, 0x0, 0x0, 0xcf, 0xff,
    0xfe, 0xdc, 0xcd, 0xef, 0xff, 0xfd, 0x10, 0x0,
    0x0, 0x7, 0xff, 0xfa, 0x20, 0x0, 0x0, 0x2,
    0x8f, 0xff, 0xa0, 0x0, 0x0, 0xb, 0xff, 0xd0,
    0x0, 0x0, 0x0, 0x0, 0xa, 0xff, 0xe0, 0x0,
    0x0, 0xa, 0xff, 0xe1, 0x0, 0x0, 0x0, 0x0,
    0xc, 0xff, 0xd0, 0x0, 0x0, 0x4, 0xff, 0xfe,
    0x85, 0x32, 0x23, 0x48, 0xdf, 0xff, 0x70, 0x0,
    0x0, 0x0, 0x7f, 0xff, 0xff, 0xff, 0xff, 0xff,
    0xff, 0xf9, 0x0, 0x0, 0x0, 0x0, 0x2, 0x9e,
    0xff, 0xff, 0xff, 0xff, 0xe9, 0x40, 0x0, 0x0,
    0x0, 0x0, 0x0, 0x0, 0x34, 0x67, 0x76, 0x43,
    0x0, 0x0, 0x0, 0x0,

    /* U+ADE0 "균" */
    0x0, 0x0, 0x0, 0x0, 0x0, 0x0, 0x0, 0x0,
    0x0, 0x0, 0x0, 0x0, 0x0, 0x5, 0xff, 0xff,
    0xff, 0xff, 0xff, 0xff, 0xff, 0xff, 0xf0, 0x0,
    0x0, 0x5, 0xff, 0xff, 0xff, 0xff, 0xff, 0xff,
    0xff, 0xff, 0xf0, 0x0, 0x0, 0x3, 0xaa, 0xaa,
    0xaa, 0xaa, 0xaa, 0xaa, 0xad, 0xff, 0xf0, 0x0,
    0x0, 0x0, 0x0, 0x0, 0x0, 0x0, 0x0, 0x0,
    0x7, 0xff, 0xf0, 0x0, 0x0, 0x0, 0x0, 0x0,
    0x0, 0x0, 0x0, 0x0, 0x8, 0xff, 0xf0, 0x0,
    0x0, 0x0, 0x0, 0x0, 0x0, 0x0, 0x0, 0x0,
    0x9, 0xff, 0xe0, 0x0, 0x0, 0x0, 0x0, 0x0,
    0x0, 0x0, 0x0, 0x0, 0xa, 0xff, 0xc0, 0x0,
    0x0, 0x0, 0x0, 0x0, 0x0, 0x0, 0x0, 0x0,
    0xc, 0xff, 0xa0, 0x0, 0x0, 0x0, 0x0, 0x0,
    0x0, 0x0, 0x0, 0x0, 0xe, 0xff, 0x80, 0x0,
    0x1f, 0xff, 0xff, 0xff, 0xff, 0xff, 0xff, 0xff,
    0xff, 0xff, 0xff, 0xfb, 0x1f, 0xff, 0xff, 0xff,
    0xff, 0xff, 0xff, 0xff, 0xff, 0xff, 0xff, 0xfb,
    0xc, 0xcc, 0xcc, 0xcc, 0xef, 0xff, 0xcc, 0xdf,
    0xff, 0xcc, 0xcc, 0xc8, 0x0, 0x0, 0x0, 0x0,
    0x8f, 0xfe, 0x0, 0x6f, 0xff, 0x0, 0x0, 0x0,
    0x0, 0x0, 0x0, 0x0, 0x8f, 0xfe, 0x0, 0x6f,
    0xff, 0x0, 0x0, 0x0, 0x0, 0x0, 0x0, 0x0,
    0x8f, 0xfe, 0x0, 0x6f, 0xff, 0x0, 0x0, 0x0,
    0x0, 0xa, 0xff, 0xd0, 0x8f, 0xfe, 0x0, 0x6f,
    0xff, 0x0, 0x0, 0x0, 0x0, 0xa, 0xff, 0xd0,
    0x8f, 0xfe, 0x0, 0x6f, 0xff, 0x0, 0x0, 0x0,
    0x0, 0xa, 0xff, 0xd0, 0x13, 0x33, 0x0, 0x13,
    0x33, 0x0, 0x0, 0x0, 0x0, 0xa, 0xff, 0xd0,
    0x0, 0x0, 0x0, 0x0, 0x0, 0x0, 0x0, 0x0,
    0x0, 0xa, 0xff, 0xd0, 0x0, 0x0, 0x0, 0x0,
    0x0, 0x0, 0x0, 0x0, 0x0, 0xa, 0xff, 0xfb,
    0xbb, 0xbb, 0xbb, 0xbb, 0xbb, 0xbb, 0xb7, 0x0,
    0x0, 0xa, 0xff, 0xff, 0xff, 0xff, 0xff, 0xff,
    0xff, 0xff, 0xfa, 0x0, 0x0, 0xa, 0xff, 0xff,
    0xff, 0xff, 0xff, 0xff, 0xff, 0xff, 0xfa, 0x0,
    0x0, 0x0, 0x0, 0x0, 0x0, 0x0, 0x0, 0x0,
    0x0, 0x0, 0x0, 0x0,

    /* U+AE30 "기" */
    0x0, 0x0, 0x0, 0x0, 0x0, 0x0, 0x0, 0x0,
    0x0, 0x22, 0x21, 0x0, 0x0, 0x0, 0x0, 0x0,
    0x0, 0x0, 0x0, 0x0, 0xff, 0xf9, 0x0, 0x0,
    0x0, 0x0, 0x0, 0x0, 0x0, 0x0, 0x0, 0xff,
    0xf9, 0x0, 0x88, 0x88, 0x88, 0x88, 0x88, 0x88,
    0x0, 0x0, 0xff, 0xf9, 0x0, 0xef, 0xff, 0xff,
    0xff, 0xff, 0xff, 0x0, 0x0, 0xff, 0xf9, 0x0,
    0xef, 0xff, 0xff, 0xff, 0xff, 0xff, 0x0, 0x0,
    0xff, 0xf9, 0x0, 0x22, 0x22, 0x22, 0x22, 0x9f,
    0xfe, 0x0, 0x0, 0xff, 0xf9, 0x0, 0x0, 0x0,
    0x0, 0x0, 0xbf, 0xfc, 0x0, 0x0, 0xff, 0xf9,
    0x0, 0x0, 0x0, 0x0, 0x0, 0xff, 0xf9, 0x0,
    0x0, 0xff, 0xf9, 0x0, 0x0, 0x0, 0x0, 0x3,
    0xff, 0xf5, 0x0, 0x0, 0xff, 0xf9, 0x0, 0x0,
    0x0, 0x0, 0x8, 0xff, 0xf1, 0x0, 0x0, 0xff,
    0xf9, 0x0, 0x0, 0x0, 0x0, 0xe, 0xff, 0xb0,
    0x0, 0x0, 0xff, 0xf9, 0x0, 0x0, 0x0, 0x0,
    0x9f, 0xff, 0x30, 0x0, 0x0, 0xff, 0xf9, 0x0,
    0x0, 0x0, 0x4, 0xff, 0xfc, 0x0, 0x0, 0x0,
    0xff, 0xf9, 0x0, 0x0, 0x0, 0x3f, 0xff, 0xf2,
    0x0, 0x0, 0x0, 0xff, 0xf9, 0x0, 0x0, 0x4,
    0xff, 0xff, 0x60, 0x0, 0x0, 0x0, 0xff, 0xf9,
    0x0, 0x0, 0x8f, 0xff, 0xf8, 0x0, 0x0, 0x0,
    0x0, 0xff, 0xf9, 0x0, 0x4d, 0xff, 0xff, 0x80,
    0x0, 0x0, 0x0, 0x0, 0xff, 0xf9, 0x1b, 0xff,
    0xff, 0xf6, 0x0, 0x0, 0x0, 0x0, 0x0, 0xff,
    0xf9, 0xb, 0xff, 0xfd, 0x20, 0x0, 0x0, 0x0,
    0x0, 0x0, 0xff, 0xf9, 0x1, 0xfe, 0x60, 0x0,
    0x0, 0x0, 0x0, 0x0, 0x0, 0xff, 0xf9, 0x0,
    0x30, 0x0, 0x0, 0x0, 0x0, 0x0, 0x0, 0x0,
    0xff, 0xf9, 0x0, 0x0, 0x0, 0x0, 0x0, 0x0,
    0x0, 0x0, 0x0, 0xff, 0xf9, 0x0, 0x0, 0x0,
    0x0, 0x0, 0x0, 0x0, 0x0, 0x0, 0xff, 0xf9,
    0x0, 0x0, 0x0, 0x0, 0x0, 0x0, 0x0, 0x0,
    0x0, 0xff, 0xf9, 0x0, 0x0, 0x0, 0x0, 0x0,
    0x0, 0x0, 0x0, 0x0, 0xbb, 0xb6,

    /* U+B0B4 "내" */
    0x0, 0x0, 0x0, 0x0, 0x0, 0x0, 0x0, 0x0,
    0x0, 0x22, 0x20, 0x0, 0x0, 0x0, 0x0, 0x0,
    0x0, 0x4b, 0xba, 0x0, 0xff, 0xf5, 0x0, 0x0,
    0x0, 0x0, 0x0, 0x0, 0x5f, 0xfe, 0x0, 0xff,
    0xf5, 0x6, 0x66, 0x20, 0x0, 0x0, 0x0, 0x5f,
    0xfe, 0x0, 0xff, 0xf5, 0x1f, 0xff, 0x60, 0x0,
    0x0, 0x0, 0x5f, 0xfe, 0x0, 0xff, 0xf5, 0x1f,
    0xff, 0x60, 0x0, 0x0, 0x0, 0x5f, 0xfe, 0x0,
    0xff, 0xf5, 0x1f, 0xff, 0x60, 0x0, 0x0, 0x0,
    0x5f, 0xfe, 0x0, 0xff, 0xf5, 0x1f, 0xff, 0x60,
    0x0, 0x0, 0x0, 0x5f, 0xfe, 0x0, 0xff, 0xf5,
    0x1f, 0xff, 0x60, 0x0, 0x0, 0x0, 0x5f, 0xfe,
    0x0, 0xff, 0xf5, 0x1f, 0xff, 0x60, 0x0, 0x0,
    0x0, 0x5f, 0xfe, 0x0, 0xff, 0xf5, 0x1f, 0xff,
    0x60, 0x0, 0x0, 0x0, 0x5f, 0xff, 0x88, 0xff,
    0xf5, 0x1f, 0xff, 0x60, 0x0, 0x0, 0x0, 0x5f,
    0xff, 0xff, 0xff, 0xf5, 0x1f, 0xff, 0x60, 0x0,
    0x0, 0x0, 0x5f, 0xff, 0xff, 0xff, 0xf5, 0x1f,
    0xff, 0x60, 0x0, 0x0, 0x0, 0x5f, 0xfe, 0x44,
    0xff, 0xf5, 0x1f, 0xff, 0x60, 0x0, 0x0, 0x0,
    0x5f, 0xfe, 0x0, 0xff, 0xf5, 0x1f, 0xff, 0x60,
    0x0, 0x0, 0x0, 0x5f, 0xfe, 0x0, 0xff, 0xf5,
    0x1f, 0xff, 0xa7, 0x89, 0xbd, 0xf4, 0x5f, 0xfe,
    0x0, 0xff, 0xf5, 0x1f, 0xff, 0xff, 0xff, 0xff,
    0xf6, 0x5f, 0xfe, 0x0, 0xff, 0xf5, 0x1f, 0xff,
    0xff, 0xff, 0xff, 0xf7, 0x5f, 0xfe, 0x0, 0xff,
    0xf5, 0xa, 0xaa, 0x98, 0x86, 0x42, 0x0, 0x5f,
    0xfe, 0x0, 0xff, 0xf5, 0x0, 0x0, 0x0, 0x0,
    0x0, 0x0, 0x5f, 0xfe, 0x0, 0xff, 0xf5, 0x0,
    0x0, 0x0, 0x0, 0x0, 0x0, 0x5f, 0xfe, 0x0,
    0xff, 0xf5, 0x0, 0x0, 0x0, 0x0, 0x0, 0x0,
    0x5f, 0xfe, 0x0, 0xff, 0xf5, 0x0, 0x0, 0x0,
    0x0, 0x0, 0x0, 0x5f, 0xfe, 0x0, 0xff, 0xf5,
    0x0, 0x0, 0x0, 0x0, 0x0, 0x0, 0x38, 0x87,
    0x0, 0xff, 0xf5, 0x0, 0x0, 0x0, 0x0, 0x0,
    0x0, 0x0, 0x0, 0x0, 0xbb, 0xb4,

    /* U+B2C8 "니" */
    0x0, 0x0, 0x0, 0x0, 0x0, 0x0, 0x0, 0x0,
    0x22, 0x21, 0x0, 0x0, 0x0, 0x0, 0x0, 0x0,
    0x0, 0x0, 0xef, 0xf8, 0x0, 0x0, 0x0, 0x0,
    0x0, 0x0, 0x0, 0x0, 0xef, 0xf8, 0xbc, 0xc6,
    0x0, 0x0, 0x0, 0x0, 0x0, 0x0, 0xef, 0xf8,
    0xef, 0xf8, 0x0, 0x0, 0x0, 0x0, 0x0, 0x0,
    0xef, 0xf8, 0xef, 0xf8, 0x0, 0x0, 0x0, 0x0,
    0x0, 0x0, 0xef, 0xf8, 0xef, 0xf8, 0x0, 0x0,
    0x0, 0x0, 0x0, 0x0, 0xef, 0xf8, 0xef, 0xf8,
    0x0, 0x0, 0x0, 0x0, 0x0, 0x0, 0xef, 0xf8,
    0xef, 0xf8, 0x0, 0x0, 0x0, 0x0, 0x0, 0x0,
    0xef, 0xf8, 0xef, 0xf8, 0x0, 0x0, 0x0, 0x0,
    0x0, 0x0, 0xef, 0xf8, 0xef, 0xf8, 0x0, 0x0,
    0x0, 0x0, 0x0, 0x0, 0xef, 0xf8, 0xef, 0xf8,
    0x0, 0x0, 0x0, 0x0, 0x0, 0x0, 0xef, 0xf8,
    0xef, 0xf8, 0x0, 0x0, 0x0, 0x0, 0x0, 0x0,
    0xef, 0xf8, 0xef, 0xf8, 0x0, 0x0, 0x0, 0x0,
    0x0, 0x0, 0xef, 0xf8, 0xef, 0xf8, 0x0, 0x0,
    0x0, 0x0, 0x0, 0x0, 0xef, 0xf8, 0xef, 0xf8,
    0x0, 0x0, 0x0, 0x1, 0x36, 0x0, 0xef, 0xf8,
    0xef, 0xfb, 0x78, 0x9a, 0xac, 0xff, 0xff, 0x30,
    0xef, 0xf8, 0xef, 0xff, 0xff, 0xff, 0xff, 0xff,
    0xff, 0x50, 0xef, 0xf8, 0xef, 0xff, 0xff, 0xff,
    0xff, 0xfd, 0xb8, 0x30, 0xef, 0xf8, 0x89, 0x98,
    0x77, 0x65, 0x42, 0x0, 0x0, 0x0, 0xef, 0xf8,
    0x0, 0x0, 0x0, 0x0, 0x0, 0x0, 0x0, 0x0,
    0xef, 0xf8, 0x0, 0x0, 0x0, 0x0, 0x0, 0x0,
    0x0, 0x0, 0xef, 0xf8, 0x0, 0x0, 0x0, 0x0,
    0x0, 0x0, 0x0, 0x0, 0xef, 0xf8, 0x0, 0x0,
    0x0, 0x0, 0x0, 0x0, 0x0, 0x0, 0xef, 0xf8,
    0x0, 0x0, 0x0, 0x0, 0x0, 0x0, 0x0, 0x0,
    0xef, 0xf8, 0x0, 0x0, 0x0, 0x0, 0x0, 0x0,
    0x0, 0x0, 0xab, 0xb6,

    /* U+B2E4 "다" */
    0x0, 0x0, 0x0, 0x0, 0x0, 0x0, 0x0, 0x0,
    0x22, 0x21, 0x0, 0x0, 0x0, 0x0, 0x0, 0x0,
    0x0, 0x0, 0x0, 0x1, 0xff, 0xf6, 0x0, 0x0,
    0x0, 0x0, 0x0, 0x0, 0x0, 0x0, 0x0, 0x1,
    0xff, 0xf6, 0x0, 0x0, 0x3d, 0xdd, 0xdd, 0xdd,
    0xdd, 0xdd, 0x50, 0x1, 0xff, 0xf6, 0x0, 0x0,
    0x4f, 0xff, 0xff, 0xff, 0xff, 0xff, 0x60, 0x1,
    0xff, 0xf6, 0x0, 0x0, 0x4f, 0xff, 0xff, 0xff,
    0xff, 0xff, 0x60, 0x1, 0xff, 0xf6, 0x0, 0x0,
    0x4f, 0xff, 0x30, 0x0, 0x0, 0x0, 0x0, 0x1,
    0xff, 0xf6, 0x0, 0x0, 0x4f, 0xff, 0x30, 0x0,
    0x0, 0x0, 0x0, 0x1, 0xff, 0xf6, 0x0, 0x0,
    0x4f, 0xff, 0x30, 0x0, 0x0, 0x0, 0x0, 0x1,
    0xff, 0xf6, 0x0, 0x0, 0x4f, 0xff, 0x30, 0x0,
    0x0, 0x0, 0x0, 0x1, 0xff, 0xf6, 0x0, 0x0,
    0x4f, 0xff, 0x30, 0x0, 0x0, 0x0, 0x0, 0x1,
    0xff, 0xff, 0xee, 0xe1, 0x4f, 0xff, 0x30, 0x0,
    0x0, 0x0, 0x0, 0x1, 0xff, 0xff, 0xff, 0xf1,
    0x4f, 0xff, 0x30, 0x0, 0x0, 0x0, 0x0, 0x1,
    0xff, 0xff, 0xee, 0xe1, 0x4f, 0xff, 0x30, 0x0,
    0x0, 0x0, 0x0, 0x1, 0xff, 0xf6, 0x0, 0x0,
    0x4f, 0xff, 0x30, 0x0, 0x0, 0x0, 0x0, 0x1,
    0xff, 0xf6, 0x0, 0x0, 0x4f, 0xff, 0x30, 0x0,
    0x0, 0x0, 0x0, 0x1, 0xff, 0xf6, 0x0, 0x0,
    0x4f, 0xff, 0x52, 0x33, 0x45, 0x79, 0xbd, 0x21,
    0xff, 0xf6, 0x0, 0x0, 0x4f, 0xff, 0xff, 0xff,
    0xff, 0xff, 0xff, 0x41, 0xff, 0xf6, 0x0, 0x0,
    0x4f, 0xff, 0xff, 0xff, 0xff, 0xff, 0xff, 0x71,
    0xff, 0xf6, 0x0, 0x0, 0x3b, 0xbb, 0xbb, 0xba,
    0xa8, 0x75, 0x32, 0x1, 0xff, 0xf6, 0x0, 0x0,
    0x0, 0x0, 0x0, 0x0, 0x0, 0x0, 0x0, 0x1,
    0xff, 0xf6, 0x0, 0x0, 0x0, 0x0, 0x0, 0x0,
    0x0, 0x0, 0x0, 0x1, 0xff, 0xf6, 0x0, 0x0,
    0x0, 0x0, 0x0, 0x0, 0x0, 0x0, 0x0, 0x1,
    0xff, 0xf6, 0x0, 0x0, 0x0, 0x0, 0x0, 0x0,
    0x0, 0x0, 0x0, 0x1, 0xff, 0xf6, 0x0, 0x0,
    0x0, 0x0, 0x0, 0x0, 0x0, 0x0, 0x0, 0x1,
    0xff, 0xf6, 0x0, 0x0, 0x0, 0x0, 0x0, 0x0,
    0x0, 0x0, 0x0, 0x0, 0xcc, 0xc5, 0x0, 0x0,

    /* U+B300 "대" */
    0x0, 0x0, 0x0, 0x0, 0x0, 0x0, 0x0, 0x0,
    0x0, 0x22, 0x20, 0x0, 0x0, 0x0, 0x0, 0x0,
    0x0, 0xab, 0xb3, 0x0, 0xff, 0xf4, 0x0, 0x0,
    0x0, 0x0, 0x0, 0x0, 0xdf, 0xf5, 0x0, 0xff,
    0xf4, 0x24, 0x44, 0x44, 0x44, 0x43, 0x0, 0xdf,
    0xf5, 0x0, 0xff, 0xf4, 0x8f, 0xff, 0xff, 0xff,
    0xfb, 0x0, 0xdf, 0xf5, 0x0, 0xff, 0xf4, 0x8f,
    0xff, 0xff, 0xff, 0xfb, 0x0, 0xdf, 0xf5, 0x0,
    0xff, 0xf4, 0x8f, 0xff, 0x88, 0x88, 0x86, 0x0,
    0xdf, 0xf5, 0x0, 0xff, 0xf4, 0x8f, 0xff, 0x0,
    0x0, 0x0, 0x0, 0xdf, 0xf5, 0x0, 0xff, 0xf4,
    0x8f, 0xff, 0x0, 0x0, 0x0, 0x0, 0xdf, 0xf5,
    0x0, 0xff, 0xf4, 0x8f, 0xff, 0x0, 0x0, 0x0,
    0x0, 0xdf, 0xf5, 0x0, 0xff, 0xf4, 0x8f, 0xff,
    0x0, 0x0, 0x0, 0x0, 0xdf, 0xfb, 0x89, 0xff,
    0xf4, 0x8f, 0xff, 0x0, 0x0, 0x0, 0x0, 0xdf,
    0xff, 0xff, 0xff, 0xf4, 0x8f, 0xff, 0x0, 0x0,
    0x0, 0x0, 0xdf, 0xff, 0xff, 0xff, 0xf4, 0x8f,
    0xff, 0x0, 0x0, 0x0, 0x0, 0xdf, 0xf7, 0x34,
    0xff, 0xf4, 0x8f, 0xff, 0x0, 0x0, 0x0, 0x0,
    0xdf, 0xf5, 0x0, 0xff, 0xf4, 0x8f, 0xff, 0x0,
    0x0, 0x0, 0x0, 0xdf, 0xf5, 0x0, 0xff, 0xf4,
    0x8f, 0xff, 0x0, 0x0, 0x14, 0x40, 0xdf, 0xf5,
    0x0, 0xff, 0xf4, 0x8f, 0xff, 0xee, 0xff, 0xff,
    0xd0, 0xdf, 0xf5, 0x0, 0xff, 0xf4, 0x8f, 0xff,
    0xff, 0xff, 0xff, 0xf0, 0xdf, 0xf5, 0x0, 0xff,
    0xf4, 0x8f, 0xff, 0xff, 0xfd, 0xb9, 0x70, 0xdf,
    0xf5, 0x0, 0xff, 0xf4, 0x1, 0x10, 0x0, 0x0,
    0x0, 0x0, 0xdf, 0xf5, 0x0, 0xff, 0xf4, 0x0,
    0x0, 0x0, 0x0, 0x0, 0x0, 0xdf, 0xf5, 0x0,
    0xff, 0xf4, 0x0, 0x0, 0x0, 0x0, 0x0, 0x0,
    0xdf, 0xf5, 0x0, 0xff, 0xf4, 0x0, 0x0, 0x0,
    0x0, 0x0, 0x0, 0xdf, 0xf5, 0x0, 0xff, 0xf4,
    0x0, 0x0, 0x0, 0x0, 0x0, 0x0, 0x78, 0x82,
    0x0, 0xff, 0xf4, 0x0, 0x0, 0x0, 0x0, 0x0,
    0x0, 0x0, 0x0, 0x0, 0xbb, 0xb3,

    /* U+B428 "됨" */
    0x0, 0x0, 0x0, 0x0, 0x0, 0x0, 0x0, 0x0,
    0x0, 0x22, 0x21, 0x0, 0x0, 0x0, 0x0, 0x0,
    0x0, 0x0, 0x0, 0x0, 0xef, 0xf8, 0x0, 0xe,
    0xee, 0xee, 0xee, 0xee, 0xee, 0xe1, 0x0, 0xef,
    0xf8, 0x0, 0xf, 0xff, 0xff, 0xff, 0xff, 0xff,
    0xf1, 0x0, 0xef, 0xf8, 0x0, 0xf, 0xff, 0xed,
    0xdd, 0xdd, 0xdd, 0xd1, 0x0, 0xef, 0xf8, 0x0,
    0xf, 0xff, 0x70, 0x0, 0x0, 0x0, 0x0, 0x0,
    0xef, 0xf8, 0x0, 0xf, 0xff, 0x70, 0x0, 0x0,
    0x0, 0x0, 0x0, 0xef, 0xf8, 0x0, 0xf, 0xff,
    0xc8, 0x88, 0x88, 0x88, 0x82, 0x0, 0xef, 0xf8,
    0x0, 0xf, 0xff, 0xff, 0xff, 0xff, 0xff, 0xf3,
    0x0, 0xef, 0xf8, 0x0, 0xf, 0xff, 0xff, 0xff,
    0xff, 0xff, 0xf3, 0x0, 0xef, 0xf8, 0x0, 0x2,
    0x22, 0x2c, 0xff, 0xd2, 0x22, 0x20, 0x0, 0xef,
    0xf8, 0x0, 0x0, 0x0, 0xb, 0xff, 0xc0, 0x0,
    0x12, 0x20, 0xef, 0xf8, 0x8, 0x88, 0x88, 0x9e,
    0xff, 0xfc, 0xef, 0xff, 0xa0, 0xef, 0xf8, 0xf,
    0xff, 0xff, 0xff, 0xff, 0xff, 0xff, 0xff, 0xc0,
    0xef, 0xf8, 0xd, 0xff, 0xff, 0xff, 0xff, 0xfe,
    0xdb, 0x96, 0x30, 0xef, 0xf8, 0x3, 0x44, 0x44,
    0x32, 0x21, 0x0, 0x0, 0x0, 0x0, 0xef, 0xf8,
    0x0, 0x0, 0x0, 0x0, 0x0, 0x0, 0x0, 0x0,
    0x0, 0x0, 0x0, 0x0, 0x0, 0x3f, 0xff, 0xff,
    0xff, 0xff, 0xff, 0xff, 0xff, 0xf8, 0x0, 0x0,
    0x3f, 0xff, 0xff, 0xff, 0xff, 0xff, 0xff, 0xff,
    0xf8, 0x0, 0x0, 0x3f, 0xff, 0xcb, 0xbb, 0xbb,
    0xbb, 0xbb, 0xff, 0xf8, 0x0, 0x0, 0x3f, 0xff,
    0x20, 0x0, 0x0, 0x0, 0x0, 0xdf, 0xf8, 0x0,
    0x0, 0x3f, 0xff, 0x20, 0x0, 0x0, 0x0, 0x0,
    0xdf, 0xf8, 0x0, 0x0, 0x3f, 0xff, 0xcb, 0xbb,
    0xbb, 0xbb, 0xbb, 0xff, 0xf8, 0x0, 0x0, 0x3f,
    0xff, 0xff, 0xff, 0xff, 0xff, 0xff, 0xff, 0xf8,
    0x0, 0x0, 0x3f, 0xff, 0xff, 0xff, 0xff, 0xff,
    0xff, 0xff, 0xf8, 0x0, 0x0, 0x0, 0x0, 0x0,
    0x0, 0x0, 0x0, 0x0, 0x0, 0x0,

    /* U+B4E4 "들" */
    0x0, 0x3, 0xdd, 0xdd, 0xdd, 0xdd, 0xdd, 0xdd,
    0xdd, 0xdd, 0xa0, 0x0, 0x0, 0x3, 0xff, 0xff,
    0xff, 0xff, 0xff, 0xff, 0xff, 0xff, 0xc0, 0x0,
    0x0, 0x3, 0xff, 0xff, 0xff, 0xff, 0xff, 0xff,
    0xff, 0xff, 0xb0, 0x0, 0x0, 0x3, 0xff, 0xf3,
    0x0, 0x0, 0x0, 0x0, 0x0, 0x0, 0x0, 0x0,
    0x0, 0x3, 0xff, 0xf3, 0x0, 0x0, 0x0, 0x0,
    0x0, 0x0, 0x0, 0x0, 0x0, 0x3, 0xff, 0xfd,
    0xcc, 0xcc, 0xcc, 0xcc, 0xcc, 0xcc, 0xb0, 0x0,
    0x0, 0x3, 0xff, 0xff, 0xff, 0xff, 0xff, 0xff,
    0xff, 0xff, 0xf0, 0x0, 0x0, 0x3, 0xff, 0xff,
    0xff, 0xff, 0xff, 0xff, 0xff, 0xff, 0xf0, 0x0,
    0x0, 0x0, 0x0, 0x0, 0x0, 0x0, 0x0, 0x0,
    0x0, 0x0, 0x0, 0x0, 0xa, 0xaa, 0xaa, 0xaa,
    0xaa, 0xaa, 0xaa, 0xaa, 0xaa, 0xaa, 0xaa, 0xa7,
    0x1f, 0xff, 0xff, 0xff, 0xff, 0xff, 0xff, 0xff,
    0xff, 0xff, 0xff, 0xfa, 0x1f, 0xff, 0xff, 0xff,
    0xff, 0xff, 0xff, 0xff, 0xff, 0xff, 0xff, 0xfa,
    0x0, 0x0, 0x0, 0x0, 0x0, 0x0, 0x0, 0x0,
    0x0, 0x0, 0x0, 0x0, 0x0, 0x4, 0x99, 0x99,
    0x99, 0x99, 0x99, 0x99, 0x99, 0x99, 0x70, 0x0,
    0x0, 0x7, 0xff, 0xff, 0xff, 0xff, 0xff, 0xff,
    0xff, 0xff, 0xd0, 0x0, 0x0, 0x7, 0xff, 0xff,
    0xff, 0xff, 0xff, 0xff, 0xff, 0xff, 0xd0, 0x0,
    0x0, 0x0, 0x0, 0x0, 0x0, 0x0, 0x0, 0x0,
    0x9, 0xff, 0xd0, 0x0, 0x0, 0x3, 0x77, 0x77,
    0x77, 0x77, 0x77, 0x77, 0x7c, 0xff, 0xd0, 0x0,
    0x0, 0x6, 0xff, 0xff, 0xff, 0xff, 0xff, 0xff,
    0xff, 0xff, 0xd0, 0x0, 0x0, 0x6, 0xff, 0xff,
    0xff, 0xff, 0xff, 0xff, 0xff, 0xff, 0xd0, 0x0,
    0x0, 0x6, 0xff, 0xf0, 0x0, 0x0, 0x0, 0x0,
    0x0, 0x0, 0x0, 0x0, 0x0, 0x6, 0xff, 0xfa,
    0xaa, 0xaa, 0xaa, 0xaa, 0xaa, 0xaa, 0xa5, 0x0,
    0x0, 0x6, 0xff, 0xff, 0xff, 0xff, 0xff, 0xff,
    0xff, 0xff, 0xf8, 0x0, 0x0, 0x6, 0xff, 0xff,
    0xff, 0xff, 0xff, 0xff, 0xff, 0xff, 0xf8, 0x0,
    0x0, 0x0, 0x0, 0x0, 0x0, 0x0, 0x0, 0x0,
    0x0, 0x0, 0x0, 0x0,

    /* U+B825 "력" */
    0x0, 0x0, 0x0, 0x0, 0x0, 0x0, 0x0, 0x0,
    0x5, 0x55, 0x30, 0x0, 0x0, 0x0, 0x0, 0x0,
    0x0, 0x0, 0x0, 0xef, 0xf8, 0x6e, 0xee, 0xee,
    0xee, 0xee, 0xe8, 0x0, 0x0, 0xe, 0xff, 0x86,
    0xff, 0xff, 0xff, 0xff, 0xff, 0x90, 0x0, 0x0,
    0xef, 0xf8, 0x5c, 0xcc, 0xcc, 0xcc, 0xff, 0xf9,
    0xe, 0xee, 0xef, 0xff, 0x80, 0x0, 0x0, 0x0,
    0xe, 0xff, 0x90, 0xff, 0xff, 0xff, 0xf8, 0x0,
    0x0, 0x0, 0x0, 0xef, 0xf9, 0xd, 0xdd, 0xdf,
    0xff, 0x84, 0xbb, 0xbb, 0xbb, 0xbf, 0xff, 0x90,
    0x0, 0x0, 0xef, 0xf8, 0x5f, 0xff, 0xff, 0xff,
    0xff, 0xf9, 0x0, 0x0, 0xe, 0xff, 0x85, 0xff,
    0xfd, 0xdd, 0xdd, 0xdd, 0x70, 0x99, 0x99, 0xff,
    0xf8, 0x5f, 0xff, 0x10, 0x0, 0x0, 0x0, 0xf,
    0xff, 0xff, 0xff, 0x85, 0xff, 0xf1, 0x0, 0x0,
    0x0, 0x1, 0xff, 0xff, 0xff, 0xf8, 0x5f, 0xff,
    0x88, 0x88, 0x9b, 0xdf, 0x82, 0x22, 0x2e, 0xff,
    0x85, 0xff, 0xff, 0xff, 0xff, 0xff, 0xfa, 0x0,
    0x0, 0xef, 0xf8, 0x5f, 0xff, 0xff, 0xff, 0xff,
    0xfd, 0x80, 0x0, 0xe, 0xff, 0x81, 0x44, 0x44,
    0x43, 0x32, 0x0, 0x0, 0x0, 0x0, 0xef, 0xf8,
    0x0, 0x0, 0x0, 0x0, 0x0, 0x0, 0x0, 0x0,
    0x0, 0x0, 0x0, 0x0, 0x7f, 0xff, 0xff, 0xff,
    0xff, 0xff, 0xff, 0xff, 0xf8, 0x0, 0x8, 0xff,
    0xff, 0xff, 0xff, 0xff, 0xff, 0xff, 0xff, 0x80,
    0x0, 0x6d, 0xdd, 0xdd, 0xdd, 0xdd, 0xdd, 0xdd,
    0xff, 0xf8, 0x0, 0x0, 0x0, 0x0, 0x0, 0x0,
    0x0, 0x0, 0xe, 0xff, 0x80, 0x0, 0x0, 0x0,
    0x0, 0x0, 0x0, 0x0, 0x0, 0xef, 0xf8, 0x0,
    0x0, 0x0, 0x0, 0x0, 0x0, 0x0, 0x0, 0xe,
    0xff, 0x80, 0x0, 0x0, 0x0, 0x0, 0x0, 0x0,
    0x0, 0x0, 0xef, 0xf8, 0x0, 0x0, 0x0, 0x0,
    0x0, 0x0, 0x0, 0x0, 0xe, 0xff, 0x80, 0x0,
    0x0, 0x0, 0x0, 0x0, 0x0, 0x0, 0x0, 0x67,
    0x74,

    /* U+B828 "련" */
    0x0, 0x0, 0x0, 0x0, 0x0, 0x0, 0x0, 0x0,
    0x5, 0x55, 0x30, 0x0, 0x0, 0x0, 0x0, 0x0,
    0x0, 0x0, 0x0, 0xe, 0xff, 0x80, 0x4a, 0xaa,
    0xaa, 0xaa, 0xaa, 0xa6, 0x0, 0x0, 0xe, 0xff,
    0x80, 0x7f, 0xff, 0xff, 0xff, 0xff, 0xf9, 0x0,
    0x0, 0xe, 0xff, 0x80, 0x7f, 0xff, 0xff, 0xff,
    0xff, 0xf9, 0x9, 0x99, 0x9f, 0xff, 0x80, 0x1,
    0x11, 0x11, 0x11, 0xef, 0xf9, 0xf, 0xff, 0xff,
    0xff, 0x80, 0x0, 0x0, 0x0, 0x0, 0xef, 0xf9,
    0xf, 0xff, 0xff, 0xff, 0x80, 0x24, 0x44, 0x44,
    0x44, 0xff, 0xf9, 0x2, 0x22, 0x2e, 0xff, 0x80,
    0x6f, 0xff, 0xff, 0xff, 0xff, 0xf9, 0x0, 0x0,
    0xe, 0xff, 0x80, 0x6f, 0xff, 0xff, 0xff, 0xff,
    0xf9, 0x0, 0x0, 0xe, 0xff, 0x80, 0x6f, 0xff,
    0x54, 0x44, 0x44, 0x42, 0xf, 0xff, 0xff, 0xff,
    0x80, 0x6f, 0xff, 0x10, 0x0, 0x0, 0x0, 0xf,
    0xff, 0xff, 0xff, 0x80, 0x6f, 0xff, 0x10, 0x0,
    0x1, 0x35, 0x3d, 0xdd, 0xdf, 0xff, 0x80, 0x6f,
    0xff, 0xee, 0xef, 0xff, 0xff, 0x90, 0x0, 0xe,
    0xff, 0x80, 0x6f, 0xff, 0xff, 0xff, 0xff, 0xff,
    0xb0, 0x0, 0xe, 0xff, 0x80, 0x6f, 0xff, 0xfe,
    0xed, 0xcb, 0x97, 0x40, 0x0, 0xe, 0xff, 0x80,
    0x0, 0x0, 0x0, 0x0, 0x0, 0x0, 0x0, 0x0,
    0xe, 0xff, 0x80, 0x0, 0x0, 0x66, 0x62, 0x0,
    0x0, 0x0, 0x0, 0xe, 0xff, 0x80, 0x0, 0x0,
    0xff, 0xf6, 0x0, 0x0, 0x0, 0x0, 0xe, 0xff,
    0x80, 0x0, 0x0, 0xff, 0xf6, 0x0, 0x0, 0x0,
    0x0, 0x0, 0x0, 0x0, 0x0, 0x0, 0xff, 0xf6,
    0x0, 0x0, 0x0, 0x0, 0x0, 0x0, 0x0, 0x0,
    0x0, 0xff, 0xf6, 0x0, 0x0, 0x0, 0x0, 0x0,
    0x0, 0x0, 0x0, 0x0, 0xff, 0xfe, 0xcc, 0xcc,
    0xcc, 0xcc, 0xcc, 0xcc, 0xc2, 0x0, 0x0, 0xff,
    0xff, 0xff, 0xff, 0xff, 0xff, 0xff, 0xff, 0xf2,
    0x0, 0x0, 0xff, 0xff, 0xff, 0xff, 0xff, 0xff,
    0xff, 0xff, 0xf2, 0x0, 0x0, 0x0, 0x0, 0x0,
    0x0, 0x0, 0x0, 0x0, 0x0, 0x0,

    /* U+B840 "례" */
    0x0, 0x0, 0x0, 0x0, 0x0, 0x0, 0x0, 0x0,
    0x0, 0x22, 0x20, 0x0, 0x0, 0x0, 0x0, 0x0,
    0x0, 0xb, 0xbb, 0x20, 0xef, 0xf6, 0x0, 0x0,
    0x0, 0x0, 0x0, 0x0, 0xf, 0xff, 0x30, 0xef,
    0xf6, 0x5b, 0xbb, 0xbb, 0xbb, 0xb0, 0x0, 0xf,
    0xff, 0x30, 0xef, 0xf6, 0x6f, 0xff, 0xff, 0xff,
    0xf0, 0x0, 0xf, 0xff, 0x30, 0xef, 0xf6, 0x6f,
    0xff, 0xff, 0xff, 0xf0, 0x0, 0xf, 0xff, 0x30,
    0xef, 0xf6, 0x0, 0x0, 0x5, 0xff, 0xf0, 0x0,
    0x1f, 0xff, 0x30, 0xef, 0xf6, 0x0, 0x0, 0x5,
    0xff, 0xf0, 0xcf, 0xff, 0xff, 0x30, 0xef, 0xf6,
    0x0, 0x0, 0x5, 0xff, 0xf0, 0xcf, 0xff, 0xff,
    0x30, 0xef, 0xf6, 0x0, 0x0, 0x5, 0xff, 0xf0,
    0x9c, 0xcf, 0xff, 0x30, 0xef, 0xf6, 0x6e, 0xee,
    0xef, 0xff, 0xf0, 0x0, 0xf, 0xff, 0x30, 0xef,
    0xf6, 0x6f, 0xff, 0xff, 0xff, 0xf0, 0x0, 0xf,
    0xff, 0x30, 0xef, 0xf6, 0x6f, 0xff, 0xcc, 0xcc,
    0xc0, 0x0, 0xf, 0xff, 0x30, 0xef, 0xf6, 0x6f,
    0xfe, 0x0, 0x0, 0x0, 0xad, 0xdf, 0xff, 0x30,
    0xef, 0xf6, 0x6f, 0xfe, 0x0, 0x0, 0x0, 0xcf,
    0xff, 0xff, 0x30, 0xef, 0xf6, 0x6f, 0xfe, 0x0,
    0x0, 0x0, 0xbe, 0xff, 0xff, 0x30, 0xef, 0xf6,
    0x6f, 0xfe, 0x0, 0x0, 0x24, 0x10, 0xf, 0xff,
    0x30, 0xef, 0xf6, 0x6f, 0xff, 0xdd, 0xef, 0xff,
    0x40, 0xf, 0xff, 0x30, 0xef, 0xf6, 0x6f, 0xff,
    0xff, 0xff, 0xff, 0x50, 0xf, 0xff, 0x30, 0xef,
    0xf6, 0x6f, 0xff, 0xff, 0xfd, 0xb9, 0x30, 0xf,
    0xff, 0x30, 0xef, 0xf6, 0x1, 0x10, 0x0, 0x0,
    0x0, 0x0, 0xf, 0xff, 0x30, 0xef, 0xf6, 0x0,
    0x0, 0x0, 0x0, 0x0, 0x0, 0xf, 0xff, 0x30,
    0xef, 0xf6, 0x0, 0x0, 0x0, 0x0, 0x0, 0x0,
    0xf, 0xff, 0x30, 0xef, 0xf6, 0x0, 0x0, 0x0,
    0x0, 0x0, 0x0, 0xf, 0xff, 0x30, 0xef, 0xf6,
    0x0, 0x0, 0x0, 0x0, 0x0, 0x0, 0x8, 0x88,
    0x10, 0xef, 0xf6, 0x0, 0x0, 0x0, 0x0, 0x0,
    0x0, 0x0, 0x0, 0x0, 0xab, 0xb4,

    /* U+B85C "로" */
    0x0, 0x5, 0xbb, 0xbb, 0xbb, 0xbb, 0xbb, 0xbb,
    0xbb, 0xbb, 0xb0, 0x0, 0x0, 0x7, 0xff, 0xff,
    0xff, 0xff, 0xff, 0xff, 0xff, 0xff, 0xf1, 0x0,
    0x0, 0x7, 0xff, 0xff, 0xff, 0xff, 0xff, 0xff,
    0xff, 0xff, 0xf1, 0x0, 0x0, 0x0, 0x0, 0x0,
    0x0, 0x0, 0x0, 0x0, 0x6, 0xff, 0xf1, 0x0,
    0x0, 0x0, 0x0, 0x0, 0x0, 0x0, 0x0, 0x0,
    0x5, 0xff, 0xf1, 0x0, 0x0, 0x0, 0x0, 0x0,
    0x0, 0x0, 0x0, 0x0, 0x6, 0xff, 0xf1, 0x0,
    0x0, 0x7, 0xff, 0xff, 0xff, 0xff, 0xff, 0xff,
    0xff, 0xff, 0xf1, 0x0, 0x0, 0x7, 0xff, 0xff,
    0xff, 0xff, 0xff, 0xff, 0xff, 0xff, 0xf1, 0x0,
    0x0, 0x7, 0xff, 0xfb, 0xaa, 0xaa, 0xaa, 0xaa,
    0xaa, 0xaa, 0xa0, 0x0, 0x0, 0x7, 0xff, 0xf0,
    0x0, 0x0, 0x0, 0x0, 0x0, 0x0, 0x0, 0x0,
    0x0, 0x7, 0xff, 0xf0, 0x0, 0x0, 0x0, 0x0,
    0x0, 0x0, 0x0, 0x0, 0x0, 0x7, 0xff, 0xfc,
    0xcc, 0xcc, 0xcc, 0xcc, 0xcc, 0xcc, 0xc8, 0x0,
    0x0, 0x7, 0xff, 0xff, 0xff, 0xff, 0xff, 0xff,
    0xff, 0xff, 0xfa, 0x0, 0x0, 0x7, 0xff, 0xff,
    0xff, 0xff, 0xff, 0xff, 0xff, 0xff, 0xfa, 0x0,
    0x0, 0x0, 0x0, 0x0, 0x0, 0x8f, 0xff, 0x0,
    0x0, 0x0, 0x0, 0x0, 0x0, 0x0, 0x0, 0x0,
    0x0, 0x7f, 0xff, 0x0, 0x0, 0x0, 0x0, 0x0,
    0x0, 0x0, 0x0, 0x0, 0x0, 0x7f, 0xff, 0x0,
    0x0, 0x0, 0x0, 0x0, 0x0, 0x0, 0x0, 0x0,
    0x0, 0x8f, 0xff, 0x0, 0x0, 0x0, 0x0, 0x0,
    0x1f, 0xff, 0xff, 0xff, 0xff, 0xff, 0xff, 0xff,
    0xff, 0xff, 0xff, 0xfb, 0x1f, 0xff, 0xff, 0xff,
    0xff, 0xff, 0xff, 0xff, 0xff, 0xff, 0xff, 0xfb,
    0x1d, 0xdd, 0xdd, 0xdd, 0xdd, 0xdd, 0xdd, 0xdd,
    0xdd, 0xdd, 0xdd, 0xd9,

    /* U+B8CC "료" */
    0x0, 0x5, 0xbb, 0xbb, 0xbb, 0xbb, 0xbb, 0xbb,
    0xbb, 0xbb, 0xb0, 0x0, 0x0, 0x7, 0xff, 0xff,
    0xff, 0xff, 0xff, 0xff, 0xff, 0xff, 0xf1, 0x0,
    0x0, 0x7, 0xff, 0xff, 0xff, 0xff, 0xff, 0xff,
    0xff, 0xff, 0xf1, 0x0, 0x0, 0x0, 0x0, 0x0,
    0x0, 0x0, 0x0, 0x0, 0x6, 0xff, 0xf1, 0x0,
    0x0, 0x0, 0x0, 0x0, 0x0, 0x0, 0x0, 0x0,
    0x5, 0xff, 0xf1, 0x0, 0x0, 0x0, 0x0, 0x0,
    0x0, 0x0, 0x0, 0x0, 0x6, 0xff, 0xf1, 0x0,
    0x0, 0x7, 0xff, 0xff, 0xff, 0xff, 0xff, 0xff,
    0xff, 0xff, 0xf1, 0x0, 0x0, 0x7, 0xff, 0xff,
    0xff, 0xff, 0xff, 0xff, 0xff, 0xff, 0xf1, 0x0,
    0x0, 0x7, 0xff, 0xfb, 0xbb, 0xbb, 0xbb, 0xbb,
    0xbb, 0xbb, 0xb0, 0x0, 0x0, 0x7, 0xff, 0xf0,
    0x0, 0x0, 0x0, 0x0, 0x0, 0x0, 0x0, 0x0,
    0x0, 0x7, 0xff, 0xf0, 0x0, 0x0, 0x0, 0x0,
    0x0, 0x0, 0x0, 0x0, 0x0, 0x7, 0xff, 0xfc,
    0xcc, 0xcc, 0xcc, 0xcc, 0xcc, 0xcc, 0xc8, 0x0,
    0x0, 0x7, 0xff, 0xff, 0xff, 0xff, 0xff, 0xff,
    0xff, 0xff, 0xfa, 0x0, 0x0, 0x7, 0xff, 0xff,
    0xff, 0xff, 0xff, 0xff, 0xff, 0xff, 0xfa, 0x0,
    0x0, 0x0, 0x0, 0x4f, 0xff, 0x20, 0x0, 0x5f,
    0xff, 0x20, 0x0, 0x0, 0x0, 0x0, 0x0, 0x3f,
    0xff, 0x20, 0x0, 0x4f, 0xff, 0x10, 0x0, 0x0,
    0x0, 0x0, 0x0, 0x3f, 0xff, 0x20, 0x0, 0x4f,
    0xff, 0x10, 0x0, 0x0, 0x0, 0x0, 0x0, 0x4f,
    0xff, 0x20, 0x0, 0x5f, 0xff, 0x20, 0x0, 0x0,
    0x1f, 0xff, 0xff, 0xff, 0xff, 0xff, 0xff, 0xff,
    0xff, 0xff, 0xff, 0xfb, 0x1f, 0xff, 0xff, 0xff,
    0xff, 0xff, 0xff, 0xff, 0xff, 0xff, 0xff, 0xfb,
    0x1d, 0xdd, 0xdd, 0xdd, 0xdd, 0xdd, 0xdd, 0xdd,
    0xdd, 0xdd, 0xdd, 0xd9,

    /* U+B960 "률" */
    0x0, 0x4, 0xff, 0xff, 0xff, 0xff, 0xff, 0xff,
    0xff, 0xff, 0xe0, 0x0, 0x0, 0x4, 0xff, 0xff,
    0xff, 0xff, 0xff, 0xff, 0xff, 0xff, 0xe0, 0x0,
    0x0, 0x1, 0x66, 0x66, 0x66, 0x66, 0x66, 0x66,
    0x6b, 0xff, 0xe0, 0x0, 0x0, 0x0, 0x44, 0x44,
    0x44, 0x44, 0x44, 0x44, 0x4a, 0xff, 0xe0, 0x0,
    0x0, 0x3, 0xff, 0xff, 0xff, 0xff, 0xff, 0xff,
    0xff, 0xff, 0xe0, 0x0, 0x0, 0x3, 0xff, 0xff,
    0xff, 0xff, 0xff, 0xff, 0xff, 0xff, 0xe0, 0x0,
    0x0, 0x3, 0xff, 0xf3, 0x0, 0x0, 0x0, 0x0,
    0x0, 0x0, 0x0, 0x0, 0x0, 0x3, 0xff, 0xff,
    0xff, 0xff, 0xff, 0xff, 0xff, 0xff, 0xf5, 0x0,
    0x0, 0x3, 0xff, 0xff, 0xff, 0xff, 0xff, 0xff,
    0xff, 0xff, 0xf5, 0x0, 0x0, 0x1, 0x66, 0x66,
    0x66, 0x66, 0x66, 0x66, 0x66, 0x66, 0x62, 0x0,
    0x7, 0x77, 0x77, 0x77, 0x77, 0x77, 0x77, 0x77,
    0x77, 0x77, 0x77, 0x75, 0x1f, 0xff, 0xff, 0xff,
    0xff, 0xff, 0xff, 0xff, 0xff, 0xff, 0xff, 0xfa,
    0x1f, 0xff, 0xff, 0xff, 0xff, 0xff, 0xff, 0xff,
    0xff, 0xff, 0xff, 0xfa, 0x0, 0x0, 0x0, 0x7f,
    0xff, 0x0, 0x0, 0x6f, 0xff, 0x10, 0x0, 0x0,
    0x0, 0x2, 0x55, 0xaf, 0xff, 0x55, 0x55, 0x9f,
    0xff, 0x65, 0x50, 0x0, 0x0, 0x7, 0xff, 0xff,
    0xff, 0xff, 0xff, 0xff, 0xff, 0xff, 0xf0, 0x0,
    0x0, 0x7, 0xff, 0xff, 0xff, 0xff, 0xff, 0xff,
    0xff, 0xff, 0xf0, 0x0, 0x0, 0x0, 0x0, 0x0,
    0x0, 0x0, 0x0, 0x0, 0x8, 0xff, 0xf0, 0x0,
    0x0, 0x6, 0xee, 0xee, 0xee, 0xee, 0xee, 0xee,
    0xef, 0xff, 0xf0, 0x0, 0x0, 0x7, 0xff, 0xff,
    0xff, 0xff, 0xff, 0xff, 0xff, 0xff, 0xf0, 0x0,
    0x0, 0x7, 0xff, 0xf4, 0x44, 0x44, 0x44, 0x44,
    0x44, 0x44, 0x40, 0x0, 0x0, 0x7, 0xff, 0xf0,
    0x0, 0x0, 0x0, 0x0, 0x0, 0x0, 0x0, 0x0,
    0x0, 0x7, 0xff, 0xff, 0xff, 0xff, 0xff, 0xff,
    0xff, 0xff, 0xfa, 0x0, 0x0, 0x7, 0xff, 0xff,
    0xff, 0xff, 0xff, 0xff, 0xff, 0xff, 0xfa, 0x0,
    0x0, 0x2, 0x55, 0x55, 0x55, 0x55, 0x55, 0x55,
    0x55, 0x55, 0x53, 0x0,

    /* U+B9C8 "마" */
    0x0, 0x0, 0x0, 0x0, 0x0, 0x0, 0x0, 0x0,
    0x22, 0x21, 0x0, 0x0, 0x0, 0x0, 0x0, 0x0,
    0x0, 0x0, 0x0, 0x1, 0xff, 0xf6, 0x0, 0x0,
    0x0, 0x0, 0x0, 0x0, 0x0, 0x0, 0x0, 0x1,
    0xff, 0xf6, 0x0, 0x0, 0x5c, 0xcc, 0xcc, 0xcc,
    0xcc, 0xcc, 0x60, 0x1, 0xff, 0xf6, 0x0, 0x0,
    0x7f, 0xff, 0xff, 0xff, 0xff, 0xff, 0x70, 0x1,
    0xff, 0xf6, 0x0, 0x0, 0x7f, 0xff, 0xee, 0xee,
    0xef, 0xff, 0x70, 0x1, 0xff, 0xf6, 0x0, 0x0,
    0x7f, 0xff, 0x0, 0x0, 0xf, 0xff, 0x70, 0x1,
    0xff, 0xf6, 0x0, 0x0, 0x7f, 0xff, 0x0, 0x0,
    0xf, 0xff, 0x70, 0x1, 0xff, 0xf6, 0x0, 0x0,
    0x7f, 0xff, 0x0, 0x0, 0xf, 0xff, 0x70, 0x1,
    0xff, 0xf6, 0x0, 0x0, 0x7f, 0xff, 0x0, 0x0,
    0xf, 0xff, 0x70, 0x1, 0xff, 0xf6, 0x0, 0x0,
    0x7f, 0xff, 0x0, 0x0, 0xf, 0xff, 0x70, 0x1,
    0xff, 0xfd, 0xcc, 0xc0, 0x7f, 0xff, 0x0, 0x0,
    0xf, 0xff, 0x70, 0x1, 0xff, 0xff, 0xff, 0xf1,
    0x7f, 0xff, 0x0, 0x0, 0xf, 0xff, 0x70, 0x1,
    0xff, 0xff, 0xff, 0xf1, 0x7f, 0xff, 0x0, 0x0,
    0xf, 0xff, 0x70, 0x1, 0xff, 0xf7, 0x11, 0x10,
    0x7f, 0xff, 0x0, 0x0, 0xf, 0xff, 0x70, 0x1,
    0xff, 0xf6, 0x0, 0x0, 0x7f, 0xff, 0x0, 0x0,
    0xf, 0xff, 0x70, 0x1, 0xff, 0xf6, 0x0, 0x0,
    0x7f, 0xff, 0x11, 0x11, 0x1f, 0xff, 0x70, 0x1,
    0xff, 0xf6, 0x0, 0x0, 0x7f, 0xff, 0xff, 0xff,
    0xff, 0xff, 0x70, 0x1, 0xff, 0xf6, 0x0, 0x0,
    0x7f, 0xff, 0xff, 0xff, 0xff, 0xff, 0x70, 0x1,
    0xff, 0xf6, 0x0, 0x0, 0x4a, 0xaa, 0xaa, 0xaa,
    0xaa, 0xaa, 0x50, 0x1, 0xff, 0xf6, 0x0, 0x0,
    0x0, 0x0, 0x0, 0x0, 0x0, 0x0, 0x0, 0x1,
    0xff, 0xf6, 0x0, 0x0, 0x0, 0x0, 0x0, 0x0,
    0x0, 0x0, 0x0, 0x1, 0xff, 0xf6, 0x0, 0x0,
    0x0, 0x0, 0x0, 0x0, 0x0, 0x0, 0x0, 0x1,
    0xff, 0xf6, 0x0, 0x0, 0x0, 0x0, 0x0, 0x0,
    0x0, 0x0, 0x0, 0x1, 0xff, 0xf6, 0x0, 0x0,
    0x0, 0x0, 0x0, 0x0, 0x0, 0x0, 0x0, 0x1,
    0xff, 0xf6, 0x0, 0x0, 0x0, 0x0, 0x0, 0x0,
    0x0, 0x0, 0x0, 0x0, 0xbb, 0xb4, 0x0, 0x0,

    /* U+BB3C "물" */
    0x0, 0x2, 0xaa, 0xaa, 0xaa, 0xaa, 0xaa, 0xaa,
    0xaa, 0xaa, 0x70, 0x0, 0x0, 0x4, 0xff, 0xff,
    0xff, 0xff, 0xff, 0xff, 0xff, 0xff, 0xb0, 0x0,
    0x0, 0x4, 0xff, 0xff, 0xff, 0xff, 0xff, 0xff,
    0xff, 0xff, 0xb0, 0x0, 0x0, 0x4, 0xff, 0xf3,
    0x0, 0x0, 0x0, 0x0, 0xb, 0xff, 0xb0, 0x0,
    0x0, 0x4, 0xff, 0xf2, 0x0, 0x0, 0x0, 0x0,
    0xb, 0xff, 0xb0, 0x0, 0x0, 0x4, 0xff, 0xfa,
    0x99, 0x99, 0x99, 0x99, 0x9e, 0xff, 0xb0, 0x0,
    0x0, 0x4, 0xff, 0xff, 0xff, 0xff, 0xff, 0xff,
    0xff, 0xff, 0xb0, 0x0, 0x0, 0x4, 0xff, 0xff,
    0xff, 0xff, 0xff, 0xff, 0xff, 0xff, 0xb0, 0x0,
    0x0, 0x0, 0x0, 0x0, 0x0, 0x0, 0x0, 0x0,
    0x0, 0x0, 0x0, 0x0, 0xb, 0xbb, 0xbb, 0xbb,
    0xbb, 0xbb, 0xbb, 0xbb, 0xbb, 0xbb, 0xbb, 0xb7,
    0x1f, 0xff, 0xff, 0xff, 0xff, 0xff, 0xff, 0xff,
    0xff, 0xff, 0xff, 0xf9, 0x1f, 0xff, 0xff, 0xff,
    0xff, 0xff, 0xff, 0xff, 0xff, 0xff, 0xff, 0xf9,
    0x0, 0x0, 0x0, 0x0, 0x0, 0x8f, 0xff, 0x0,
    0x0, 0x0, 0x0, 0x0, 0x0, 0x0, 0x0, 0x0,
    0x0, 0x8f, 0xff, 0x0, 0x0, 0x0, 0x0, 0x0,
    0x0, 0x7, 0xff, 0xff, 0xff, 0xff, 0xff, 0xff,
    0xff, 0xff, 0xd0, 0x0, 0x0, 0x7, 0xff, 0xff,
    0xff, 0xff, 0xff, 0xff, 0xff, 0xff, 0xd0, 0x0,
    0x0, 0x4, 0x99, 0x99, 0x99, 0x99, 0x99, 0x99,
    0x9d, 0xff, 0xd0, 0x0, 0x0, 0x1, 0x33, 0x33,
    0x33, 0x33, 0x33, 0x33, 0x3a, 0xff, 0xd0, 0x0,
    0x0, 0x6, 0xff, 0xff, 0xff, 0xff, 0xff, 0xff,
    0xff, 0xff, 0xd0, 0x0, 0x0, 0x6, 0xff, 0xff,
    0xff, 0xff, 0xff, 0xff, 0xff, 0xff, 0xd0, 0x0,
    0x0, 0x6, 0xff, 0xf3, 0x33, 0x33, 0x33, 0x33,
    0x33, 0x33, 0x30, 0x0, 0x0, 0x6, 0xff, 0xf1,
    0x11, 0x11, 0x11, 0x11, 0x11, 0x11, 0x10, 0x0,
    0x0, 0x6, 0xff, 0xff, 0xff, 0xff, 0xff, 0xff,
    0xff, 0xff, 0xf8, 0x0, 0x0, 0x6, 0xff, 0xff,
    0xff, 0xff, 0xff, 0xff, 0xff, 0xff, 0xf8, 0x0,
    0x0, 0x3, 0x88, 0x88, 0x88, 0x88, 0x88, 0x88,
    0x88, 0x88, 0x84, 0x0,

    /* U+BCF4 "보" */
    0x0, 0x9, 0xee, 0xc0, 0x0, 0x0, 0x0, 0x0,
    0x4, 0xee, 0xe2, 0x0, 0x0, 0xa, 0xff, 0xd0,
    0x0, 0x0, 0x0, 0x0, 0x4, 0xff, 0xf2, 0x0,
    0x0, 0xa, 0xff, 0xd0, 0x0, 0x0, 0x0, 0x0,
    0x4, 0xff, 0xf2, 0x0, 0x0, 0xa, 0xff, 0xd0,
    0x0, 0x0, 0x0, 0x0, 0x4, 0xff, 0xf2, 0x0,
    0x0, 0xa, 0xff, 0xff, 0xff, 0xff, 0xff, 0xff,
    0xff, 0xff, 0xf2, 0x0, 0x0, 0xa, 0xff, 0xff,
    0xff, 0xff, 0xff, 0xff, 0xff, 0xff, 0xf2, 0x0,
    0x0, 0xa, 0xff, 0xfd, 0xdd, 0xdd, 0xdd, 0xdd,
    0xde, 0xff, 0xf2, 0x0, 0x0, 0xa, 0xff, 0xd0,
    0x0, 0x0, 0x0, 0x0, 0x4, 0xff, 0xf2, 0x0,
    0x0, 0xa, 0xff, 0xd0, 0x0, 0x0, 0x0, 0x0,
    0x4, 0xff, 0xf2, 0x0, 0x0, 0xa, 0xff, 0xd0,
    0x0, 0x0, 0x0, 0x0, 0x4, 0xff, 0xf2, 0x0,
    0x0, 0xa, 0xff, 0xfb, 0xbb, 0xbb, 0xbb, 0xbb,
    0xbd, 0xff, 0xf2, 0x0, 0x0, 0xa, 0xff, 0xff,
    0xff, 0xff, 0xff, 0xff, 0xff, 0xff, 0xf2, 0x0,
    0x0, 0xa, 0xff, 0xff, 0xff, 0xff, 0xff, 0xff,
    0xff, 0xff, 0xf2, 0x0, 0x0, 0x0, 0x0, 0x0,
    0x0, 0x8f, 0xff, 0x0, 0x0, 0x0, 0x0, 0x0,
    0x0, 0x0, 0x0, 0x0, 0x0, 0x7f, 0xff, 0x0,
    0x0, 0x0, 0x0, 0x0, 0x0, 0x0, 0x0, 0x0,
    0x0, 0x7f, 0xff, 0x0, 0x0, 0x0, 0x0, 0x0,
    0x0, 0x0, 0x0, 0x0, 0x0, 0x7f, 0xff, 0x0,
    0x0, 0x0, 0x0, 0x0, 0x0, 0x0, 0x0, 0x0,
    0x0, 0x8f, 0xff, 0x0, 0x0, 0x0, 0x0, 0x0,
    0x1f, 0xff, 0xff, 0xff, 0xff, 0xff, 0xff, 0xff,
    0xff, 0xff, 0xff, 0xfb, 0x1f, 0xff, 0xff, 0xff,
    0xff, 0xff, 0xff, 0xff, 0xff, 0xff, 0xff, 0xfb,
    0xc, 0xcc, 0xcc, 0xcc, 0xcc, 0xcc, 0xcc, 0xcc,
    0xcc, 0xcc, 0xcc, 0xc8,

    /* U+BD84 "분" */
    0x0, 0x1, 0x88, 0x82, 0x0, 0x0, 0x0, 0x0,
    0x6, 0x88, 0x60, 0x0, 0x0, 0x2, 0xff, 0xf4,
    0x0, 0x0, 0x0, 0x0, 0xb, 0xff, 0xb0, 0x0,
    0x0, 0x2, 0xff, 0xf4, 0x0, 0x0, 0x0, 0x0,
    0xb, 0xff, 0xb0, 0x0, 0x0, 0x2, 0xff, 0xff,
    0xff, 0xff, 0xff, 0xff, 0xff, 0xff, 0xb0, 0x0,
    0x0, 0x2, 0xff, 0xff, 0xff, 0xff, 0xff, 0xff,
    0xff, 0xff, 0xb0, 0x0, 0x0, 0x2, 0xff, 0xfb,
    0x99, 0x99, 0x99, 0x99, 0x9e, 0xff, 0xb0, 0x0,
    0x0, 0x2, 0xff, 0xf4, 0x0, 0x0, 0x0, 0x0,
    0xb, 0xff, 0xb0, 0x0, 0x0, 0x2, 0xff, 0xf5,
    0x0, 0x0, 0x0, 0x0, 0xb, 0xff, 0xb0, 0x0,
    0x0, 0x2, 0xff, 0xff, 0xff, 0xff, 0xff, 0xff,
    0xff, 0xff, 0xb0, 0x0, 0x0, 0x2, 0xff, 0xff,
    0xff, 0xff, 0xff, 0xff, 0xff, 0xff, 0xb0, 0x0,
    0x0, 0x1, 0xbb, 0xbb, 0xbb, 0xbb, 0xbb, 0xbb,
    0xbb, 0xbb, 0x80, 0x0, 0x0, 0x0, 0x0, 0x0,
    0x0, 0x0, 0x0, 0x0, 0x0, 0x0, 0x0, 0x0,
    0xa, 0xaa, 0xaa, 0xaa, 0xaa, 0xaa, 0xaa, 0xaa,
    0xaa, 0xaa, 0xaa, 0xa7, 0x1f, 0xff, 0xff, 0xff,
    0xff, 0xff, 0xff, 0xff, 0xff, 0xff, 0xff, 0xfa,
    0x1f, 0xff, 0xff, 0xff, 0xff, 0xff, 0xff, 0xff,
    0xff, 0xff, 0xff, 0xfa, 0x0, 0x0, 0x0, 0x0,
    0x0, 0x2f, 0xff, 0x50, 0x0, 0x0, 0x0, 0x0,
    0x0, 0x0, 0x0, 0x0, 0x0, 0x1f, 0xff, 0x40,
    0x0, 0x0, 0x0, 0x0, 0x0, 0x5, 0xdd, 0xd0,
    0x0, 0x1f, 0xff, 0x40, 0x0, 0x0, 0x0, 0x0,
    0x0, 0x6, 0xff, 0xf0, 0x0, 0x1f, 0xff, 0x40,
    0x0, 0x0, 0x0, 0x0, 0x0, 0x6, 0xff, 0xf0,
    0x0, 0x0, 0x0, 0x0, 0x0, 0x0, 0x0, 0x0,
    0x0, 0x6, 0xff, 0xf0, 0x0, 0x0, 0x0, 0x0,
    0x0, 0x0, 0x0, 0x0, 0x0, 0x6, 0xff, 0xfc,
    0xbb, 0xbb, 0xbb, 0xbb, 0xbb, 0xbb, 0xb2, 0x0,
    0x0, 0x6, 0xff, 0xff, 0xff, 0xff, 0xff, 0xff,
    0xff, 0xff, 0xf2, 0x0, 0x0, 0x6, 0xff, 0xff,
    0xff, 0xff, 0xff, 0xff, 0xff, 0xff, 0xf2, 0x0,
    0x0, 0x0, 0x0, 0x0, 0x0, 0x0, 0x0, 0x0,
    0x0, 0x0, 0x0, 0x0,

    /* U+BE44 "비" */
    0x0, 0x0, 0x0, 0x0, 0x0, 0x0, 0x0, 0x0,
    0x2, 0x22, 0x10, 0x0, 0x0, 0x0, 0x0, 0x0,
    0x0, 0x0, 0x0, 0xff, 0xf9, 0x6, 0x66, 0x30,
    0x0, 0x1, 0x66, 0x61, 0x0, 0xf, 0xff, 0x90,
    0xff, 0xf7, 0x0, 0x0, 0x2f, 0xff, 0x40, 0x0,
    0xff, 0xf9, 0xf, 0xff, 0x70, 0x0, 0x2, 0xff,
    0xf4, 0x0, 0xf, 0xff, 0x90, 0xff, 0xf7, 0x0,
    0x0, 0x2f, 0xff, 0x40, 0x0, 0xff, 0xf9, 0xf,
    0xff, 0x70, 0x0, 0x2, 0xff, 0xf4, 0x0, 0xf,
    0xff, 0x90, 0xff, 0xf7, 0x0, 0x0, 0x2f, 0xff,
    0x40, 0x0, 0xff, 0xf9, 0xf, 0xff, 0x94, 0x44,
    0x46, 0xff, 0xf4, 0x0, 0xf, 0xff, 0x90, 0xff,
    0xff, 0xff, 0xff, 0xff, 0xff, 0x40, 0x0, 0xff,
    0xf9, 0xf, 0xff, 0xff, 0xff, 0xff, 0xff, 0xf4,
    0x0, 0xf, 0xff, 0x90, 0xff, 0xfb, 0x77, 0x77,
    0x8f, 0xff, 0x40, 0x0, 0xff, 0xf9, 0xf, 0xff,
    0x70, 0x0, 0x2, 0xff, 0xf4, 0x0, 0xf, 0xff,
    0x90, 0xff, 0xf7, 0x0, 0x0, 0x2f, 0xff, 0x40,
    0x0, 0xff, 0xf9, 0xf, 0xff, 0x70, 0x0, 0x2,
    0xff, 0xf4, 0x0, 0xf, 0xff, 0x90, 0xff, 0xf7,
    0x0, 0x0, 0x2f, 0xff, 0x40, 0x0, 0xff, 0xf9,
    0xf, 0xff, 0x70, 0x0, 0x2, 0xff, 0xf4, 0x0,
    0xf, 0xff, 0x90, 0xff, 0xff, 0xee, 0xee, 0xff,
    0xff, 0x40, 0x0, 0xff, 0xf9, 0xf, 0xff, 0xff,
    0xff, 0xff, 0xff, 0xf4, 0x0, 0xf, 0xff, 0x90,
    0xee, 0xee, 0xee, 0xee, 0xee, 0xee, 0x40, 0x0,
    0xff, 0xf9, 0x0, 0x0, 0x0, 0x0, 0x0, 0x0,
    0x0, 0x0, 0xf, 0xff, 0x90, 0x0, 0x0, 0x0,
    0x0, 0x0, 0x0, 0x0, 0x0, 0xff, 0xf9, 0x0,
    0x0, 0x0, 0x0, 0x0, 0x0, 0x0, 0x0, 0xf,
    0xff, 0x90, 0x0, 0x0, 0x0, 0x0, 0x0, 0x0,
    0x0, 0x0, 0xff, 0xf9, 0x0, 0x0, 0x0, 0x0,
    0x0, 0x0, 0x0, 0x0, 0xf, 0xff, 0x90, 0x0,
    0x0, 0x0, 0x0, 0x0, 0x0, 0x0, 0x0, 0xcc,
    0xc7,

    /* U+C131 "성" */
    0x0, 0x0, 0x0, 0x0, 0x0, 0x0, 0x0, 0x0,
    0x0, 0x55, 0x53, 0x0, 0x0, 0x0, 0x1, 0x11,
    0x0, 0x0, 0x0, 0x0, 0xef, 0xf8, 0x0, 0x0,
    0x0, 0x5f, 0xff, 0x10, 0x0, 0x0, 0x0, 0xef,
    0xf8, 0x0, 0x0, 0x0, 0x5f, 0xff, 0x10, 0x0,
    0x0, 0x0, 0xef, 0xf8, 0x0, 0x0, 0x0, 0x6f,
    0xff, 0x20, 0x0, 0x0, 0x0, 0xef, 0xf8, 0x0,
    0x0, 0x0, 0x9f, 0xff, 0x40, 0x7, 0xcc, 0xcc,
    0xff, 0xf8, 0x0, 0x0, 0x0, 0xbf, 0xff, 0x70,
    0x9, 0xff, 0xff, 0xff, 0xf8, 0x0, 0x0, 0x1,
    0xff, 0xff, 0xd0, 0x9, 0xff, 0xff, 0xff, 0xf8,
    0x0, 0x0, 0x9, 0xff, 0xff, 0xf6, 0x0, 0x0,
    0x0, 0xef, 0xf8, 0x0, 0x0, 0x4f, 0xff, 0xdf,
    0xff, 0x40, 0x0, 0x0, 0xef, 0xf8, 0x0, 0x4,
    0xff, 0xfe, 0x1e, 0xff, 0xf6, 0x0, 0x0, 0xef,
    0xf8, 0x2, 0x9f, 0xff, 0xf5, 0x4, 0xff, 0xff,
    0xe4, 0x0, 0xef, 0xf8, 0x3f, 0xff, 0xff, 0x70,
    0x0, 0x5f, 0xff, 0xf2, 0x0, 0xef, 0xf8, 0xb,
    0xff, 0xf6, 0x0, 0x0, 0x2, 0xcf, 0x60, 0x0,
    0xef, 0xf8, 0x1, 0xea, 0x20, 0x0, 0x0, 0x0,
    0x3, 0x0, 0x0, 0xef, 0xf8, 0x0, 0x0, 0x0,
    0x0, 0x0, 0x0, 0x11, 0x0, 0x0, 0x23, 0x31,
    0x0, 0x0, 0x0, 0x1, 0x6c, 0xef, 0xff, 0xfe,
    0xc8, 0x20, 0x0, 0x0, 0x0, 0x0, 0x8f, 0xff,
    0xff, 0xff, 0xff, 0xff, 0xfb, 0x10, 0x0, 0x0,
    0x9, 0xff, 0xff, 0xda, 0x99, 0xac, 0xff, 0xff,
    0xd0, 0x0, 0x0, 0x1f, 0xff, 0xc2, 0x0, 0x0,
    0x0, 0x9, 0xff, 0xf6, 0x0, 0x0, 0x4f, 0xff,
    0x30, 0x0, 0x0, 0x0, 0x0, 0xef, 0xf9, 0x0,
    0x0, 0x3f, 0xff, 0x70, 0x0, 0x0, 0x0, 0x2,
    0xff, 0xf8, 0x0, 0x0, 0xd, 0xff, 0xfb, 0x63,
    0x22, 0x35, 0x9f, 0xff, 0xf2, 0x0, 0x0, 0x3,
    0xef, 0xff, 0xff, 0xff, 0xff, 0xff, 0xff, 0x60,
    0x0, 0x0, 0x0, 0x18, 0xdf, 0xff, 0xff, 0xff,
    0xfe, 0x92, 0x0, 0x0, 0x0, 0x0, 0x0, 0x3,
    0x56, 0x88, 0x75, 0x30, 0x0, 0x0,

    /* U+C138 "세" */
    0x0, 0x0, 0x0, 0x0, 0x0, 0x0, 0x0, 0x0,
    0x0, 0x2, 0x22, 0x10, 0x0, 0x0, 0x0, 0x0,
    0x0, 0x0, 0xc, 0xcc, 0x30, 0xef, 0xf6, 0x0,
    0x0, 0x0, 0x0, 0x0, 0x0, 0x0, 0xff, 0xf4,
    0xe, 0xff, 0x60, 0x0, 0x0, 0x7f, 0xfe, 0x0,
    0x0, 0xf, 0xff, 0x40, 0xef, 0xf6, 0x0, 0x0,
    0x7, 0xff, 0xe0, 0x0, 0x0, 0xff, 0xf4, 0xe,
    0xff, 0x60, 0x0, 0x0, 0x7f, 0xfe, 0x0, 0x0,
    0xf, 0xff, 0x40, 0xef, 0xf6, 0x0, 0x0, 0x7,
    0xff, 0xe0, 0x0, 0x0, 0xff, 0xf4, 0xe, 0xff,
    0x60, 0x0, 0x0, 0x7f, 0xff, 0x0, 0x0, 0xf,
    0xff, 0x40, 0xef, 0xf6, 0x0, 0x0, 0x9, 0xff,
    0xf0, 0x0, 0x0, 0xff, 0xf4, 0xe, 0xff, 0x60,
    0x0, 0x0, 0xaf, 0xff, 0x12, 0xcc, 0xcf, 0xff,
    0x40, 0xef, 0xf6, 0x0, 0x0, 0xc, 0xff, 0xf3,
    0x2f, 0xff, 0xff, 0xf4, 0xe, 0xff, 0x60, 0x0,
    0x1, 0xff, 0xff, 0x82, 0xff, 0xff, 0xff, 0x40,
    0xef, 0xf6, 0x0, 0x0, 0x5f, 0xff, 0xfc, 0x1,
    0x11, 0xff, 0xf4, 0xe, 0xff, 0x60, 0x0, 0xa,
    0xff, 0xff, 0xf3, 0x0, 0xf, 0xff, 0x40, 0xef,
    0xf6, 0x0, 0x3, 0xff, 0xfb, 0xff, 0xb0, 0x0,
    0xff, 0xf4, 0xe, 0xff, 0x60, 0x0, 0xdf, 0xf9,
    0x2f, 0xff, 0x50, 0xf, 0xff, 0x40, 0xef, 0xf6,
    0x0, 0xaf, 0xff, 0x20, 0xaf, 0xff, 0x60, 0xff,
    0xf4, 0xe, 0xff, 0x60, 0xbf, 0xff, 0xa0, 0x3,
    0xff, 0xff, 0x3f, 0xff, 0x40, 0xef, 0xf6, 0x3f,
    0xff, 0xe1, 0x0, 0x6, 0xff, 0xb0, 0xff, 0xf4,
    0xe, 0xff, 0x60, 0x6f, 0xe3, 0x0, 0x0, 0x6,
    0xe1, 0xf, 0xff, 0x40, 0xef, 0xf6, 0x0, 0x61,
    0x0, 0x0, 0x0, 0x0, 0x0, 0xff, 0xf4, 0xe,
    0xff, 0x60, 0x0, 0x0, 0x0, 0x0, 0x0, 0x0,
    0xf, 0xff, 0x40, 0xef, 0xf6, 0x0, 0x0, 0x0,
    0x0, 0x0, 0x0, 0x0, 0xff, 0xf4, 0xe, 0xff,
    0x60, 0x0, 0x0, 0x0, 0x0, 0x0, 0x0, 0xf,
    0xff, 0x40, 0xef, 0xf6, 0x0, 0x0, 0x0, 0x0,
    0x0, 0x0, 0x0, 0x89, 0x92, 0xe, 0xff, 0x60,
    0x0, 0x0, 0x0, 0x0, 0x0, 0x0, 0x0, 0x0,
    0x0, 0xab, 0xb4,

    /* U+C168 "셨" */
    0x0, 0x0, 0x0, 0x0, 0x0, 0x0, 0x0, 0x0,
    0x0, 0x45, 0x54, 0x0, 0x0, 0x0, 0x0, 0x3,
    0x77, 0x70, 0x0, 0x0, 0x0, 0xb, 0xff, 0xb0,
    0x0, 0x0, 0x0, 0x0, 0x7f, 0xff, 0x0, 0x0,
    0x0, 0x0, 0xbf, 0xfb, 0x0, 0x0, 0x0, 0x0,
    0x7, 0xff, 0xf1, 0x0, 0xc, 0xee, 0xef, 0xff,
    0xb0, 0x0, 0x0, 0x0, 0x0, 0x8f, 0xff, 0x20,
    0x0, 0xef, 0xff, 0xff, 0xfb, 0x0, 0x0, 0x0,
    0x0, 0xb, 0xff, 0xf4, 0x0, 0xc, 0xee, 0xef,
    0xff, 0xb0, 0x0, 0x0, 0x0, 0x0, 0xdf, 0xff,
    0x70, 0x0, 0x0, 0x0, 0xbf, 0xfb, 0x0, 0x0,
    0x0, 0x0, 0x4f, 0xff, 0xfd, 0x0, 0x3, 0x33,
    0x3c, 0xff, 0xb0, 0x0, 0x0, 0x0, 0xb, 0xff,
    0xff, 0xf5, 0x0, 0xef, 0xff, 0xff, 0xfb, 0x0,
    0x0, 0x0, 0x7, 0xff, 0xfd, 0xff, 0xf3, 0xe,
    0xff, 0xff, 0xff, 0xb0, 0x0, 0x0, 0x6, 0xff,
    0xfc, 0x2f, 0xff, 0xe3, 0x89, 0x99, 0xef, 0xfb,
    0x0, 0x0, 0x2a, 0xff, 0xff, 0x30, 0x8f, 0xff,
    0xfa, 0x10, 0xb, 0xff, 0xb0, 0x0, 0x2f, 0xff,
    0xff, 0x50, 0x0, 0xaf, 0xff, 0xf6, 0x0, 0xbf,
    0xfb, 0x0, 0x0, 0x9f, 0xff, 0x40, 0x0, 0x0,
    0x8f, 0xfa, 0x0, 0xb, 0xff, 0xb0, 0x0, 0x0,
    0xd9, 0x20, 0x0, 0x0, 0x0, 0x29, 0x0, 0x0,
    0xbf, 0xfa, 0x0, 0x0, 0x0, 0x0, 0x0, 0x22,
    0x20, 0x0, 0x0, 0x2, 0x22, 0x0, 0x0, 0x0,
    0x0, 0x0, 0x0, 0x4f, 0xff, 0x20, 0x0, 0x1,
    0xff, 0xf5, 0x0, 0x0, 0x0, 0x0, 0x0, 0x6,
    0xff, 0xf3, 0x0, 0x0, 0x3f, 0xff, 0x70, 0x0,
    0x0, 0x0, 0x0, 0x0, 0xaf, 0xff, 0x60, 0x0,
    0x7, 0xff, 0xfa, 0x0, 0x0, 0x0, 0x0, 0x0,
    0x2f, 0xff, 0xfc, 0x0, 0x0, 0xdf, 0xff, 0xf1,
    0x0, 0x0, 0x0, 0x0, 0xc, 0xff, 0xff, 0xf6,
    0x0, 0x8f, 0xff, 0xff, 0xb0, 0x0, 0x0, 0x0,
    0x2c, 0xff, 0xe6, 0xff, 0xf6, 0x6f, 0xff, 0x5f,
    0xff, 0xc2, 0x0, 0x0, 0x8f, 0xff, 0xf4, 0xb,
    0xff, 0xff, 0xff, 0x90, 0x7f, 0xff, 0xf9, 0x0,
    0x5, 0xff, 0xf7, 0x0, 0x1d, 0xff, 0xff, 0xb0,
    0x0, 0x8f, 0xff, 0x70, 0x0, 0xb, 0xd4, 0x0,
    0x0, 0xa, 0xff, 0x90, 0x0, 0x0, 0x4d, 0xb0,
    0x0, 0x0, 0x0, 0x0, 0x0, 0x0, 0x2, 0x20,
    0x0, 0x0, 0x0, 0x0, 0x0,

    /* U+C18D "속" */
    0x0, 0x0, 0x0, 0x0, 0x0, 0x6b, 0xbb, 0x0,
    0x0, 0x0, 0x0, 0x0, 0x0, 0x0, 0x0, 0x0,
    0x0, 0x9f, 0xff, 0x10, 0x0, 0x0, 0x0, 0x0,
    0x0, 0x0, 0x0, 0x0, 0x0, 0xdf, 0xff, 0x40,
    0x0, 0x0, 0x0, 0x0, 0x0, 0x0, 0x0, 0x0,
    0x5, 0xff, 0xff, 0xc0, 0x0, 0x0, 0x0, 0x0,
    0x0, 0x0, 0x0, 0x0, 0x3e, 0xff, 0xff, 0xf8,
    0x0, 0x0, 0x0, 0x0, 0x0, 0x0, 0x0, 0x6,
    0xff, 0xfe, 0x9f, 0xff, 0xa1, 0x0, 0x0, 0x0,
    0x0, 0x0, 0x26, 0xdf, 0xff, 0xf2, 0xb, 0xff,
    0xff, 0x93, 0x0, 0x0, 0x0, 0x8e, 0xff, 0xff,
    0xfd, 0x20, 0x0, 0x8f, 0xff, 0xff, 0xec, 0x20,
    0x0, 0x6f, 0xff, 0xfe, 0x70, 0x25, 0x55, 0x4,
    0xbf, 0xff, 0xfd, 0x0, 0x0, 0xe, 0xda, 0x50,
    0x0, 0x7f, 0xff, 0x0, 0x2, 0x8c, 0xf6, 0x0,
    0x0, 0x0, 0x0, 0x0, 0x0, 0x7f, 0xff, 0x0,
    0x0, 0x0, 0x0, 0x0, 0x0, 0x0, 0x0, 0x0,
    0x0, 0x8f, 0xff, 0x0, 0x0, 0x0, 0x0, 0x0,
    0x1f, 0xff, 0xff, 0xff, 0xff, 0xff, 0xff, 0xff,
    0xff, 0xff, 0xff, 0xf9, 0x1f, 0xff, 0xff, 0xff,
    0xff, 0xff, 0xff, 0xff, 0xff, 0xff, 0xff, 0xf9,
    0xb, 0xbb, 0xbb, 0xbb, 0xbb, 0xbb, 0xbb, 0xbb,
    0xbb, 0xbb, 0xbb, 0xb7, 0x0, 0x0, 0x0, 0x0,
    0x0, 0x0, 0x0, 0x0, 0x0, 0x0, 0x0, 0x0,
    0x0, 0x6, 0xbb, 0xbb, 0xbb, 0xbb, 0xbb, 0xbb,
    0xbb, 0xbb, 0x90, 0x0, 0x0, 0x8, 0xff, 0xff,
    0xff, 0xff, 0xff, 0xff, 0xff, 0xff, 0xd0, 0x0,
    0x0, 0x8, 0xff, 0xff, 0xff, 0xff, 0xff, 0xff,
    0xff, 0xff, 0xd0, 0x0, 0x0, 0x0, 0x0, 0x0,
    0x0, 0x0, 0x0, 0x0, 0x9, 0xff, 0xd0, 0x0,
    0x0, 0x0, 0x0, 0x0, 0x0, 0x0, 0x0, 0x0,
    0x9, 0xff, 0xd0, 0x0, 0x0, 0x0, 0x0, 0x0,
    0x0, 0x0, 0x0, 0x0, 0x9, 0xff, 0xd0, 0x0,
    0x0, 0x0, 0x0, 0x0, 0x0, 0x0, 0x0, 0x0,
    0x9, 0xff, 0xd0, 0x0, 0x0, 0x0, 0x0, 0x0,
    0x0, 0x0, 0x0, 0x0, 0x9, 0xff, 0xd0, 0x0,
    0x0, 0x0, 0x0, 0x0, 0x0, 0x0, 0x0, 0x0,
    0x5, 0x88, 0x70, 0x0,

    /* U+C26C "쉬" */
    0x0, 0x0, 0x0, 0x0, 0x0, 0x0, 0x0, 0x0,
    0x0, 0x11, 0x11, 0x0, 0x0, 0x0, 0x5, 0x55,
    0x40, 0x0, 0x0, 0x0, 0xef, 0xf8, 0x0, 0x0,
    0x0, 0xe, 0xff, 0xc0, 0x0, 0x0, 0x0, 0xef,
    0xf8, 0x0, 0x0, 0x0, 0xf, 0xff, 0xd0, 0x0,
    0x0, 0x0, 0xef, 0xf8, 0x0, 0x0, 0x0, 0x2f,
    0xff, 0xf0, 0x0, 0x0, 0x0, 0xef, 0xf8, 0x0,
    0x0, 0x0, 0x8f, 0xff, 0xf7, 0x0, 0x0, 0x0,
    0xef, 0xf8, 0x0, 0x0, 0x3, 0xff, 0xff, 0xff,
    0x30, 0x0, 0x0, 0xef, 0xf8, 0x0, 0x0, 0x4e,
    0xff, 0xde, 0xff, 0xf6, 0x0, 0x0, 0xef, 0xf8,
    0x0, 0x39, 0xff, 0xff, 0x33, 0xff, 0xff, 0xe8,
    0x20, 0xef, 0xf8, 0xa, 0xff, 0xff, 0xf5, 0x0,
    0x4f, 0xff, 0xff, 0x20, 0xef, 0xf8, 0x3, 0xff,
    0xfd, 0x40, 0x0, 0x1, 0xaf, 0xf9, 0x0, 0xef,
    0xf8, 0x0, 0x9c, 0x60, 0x0, 0x0, 0x0, 0x1,
    0x61, 0x0, 0xef, 0xf8, 0x0, 0x0, 0x0, 0x0,
    0x0, 0x0, 0x0, 0x1, 0x10, 0xef, 0xf8, 0x16,
    0x66, 0x66, 0x77, 0x89, 0xac, 0xde, 0xff, 0xa0,
    0xef, 0xf8, 0x1f, 0xff, 0xff, 0xff, 0xff, 0xff,
    0xff, 0xff, 0xc0, 0xef, 0xf8, 0xe, 0xff, 0xff,
    0xff, 0xff, 0xff, 0xec, 0xa7, 0x40, 0xef, 0xf8,
    0x5, 0x77, 0x76, 0x6d, 0xff, 0xc0, 0x0, 0x0,
    0x0, 0xef, 0xf8, 0x0, 0x0, 0x0, 0xb, 0xff,
    0xb0, 0x0, 0x0, 0x0, 0xef, 0xf8, 0x0, 0x0,
    0x0, 0xb, 0xff, 0xb0, 0x0, 0x0, 0x0, 0xef,
    0xf8, 0x0, 0x0, 0x0, 0xb, 0xff, 0xb0, 0x0,
    0x0, 0x0, 0xef, 0xf8, 0x0, 0x0, 0x0, 0xb,
    0xff, 0xb0, 0x0, 0x0, 0x0, 0xef, 0xf8, 0x0,
    0x0, 0x0, 0xb, 0xff, 0xb0, 0x0, 0x0, 0x0,
    0xef, 0xf8, 0x0, 0x0, 0x0, 0xb, 0xff, 0xb0,
    0x0, 0x0, 0x0, 0xef, 0xf8, 0x0, 0x0, 0x0,
    0xb, 0xff, 0xb0, 0x0, 0x0, 0x0, 0xef, 0xf8,
    0x0, 0x0, 0x0, 0x8, 0xcc, 0x90, 0x0, 0x0,
    0x0, 0xef, 0xf8, 0x0, 0x0, 0x0, 0x0, 0x0,
    0x0, 0x0, 0x0, 0x0, 0xab, 0xb6,

    /* U+C2DC "시" */
    0x0, 0x0, 0x0, 0x0, 0x0, 0x0, 0x0, 0x0,
    0x0, 0x22, 0x21, 0x0, 0x0, 0x0, 0x0, 0x0,
    0x0, 0x0, 0x0, 0x0, 0xef, 0xf9, 0x0, 0x0,
    0x0, 0x3, 0x33, 0x10, 0x0, 0x0, 0x0, 0xef,
    0xf9, 0x0, 0x0, 0x0, 0xf, 0xff, 0x70, 0x0,
    0x0, 0x0, 0xef, 0xf9, 0x0, 0x0, 0x0, 0xf,
    0xff, 0x70, 0x0, 0x0, 0x0, 0xef, 0xf9, 0x0,
    0x0, 0x0, 0xf, 0xff, 0x70, 0x0, 0x0, 0x0,
    0xef, 0xf9, 0x0, 0x0, 0x0, 0x1f, 0xff, 0x70,
    0x0, 0x0, 0x0, 0xef, 0xf9, 0x0, 0x0, 0x0,
    0x2f, 0xff, 0x90, 0x0, 0x0, 0x0, 0xef, 0xf9,
    0x0, 0x0, 0x0, 0x4f, 0xff, 0xb0, 0x0, 0x0,
    0x0, 0xef, 0xf9, 0x0, 0x0, 0x0, 0x6f, 0xff,
    0xd0, 0x0, 0x0, 0x0, 0xef, 0xf9, 0x0, 0x0,
    0x0, 0xaf, 0xff, 0xf1, 0x0, 0x0, 0x0, 0xef,
    0xf9, 0x0, 0x0, 0x0, 0xff, 0xff, 0xf7, 0x0,
    0x0, 0x0, 0xef, 0xf9, 0x0, 0x0, 0x5, 0xff,
    0xff, 0xfd, 0x0, 0x0, 0x0, 0xef, 0xf9, 0x0,
    0x0, 0xc, 0xff, 0xdf, 0xff, 0x60, 0x0, 0x0,
    0xef, 0xf9, 0x0, 0x0, 0x8f, 0xff, 0x4b, 0xff,
    0xf3, 0x0, 0x0, 0xef, 0xf9, 0x0, 0x4, 0xff,
    0xfd, 0x3, 0xff, 0xfd, 0x10, 0x0, 0xef, 0xf9,
    0x0, 0x5f, 0xff, 0xf4, 0x0, 0x9f, 0xff, 0xf6,
    0x0, 0xef, 0xf9, 0x1a, 0xff, 0xff, 0x90, 0x0,
    0xc, 0xff, 0xff, 0x70, 0xef, 0xf9, 0x2f, 0xff,
    0xfa, 0x0, 0x0, 0x0, 0xcf, 0xfe, 0x10, 0xef,
    0xf9, 0x6, 0xff, 0x90, 0x0, 0x0, 0x0, 0x8,
    0xf3, 0x0, 0xef, 0xf9, 0x0, 0x83, 0x0, 0x0,
    0x0, 0x0, 0x0, 0x0, 0x0, 0xef, 0xf9, 0x0,
    0x0, 0x0, 0x0, 0x0, 0x0, 0x0, 0x0, 0x0,
    0xef, 0xf9, 0x0, 0x0, 0x0, 0x0, 0x0, 0x0,
    0x0, 0x0, 0x0, 0xef, 0xf9, 0x0, 0x0, 0x0,
    0x0, 0x0, 0x0, 0x0, 0x0, 0x0, 0xef, 0xf9,
    0x0, 0x0, 0x0, 0x0, 0x0, 0x0, 0x0, 0x0,
    0x0, 0xef, 0xf9, 0x0, 0x0, 0x0, 0x0, 0x0,
    0x0, 0x0, 0x0, 0x0, 0xbc, 0xc7,

    /* U+C2DD "식" */
    0x0, 0x0, 0x0, 0x0, 0x0, 0x0, 0x0, 0x0,
    0x0, 0x99, 0x94, 0x0, 0x0, 0x0, 0x36, 0x66,
    0x0, 0x0, 0x0, 0x1, 0xff, 0xf6, 0x0, 0x0,
    0x0, 0x8f, 0xff, 0x10, 0x0, 0x0, 0x1, 0xff,
    0xf6, 0x0, 0x0, 0x0, 0x8f, 0xff, 0x10, 0x0,
    0x0, 0x1, 0xff, 0xf6, 0x0, 0x0, 0x0, 0xaf,
    0xff, 0x20, 0x0, 0x0, 0x1, 0xff, 0xf6, 0x0,
    0x0, 0x0, 0xcf, 0xff, 0x40, 0x0, 0x0, 0x1,
    0xff, 0xf6, 0x0, 0x0, 0x0, 0xff, 0xff, 0x80,
    0x0, 0x0, 0x1, 0xff, 0xf6, 0x0, 0x0, 0x7,
    0xff, 0xff, 0xf1, 0x0, 0x0, 0x1, 0xff, 0xf6,
    0x0, 0x0, 0x1e, 0xff, 0xff, 0xfa, 0x0, 0x0,
    0x1, 0xff, 0xf6, 0x0, 0x1, 0xdf, 0xff, 0x8f,
    0xff, 0xa0, 0x0, 0x1, 0xff, 0xf6, 0x0, 0x4d,
    0xff, 0xf7, 0xc, 0xff, 0xfd, 0x60, 0x1, 0xff,
    0xf6, 0x3d, 0xff, 0xff, 0xa0, 0x1, 0xdf, 0xff,
    0xfb, 0x1, 0xff, 0xf6, 0x1e, 0xff, 0xfa, 0x0,
    0x0, 0x1b, 0xff, 0xf3, 0x1, 0xff, 0xf6, 0x5,
    0xfd, 0x50, 0x0, 0x0, 0x0, 0x4b, 0x80, 0x1,
    0xff, 0xf6, 0x0, 0x40, 0x0, 0x0, 0x0, 0x0,
    0x0, 0x0, 0x1, 0xff, 0xf6, 0x0, 0x0, 0x0,
    0x0, 0x0, 0x0, 0x0, 0x0, 0x0, 0x44, 0x41,
    0x0, 0x0, 0x7a, 0xaa, 0xaa, 0xaa, 0xaa, 0xaa,
    0xaa, 0xaa, 0xa4, 0x0, 0x0, 0xbf, 0xff, 0xff,
    0xff, 0xff, 0xff, 0xff, 0xff, 0xf6, 0x0, 0x0,
    0xbf, 0xff, 0xff, 0xff, 0xff, 0xff, 0xff, 0xff,
    0xf6, 0x0, 0x0, 0x11, 0x11, 0x11, 0x11, 0x11,
    0x11, 0x12, 0xff, 0xf6, 0x0, 0x0, 0x0, 0x0,
    0x0, 0x0, 0x0, 0x0, 0x1, 0xff, 0xf6, 0x0,
    0x0, 0x0, 0x0, 0x0, 0x0, 0x0, 0x0, 0x1,
    0xff, 0xf6, 0x0, 0x0, 0x0, 0x0, 0x0, 0x0,
    0x0, 0x0, 0x1, 0xff, 0xf6, 0x0, 0x0, 0x0,
    0x0, 0x0, 0x0, 0x0, 0x0, 0x1, 0xff, 0xf6,
    0x0, 0x0, 0x0, 0x0, 0x0, 0x0, 0x0, 0x0,
    0x1, 0xff, 0xf6, 0x0, 0x0, 0x0, 0x0, 0x0,
    0x0, 0x0, 0x0, 0x0, 0x44, 0x42,

    /* U+C2E4 "실" */
    0x0, 0x0, 0x0, 0x0, 0x0, 0x0, 0x0, 0x0,
    0x0, 0x88, 0x84, 0x0, 0x0, 0x0, 0x4, 0xdd,
    0xd3, 0x0, 0x0, 0x0, 0xe, 0xff, 0x80, 0x0,
    0x0, 0x0, 0x5f, 0xff, 0x40, 0x0, 0x0, 0x0,
    0xef, 0xf8, 0x0, 0x0, 0x0, 0x6, 0xff, 0xf5,
    0x0, 0x0, 0x0, 0xe, 0xff, 0x80, 0x0, 0x0,
    0x0, 0x9f, 0xff, 0x70, 0x0, 0x0, 0x0, 0xef,
    0xf8, 0x0, 0x0, 0x0, 0xc, 0xff, 0xfc, 0x0,
    0x0, 0x0, 0xe, 0xff, 0x80, 0x0, 0x0, 0x5,
    0xff, 0xff, 0xf4, 0x0, 0x0, 0x0, 0xef, 0xf8,
    0x0, 0x0, 0x1, 0xdf, 0xff, 0xff, 0xd2, 0x0,
    0x0, 0xe, 0xff, 0x80, 0x0, 0x1, 0xdf, 0xff,
    0x6f, 0xff, 0xe3, 0x0, 0x0, 0xef, 0xf8, 0x0,
    0x7, 0xef, 0xff, 0x80, 0x7f, 0xff, 0xfa, 0x30,
    0xe, 0xff, 0x80, 0x2f, 0xff, 0xff, 0xa0, 0x0,
    0x8f, 0xff, 0xfd, 0x0, 0xef, 0xf8, 0x0, 0xaf,
    0xff, 0x80, 0x0, 0x0, 0x4d, 0xff, 0x30, 0xe,
    0xff, 0x80, 0x1, 0xea, 0x30, 0x0, 0x0, 0x0,
    0x4, 0x60, 0x0, 0xef, 0xf8, 0x0, 0x0, 0x0,
    0x0, 0x0, 0x0, 0x0, 0x0, 0x0, 0x0, 0x0,
    0x0, 0x0, 0x0, 0x1b, 0xbb, 0xbb, 0xbb, 0xbb,
    0xbb, 0xbb, 0xbb, 0xb6, 0x0, 0x0, 0x1, 0xff,
    0xff, 0xff, 0xff, 0xff, 0xff, 0xff, 0xff, 0x90,
    0x0, 0x0, 0x1f, 0xff, 0xff, 0xff, 0xff, 0xff,
    0xff, 0xff, 0xf9, 0x0, 0x0, 0x0, 0x0, 0x0,
    0x0, 0x0, 0x0, 0x0, 0xe, 0xff, 0x90, 0x0,
    0x0, 0x8, 0x88, 0x88, 0x88, 0x88, 0x88, 0x88,
    0xff, 0xf9, 0x0, 0x0, 0x1, 0xff, 0xff, 0xff,
    0xff, 0xff, 0xff, 0xff, 0xff, 0x90, 0x0, 0x0,
    0x1f, 0xff, 0xff, 0xff, 0xff, 0xff, 0xff, 0xff,
    0xf9, 0x0, 0x0, 0x1, 0xff, 0xf5, 0x0, 0x0,
    0x0, 0x0, 0x0, 0x0, 0x0, 0x0, 0x0, 0x1f,
    0xff, 0xca, 0xaa, 0xaa, 0xaa, 0xaa, 0xaa, 0xaa,
    0x20, 0x0, 0x1, 0xff, 0xff, 0xff, 0xff, 0xff,
    0xff, 0xff, 0xff, 0xf4, 0x0, 0x0, 0x1f, 0xff,
    0xff, 0xff, 0xff, 0xff, 0xff, 0xff, 0xff, 0x40,
    0x0, 0x0, 0x11, 0x11, 0x11, 0x11, 0x11, 0x11,
    0x11, 0x11, 0x10,

    /* U+C548 "안" */
    0x0, 0x0, 0x0, 0x0, 0x0, 0x0, 0x0, 0x0,
    0x2, 0x22, 0x10, 0x0, 0x0, 0x0, 0x0, 0x0,
    0x0, 0x0, 0x0, 0x0, 0xf, 0xff, 0x70, 0x0,
    0x0, 0x0, 0x3, 0x68, 0x74, 0x10, 0x0, 0x0,
    0xf, 0xff, 0x70, 0x0, 0x0, 0x3, 0xcf, 0xff,
    0xff, 0xf7, 0x0, 0x0, 0xf, 0xff, 0x70, 0x0,
    0x0, 0x5f, 0xff, 0xff, 0xff, 0xff, 0xc0, 0x0,
    0xf, 0xff, 0x70, 0x0, 0x2, 0xff, 0xff, 0xa7,
    0x8d, 0xff, 0xf8, 0x0, 0xf, 0xff, 0x70, 0x0,
    0xa, 0xff, 0xf3, 0x0, 0x0, 0xbf, 0xff, 0x10,
    0xf, 0xff, 0x70, 0x0, 0xf, 0xff, 0x90, 0x0,
    0x0, 0x1f, 0xff, 0x60, 0xf, 0xff, 0x82, 0x21,
    0x1f, 0xff, 0x60, 0x0, 0x0, 0xe, 0xff, 0x70,
    0xf, 0xff, 0xff, 0xfd, 0xf, 0xff, 0x80, 0x0,
    0x0, 0xf, 0xff, 0x60, 0xf, 0xff, 0xff, 0xfd,
    0xc, 0xff, 0xe1, 0x0, 0x0, 0x8f, 0xff, 0x30,
    0xf, 0xff, 0xdb, 0xb9, 0x4, 0xff, 0xfd, 0x52,
    0x39, 0xff, 0xfb, 0x0, 0xf, 0xff, 0x70, 0x0,
    0x0, 0x8f, 0xff, 0xff, 0xff, 0xff, 0xe1, 0x0,
    0xf, 0xff, 0x70, 0x0, 0x0, 0x7, 0xff, 0xff,
    0xff, 0xfb, 0x20, 0x0, 0xf, 0xff, 0x70, 0x0,
    0x0, 0x0, 0x17, 0xad, 0xb9, 0x50, 0x0, 0x0,
    0xf, 0xff, 0x70, 0x0, 0x0, 0x0, 0x0, 0x0,
    0x0, 0x0, 0x0, 0x0, 0xf, 0xff, 0x70, 0x0,
    0x0, 0x0, 0x12, 0x22, 0x0, 0x0, 0x0, 0x0,
    0xf, 0xff, 0x70, 0x0, 0x0, 0x0, 0xaf, 0xfc,
    0x0, 0x0, 0x0, 0x0, 0xf, 0xff, 0x70, 0x0,
    0x0, 0x0, 0xaf, 0xfc, 0x0, 0x0, 0x0, 0x0,
    0xf, 0xff, 0x70, 0x0, 0x0, 0x0, 0xaf, 0xfc,
    0x0, 0x0, 0x0, 0x0, 0x0, 0x0, 0x0, 0x0,
    0x0, 0x0, 0xaf, 0xfc, 0x0, 0x0, 0x0, 0x0,
    0x0, 0x0, 0x0, 0x0, 0x0, 0x0, 0xaf, 0xfc,
    0x0, 0x0, 0x0, 0x0, 0x0, 0x0, 0x0, 0x0,
    0x0, 0x0, 0xaf, 0xff, 0xbb, 0xbb, 0xbb, 0xbb,
    0xbb, 0xbb, 0xb4, 0x0, 0x0, 0x0, 0xaf, 0xff,
    0xff, 0xff, 0xff, 0xff, 0xff, 0xff, 0xf6, 0x0,
    0x0, 0x0, 0xaf, 0xff, 0xff, 0xff, 0xff, 0xff,
    0xff, 0xff, 0xf6, 0x0, 0x0, 0x0, 0x0, 0x0,
    0x0, 0x0, 0x0, 0x0, 0x0, 0x0, 0x0, 0x0,

    /* U+C549 "앉" */
    0x0, 0x0, 0x0, 0x0, 0x0, 0x0, 0x0, 0x0,
    0x3, 0x33, 0x10, 0x0, 0x0, 0x0, 0x0, 0x0,
    0x0, 0x0, 0x0, 0x0, 0xf, 0xff, 0x80, 0x0,
    0x0, 0x0, 0x5a, 0xdf, 0xeb, 0x70, 0x0, 0x0,
    0xf, 0xff, 0x80, 0x0, 0x0, 0x2c, 0xff, 0xff,
    0xff, 0xfe, 0x40, 0x0, 0xf, 0xff, 0x80, 0x0,
    0x0, 0xcf, 0xff, 0xfe, 0xff, 0xff, 0xf2, 0x0,
    0xf, 0xff, 0x80, 0x0, 0x8, 0xff, 0xf8, 0x0,
    0x5, 0xff, 0xfc, 0x0, 0xf, 0xff, 0x80, 0x0,
    0xe, 0xff, 0xa0, 0x0, 0x0, 0x6f, 0xff, 0x20,
    0xf, 0xff, 0xff, 0xfc, 0xf, 0xff, 0x60, 0x0,
    0x0, 0x1f, 0xff, 0x40, 0xf, 0xff, 0xff, 0xfc,
    0xf, 0xff, 0x70, 0x0, 0x0, 0x3f, 0xff, 0x40,
    0xf, 0xff, 0xfe, 0xeb, 0xc, 0xff, 0xd0, 0x0,
    0x0, 0xaf, 0xff, 0x10, 0xf, 0xff, 0x80, 0x0,
    0x5, 0xff, 0xfd, 0x63, 0x5b, 0xff, 0xf9, 0x0,
    0xf, 0xff, 0x80, 0x0, 0x0, 0x8f, 0xff, 0xff,
    0xff, 0xff, 0xc0, 0x0, 0xf, 0xff, 0x80, 0x0,
    0x0, 0x6, 0xef, 0xff, 0xff, 0xf8, 0x0, 0x0,
    0xf, 0xff, 0x80, 0x0, 0x0, 0x0, 0x4, 0x79,
    0x85, 0x10, 0x0, 0x0, 0xf, 0xff, 0x70, 0x0,
    0x0, 0x0, 0x0, 0x0, 0x0, 0x0, 0x0, 0x0,
    0x0, 0x0, 0x0, 0x0, 0x0, 0x5, 0x55, 0x20,
    0x0, 0x1f, 0xff, 0xff, 0xff, 0xff, 0xf8, 0x0,
    0x0, 0xf, 0xff, 0x60, 0x0, 0x1f, 0xff, 0xff,
    0xff, 0xff, 0xf8, 0x0, 0x0, 0xf, 0xff, 0x60,
    0x0, 0xb, 0xbb, 0xdf, 0xff, 0xbb, 0xb6, 0x0,
    0x0, 0xf, 0xff, 0x60, 0x0, 0x0, 0x0, 0x8f,
    0xff, 0x0, 0x0, 0x0, 0x0, 0xf, 0xff, 0x60,
    0x0, 0x0, 0x0, 0xcf, 0xff, 0x30, 0x0, 0x0,
    0x0, 0xf, 0xff, 0x60, 0x0, 0x0, 0x5, 0xff,
    0xff, 0xb0, 0x0, 0x0, 0x0, 0xf, 0xff, 0x61,
    0x49, 0x40, 0x4f, 0xff, 0xff, 0xf9, 0x0, 0x0,
    0x0, 0xf, 0xff, 0xff, 0xff, 0xba, 0xff, 0xfc,
    0x7f, 0xff, 0xd6, 0x0, 0x0, 0xf, 0xff, 0xff,
    0xff, 0xff, 0xff, 0xe1, 0x9, 0xff, 0xff, 0x10,
    0x0, 0xf, 0xfe, 0xdc, 0x84, 0x1e, 0xfc, 0x20,
    0x0, 0x8f, 0xf7, 0x0, 0x0, 0x0, 0x0, 0x0,
    0x0, 0x4, 0x40, 0x0, 0x0, 0x1, 0x70, 0x0,

    /* U+C555 "압" */
    0x0, 0x0, 0x0, 0x0, 0x0, 0x0, 0x0, 0x0,
    0x7, 0x77, 0x30, 0x0, 0x0, 0x0, 0x0, 0x14,
    0x20, 0x0, 0x0, 0x0, 0xf, 0xff, 0x70, 0x0,
    0x0, 0x1, 0x9f, 0xff, 0xff, 0xc4, 0x0, 0x0,
    0xf, 0xff, 0x70, 0x0, 0x0, 0x3e, 0xff, 0xff,
    0xff, 0xff, 0x90, 0x0, 0xf, 0xff, 0x70, 0x0,
    0x1, 0xef, 0xff, 0xc9, 0xae, 0xff, 0xf6, 0x0,
    0xf, 0xff, 0x70, 0x0, 0xa, 0xff, 0xf4, 0x0,
    0x1, 0xcf, 0xff, 0x10, 0xf, 0xff, 0x93, 0x32,
    0xe, 0xff, 0x90, 0x0, 0x0, 0x2f, 0xff, 0x50,
    0xf, 0xff, 0xff, 0xfd, 0xf, 0xff, 0x60, 0x0,
    0x0, 0xf, 0xff, 0x70, 0xf, 0xff, 0xff, 0xfd,
    0xf, 0xff, 0x90, 0x0, 0x0, 0x2f, 0xff, 0x50,
    0xf, 0xff, 0xc9, 0x98, 0xb, 0xff, 0xf3, 0x0,
    0x0, 0xbf, 0xff, 0x10, 0xf, 0xff, 0x70, 0x0,
    0x2, 0xff, 0xff, 0xa7, 0x8d, 0xff, 0xf8, 0x0,
    0xf, 0xff, 0x70, 0x0, 0x0, 0x5f, 0xff, 0xff,
    0xff, 0xff, 0xc0, 0x0, 0xf, 0xff, 0x70, 0x0,
    0x0, 0x3, 0xcf, 0xff, 0xff, 0xe7, 0x0, 0x0,
    0xf, 0xff, 0x70, 0x0, 0x0, 0x0, 0x2, 0x47,
    0x63, 0x0, 0x0, 0x0, 0xf, 0xff, 0x70, 0x0,
    0x0, 0x0, 0x0, 0x0, 0x0, 0x0, 0x0, 0x0,
    0x1, 0x11, 0x0, 0x0, 0x0, 0x0, 0xdf, 0xf9,
    0x0, 0x0, 0x0, 0x0, 0xf, 0xff, 0x70, 0x0,
    0x0, 0x0, 0xdf, 0xf9, 0x0, 0x0, 0x0, 0x0,
    0xf, 0xff, 0x70, 0x0, 0x0, 0x0, 0xdf, 0xfd,
    0x99, 0x99, 0x99, 0x99, 0xaf, 0xff, 0x70, 0x0,
    0x0, 0x0, 0xdf, 0xff, 0xff, 0xff, 0xff, 0xff,
    0xff, 0xff, 0x70, 0x0, 0x0, 0x0, 0xdf, 0xff,
    0xff, 0xff, 0xff, 0xff, 0xff, 0xff, 0x70, 0x0,
    0x0, 0x0, 0xdf, 0xfa, 0x0, 0x0, 0x0, 0x0,
    0xf, 0xff, 0x70, 0x0, 0x0, 0x0, 0xdf, 0xf9,
    0x0, 0x0, 0x0, 0x0, 0xf, 0xff, 0x70, 0x0,
    0x0, 0x0, 0xdf, 0xfe, 0xbb, 0xbb, 0xbb, 0xbb,
    0xcf, 0xff, 0x70, 0x0, 0x0, 0x0, 0xdf, 0xff,
    0xff, 0xff, 0xff, 0xff, 0xff, 0xff, 0x70, 0x0,
    0x0, 0x0, 0xdf, 0xff, 0xff, 0xff, 0xff, 0xff,
    0xff, 0xff, 0x70, 0x0, 0x0, 0x0, 0x0, 0x0,
    0x0, 0x0, 0x0, 0x0, 0x0, 0x0, 0x0, 0x0,

    /* U+C5B4 "어" */
    0x0, 0x0, 0x0, 0x0, 0x0, 0x0, 0x0, 0x0,
    0x1, 0x22, 0x20, 0x0, 0x0, 0x0, 0x0, 0x0,
    0x0, 0x0, 0x0, 0x8f, 0xfe, 0x0, 0x0, 0x4,
    0x55, 0x10, 0x0, 0x0, 0x0, 0x8, 0xff, 0xe0,
    0x0, 0x6e, 0xff, 0xff, 0x90, 0x0, 0x0, 0x0,
    0x8f, 0xfe, 0x0, 0x8f, 0xff, 0xff, 0xff, 0xc1,
    0x0, 0x0, 0x8, 0xff, 0xe0, 0x4f, 0xff, 0xfd,
    0xff, 0xff, 0x90, 0x0, 0x0, 0x8f, 0xfe, 0xb,
    0xff, 0xe2, 0x0, 0x9f, 0xff, 0x30, 0x0, 0x8,
    0xff, 0xe3, 0xff, 0xf4, 0x0, 0x0, 0xdf, 0xf9,
    0x0, 0x0, 0x8f, 0xfe, 0x7f, 0xfe, 0x0, 0x0,
    0x8, 0xff, 0xd0, 0x0, 0x8, 0xff, 0xe9, 0xff,
    0xa0, 0x0, 0x0, 0x4f, 0xff, 0x32, 0x22, 0x9f,
    0xfe, 0xbf, 0xf9, 0x0, 0x0, 0x2, 0xff, 0xff,
    0xff, 0xff, 0xff, 0xed, 0xff, 0x80, 0x0, 0x0,
    0x1f, 0xff, 0xff, 0xff, 0xff, 0xfe, 0xbf, 0xf9,
    0x0, 0x0, 0x3, 0xff, 0xfb, 0xaa, 0xad, 0xff,
    0xe9, 0xff, 0xa0, 0x0, 0x0, 0x4f, 0xff, 0x0,
    0x0, 0x8f, 0xfe, 0x7f, 0xfe, 0x0, 0x0, 0x8,
    0xff, 0xc0, 0x0, 0x8, 0xff, 0xe3, 0xff, 0xf4,
    0x0, 0x0, 0xef, 0xf9, 0x0, 0x0, 0x8f, 0xfe,
    0xb, 0xff, 0xe3, 0x1, 0xaf, 0xff, 0x20, 0x0,
    0x8, 0xff, 0xe0, 0x3f, 0xff, 0xfe, 0xff, 0xff,
    0x90, 0x0, 0x0, 0x8f, 0xfe, 0x0, 0x8f, 0xff,
    0xff, 0xff, 0xc1, 0x0, 0x0, 0x8, 0xff, 0xe0,
    0x0, 0x5e, 0xff, 0xff, 0x80, 0x0, 0x0, 0x0,
    0x8f, 0xfe, 0x0, 0x0, 0x3, 0x54, 0x10, 0x0,
    0x0, 0x0, 0x8, 0xff, 0xe0, 0x0, 0x0, 0x0,
    0x0, 0x0, 0x0, 0x0, 0x0, 0x8f, 0xfe, 0x0,
    0x0, 0x0, 0x0, 0x0, 0x0, 0x0, 0x0, 0x8,
    0xff, 0xe0, 0x0, 0x0, 0x0, 0x0, 0x0, 0x0,
    0x0, 0x0, 0x8f, 0xfe, 0x0, 0x0, 0x0, 0x0,
    0x0, 0x0, 0x0, 0x0, 0x8, 0xff, 0xe0, 0x0,
    0x0, 0x0, 0x0, 0x0, 0x0, 0x0, 0x0, 0x6c,
    0xcb,

    /* U+C5D0 "에" */
    0x0, 0x0, 0x0, 0x0, 0x0, 0x0, 0x0, 0x0,
    0x0, 0x2, 0x22, 0x0, 0x0, 0x0, 0x0, 0x0,
    0x0, 0x0, 0x1c, 0xcc, 0x10, 0xff, 0xf4, 0x0,
    0x0, 0x3, 0x53, 0x0, 0x0, 0x2, 0xff, 0xf1,
    0xf, 0xff, 0x40, 0x0, 0x3e, 0xff, 0xfc, 0x10,
    0x0, 0x2f, 0xff, 0x10, 0xff, 0xf4, 0x0, 0x2f,
    0xff, 0xff, 0xfd, 0x10, 0x2, 0xff, 0xf1, 0xf,
    0xff, 0x40, 0xb, 0xff, 0xff, 0xff, 0xf9, 0x0,
    0x2f, 0xff, 0x10, 0xff, 0xf4, 0x2, 0xff, 0xf6,
    0x8, 0xff, 0xf1, 0x2, 0xff, 0xf1, 0xf, 0xff,
    0x40, 0x8f, 0xfb, 0x0, 0xd, 0xff, 0x60, 0x2f,
    0xff, 0x10, 0xff, 0xf4, 0xb, 0xff, 0x70, 0x0,
    0x9f, 0xf9, 0x2, 0xff, 0xf1, 0xf, 0xff, 0x40,
    0xdf, 0xf4, 0x0, 0x6, 0xff, 0xc0, 0x2f, 0xff,
    0x10, 0xff, 0xf4, 0xe, 0xff, 0x30, 0x0, 0x5f,
    0xff, 0xef, 0xff, 0xf1, 0xf, 0xff, 0x40, 0xff,
    0xf3, 0x0, 0x4, 0xff, 0xff, 0xff, 0xff, 0x10,
    0xff, 0xf4, 0xf, 0xff, 0x30, 0x0, 0x5f, 0xff,
    0xdd, 0xff, 0xf1, 0xf, 0xff, 0x40, 0xdf, 0xf4,
    0x0, 0x6, 0xff, 0xd0, 0x2f, 0xff, 0x10, 0xff,
    0xf4, 0xc, 0xff, 0x60, 0x0, 0x8f, 0xfa, 0x2,
    0xff, 0xf1, 0xf, 0xff, 0x40, 0x9f, 0xfa, 0x0,
    0xc, 0xff, 0x70, 0x2f, 0xff, 0x10, 0xff, 0xf4,
    0x5, 0xff, 0xf2, 0x4, 0xff, 0xf3, 0x2, 0xff,
    0xf1, 0xf, 0xff, 0x40, 0xe, 0xff, 0xfc, 0xff,
    0xfb, 0x0, 0x2f, 0xff, 0x10, 0xff, 0xf4, 0x0,
    0x5f, 0xff, 0xff, 0xff, 0x30, 0x2, 0xff, 0xf1,
    0xf, 0xff, 0x40, 0x0, 0x7f, 0xff, 0xff, 0x40,
    0x0, 0x2f, 0xff, 0x10, 0xff, 0xf4, 0x0, 0x0,
    0x38, 0xa8, 0x20, 0x0, 0x2, 0xff, 0xf1, 0xf,
    0xff, 0x40, 0x0, 0x0, 0x0, 0x0, 0x0, 0x0,
    0x2f, 0xff, 0x10, 0xff, 0xf4, 0x0, 0x0, 0x0,
    0x0, 0x0, 0x0, 0x2, 0xff, 0xf1, 0xf, 0xff,
    0x40, 0x0, 0x0, 0x0, 0x0, 0x0, 0x0, 0x2f,
    0xff, 0x10, 0xff, 0xf4, 0x0, 0x0, 0x0, 0x0,
    0x0, 0x0, 0x1, 0x99, 0x91, 0xf, 0xff, 0x40,
    0x0, 0x0, 0x0, 0x0, 0x0, 0x0, 0x0, 0x0,
    0x0, 0xbb, 0xb3,

    /* U+C5F0 "연" */
    0x0, 0x0, 0x0, 0x0, 0x0, 0x0, 0x0, 0x0,
    0x3, 0x33, 0x20, 0x0, 0x0, 0x0, 0x0, 0x0,
    0x0, 0x0, 0x0, 0xe, 0xff, 0x80, 0x0, 0x1,
    0x69, 0xcb, 0x82, 0x0, 0x0, 0x0, 0xe, 0xff,
    0x80, 0x0, 0x5e, 0xff, 0xff, 0xff, 0x80, 0x0,
    0x0, 0xe, 0xff, 0x80, 0x6, 0xff, 0xff, 0xff,
    0xff, 0xfe, 0xcc, 0xcc, 0xcf, 0xff, 0x80, 0x2f,
    0xff, 0xe7, 0x56, 0xdf, 0xff, 0xff, 0xff, 0xff,
    0xff, 0x80, 0x9f, 0xff, 0x10, 0x0, 0xc, 0xff,
    0xff, 0xff, 0xff, 0xff, 0x80, 0xdf, 0xf8, 0x0,
    0x0, 0x4, 0xff, 0xf1, 0x0, 0xe, 0xff, 0x80,
    0xef, 0xf6, 0x0, 0x0, 0x1, 0xff, 0xf3, 0x0,
    0xe, 0xff, 0x80, 0xdf, 0xf8, 0x0, 0x0, 0x3,
    0xff, 0xf2, 0x0, 0xe, 0xff, 0x80, 0xaf, 0xfe,
    0x0, 0x0, 0xa, 0xff, 0xfd, 0xdd, 0xdf, 0xff,
    0x80, 0x3f, 0xff, 0xd5, 0x23, 0xaf, 0xff, 0xff,
    0xff, 0xff, 0xff, 0x80, 0x8, 0xff, 0xff, 0xff,
    0xff, 0xff, 0xee, 0xee, 0xef, 0xff, 0x80, 0x0,
    0x8f, 0xff, 0xff, 0xff, 0xa1, 0x0, 0x0, 0xe,
    0xff, 0x80, 0x0, 0x2, 0x9c, 0xee, 0xb5, 0x0,
    0x0, 0x0, 0xe, 0xff, 0x80, 0x0, 0x0, 0x0,
    0x0, 0x0, 0x0, 0x0, 0x0, 0xe, 0xff, 0x80,
    0x0, 0x0, 0x0, 0x0, 0x0, 0x0, 0x0, 0x0,
    0xe, 0xff, 0x80, 0x0, 0x0, 0xcf, 0xfa, 0x0,
    0x0, 0x0, 0x0, 0xe, 0xff, 0x80, 0x0, 0x0,
    0xcf, 0xfa, 0x0, 0x0, 0x0, 0x0, 0xe, 0xff,
    0x80, 0x0, 0x0, 0xcf, 0xfa, 0x0, 0x0, 0x0,
    0x0, 0x0, 0x0, 0x0, 0x0, 0x0, 0xcf, 0xfa,
    0x0, 0x0, 0x0, 0x0, 0x0, 0x0, 0x0, 0x0,
    0x0, 0xcf, 0xfa, 0x0, 0x0, 0x0, 0x0, 0x0,
    0x0, 0x0, 0x0, 0x0, 0xcf, 0xfe, 0xbb, 0xbb,
    0xbb, 0xbb, 0xbb, 0xbb, 0xb1, 0x0, 0x0, 0xcf,
    0xff, 0xff, 0xff, 0xff, 0xff, 0xff, 0xff, 0xf2,
    0x0, 0x0, 0xcf, 0xff, 0xff, 0xff, 0xff, 0xff,
    0xff, 0xff, 0xf2, 0x0, 0x0, 0x0, 0x0, 0x0,
    0x0, 0x0, 0x0, 0x0, 0x0, 0x0,

    /* U+C601 "영" */
    0x0, 0x0, 0x0, 0x0, 0x0, 0x0, 0x0, 0x0,
    0x4, 0x55, 0x20, 0x0, 0x0, 0x0, 0x0, 0x0,
    0x0, 0x0, 0x0, 0xef, 0xf8, 0x0, 0x3, 0x9c,
    0xfe, 0xb6, 0x0, 0x0, 0x0, 0xe, 0xff, 0x80,
    0x9, 0xff, 0xff, 0xff, 0xfc, 0x20, 0x0, 0x0,
    0xef, 0xf8, 0x9, 0xff, 0xff, 0xff, 0xff, 0xff,
    0xff, 0xff, 0xff, 0xff, 0x84, 0xff, 0xfb, 0x30,
    0x28, 0xff, 0xff, 0xff, 0xff, 0xff, 0xf8, 0xbf,
    0xfc, 0x0, 0x0, 0x8, 0xff, 0xfc, 0xbb, 0xbf,
    0xff, 0x8e, 0xff, 0x70, 0x0, 0x0, 0x2f, 0xff,
    0x20, 0x0, 0xef, 0xf8, 0xef, 0xf7, 0x0, 0x0,
    0x2, 0xff, 0xf3, 0x0, 0xe, 0xff, 0x8c, 0xff,
    0xb0, 0x0, 0x0, 0x6f, 0xff, 0x98, 0x88, 0xff,
    0xf8, 0x6f, 0xff, 0x80, 0x0, 0x5f, 0xff, 0xff,
    0xff, 0xff, 0xff, 0x80, 0xbf, 0xff, 0xfd, 0xff,
    0xff, 0xff, 0xff, 0xff, 0xff, 0xf8, 0x1, 0xcf,
    0xff, 0xff, 0xff, 0xd5, 0x33, 0x33, 0x3f, 0xff,
    0x80, 0x0, 0x5c, 0xef, 0xfe, 0x80, 0x0, 0x0,
    0x0, 0xef, 0xf8, 0x0, 0x0, 0x0, 0x10, 0x0,
    0x0, 0x0, 0x0, 0xe, 0xff, 0x80, 0x0, 0x0,
    0x0, 0x0, 0x0, 0x11, 0x0, 0x0, 0x44, 0x42,
    0x0, 0x0, 0x0, 0x16, 0xce, 0xff, 0xff, 0xec,
    0x82, 0x0, 0x0, 0x0, 0x0, 0x8f, 0xff, 0xff,
    0xff, 0xff, 0xff, 0xfb, 0x10, 0x0, 0x0, 0x9f,
    0xff, 0xfc, 0x98, 0x89, 0xbf, 0xff, 0xfd, 0x0,
    0x0, 0x2f, 0xff, 0xb1, 0x0, 0x0, 0x0, 0x7,
    0xff, 0xf6, 0x0, 0x5, 0xff, 0xf2, 0x0, 0x0,
    0x0, 0x0, 0xe, 0xff, 0x90, 0x0, 0x3f, 0xff,
    0x60, 0x0, 0x0, 0x0, 0x2, 0xff, 0xf8, 0x0,
    0x0, 0xdf, 0xff, 0xa6, 0x32, 0x23, 0x59, 0xff,
    0xff, 0x20, 0x0, 0x3, 0xef, 0xff, 0xff, 0xff,
    0xff, 0xff, 0xff, 0x60, 0x0, 0x0, 0x1, 0x7d,
    0xff, 0xff, 0xff, 0xff, 0xe9, 0x20, 0x0, 0x0,
    0x0, 0x0, 0x2, 0x56, 0x88, 0x65, 0x30, 0x0,
    0x0,

    /* U+C644 "완" */
    0x0, 0x0, 0x0, 0x0, 0x0, 0x0, 0x0, 0x0,
    0x1, 0x11, 0x10, 0x0, 0x0, 0x0, 0x0, 0x1,
    0x10, 0x0, 0x0, 0x0, 0xe, 0xff, 0x90, 0x0,
    0x0, 0x0, 0x3b, 0xef, 0xff, 0xd6, 0x0, 0x0,
    0xe, 0xff, 0x90, 0x0, 0x0, 0x8, 0xff, 0xff,
    0xff, 0xff, 0xd1, 0x0, 0xe, 0xff, 0x90, 0x0,
    0x0, 0x5f, 0xff, 0xc7, 0x69, 0xff, 0xfc, 0x0,
    0xe, 0xff, 0x90, 0x0, 0x0, 0xbf, 0xfa, 0x0,
    0x0, 0x3f, 0xff, 0x30, 0xe, 0xff, 0x90, 0x0,
    0x0, 0xff, 0xf4, 0x0, 0x0, 0xd, 0xff, 0x60,
    0xe, 0xff, 0x90, 0x0, 0x0, 0xef, 0xf6, 0x0,
    0x0, 0xf, 0xff, 0x50, 0xe, 0xff, 0x90, 0x0,
    0x0, 0xaf, 0xfe, 0x40, 0x1, 0xaf, 0xff, 0x20,
    0xe, 0xff, 0xc7, 0x75, 0x0, 0x1f, 0xff, 0xff,
    0xef, 0xff, 0xf8, 0x0, 0xe, 0xff, 0xff, 0xfb,
    0x0, 0x2, 0xdf, 0xff, 0xff, 0xff, 0x70, 0x0,
    0xe, 0xff, 0xff, 0xfb, 0x0, 0x0, 0x3, 0xbf,
    0xff, 0x61, 0x0, 0x0, 0xe, 0xff, 0xb5, 0x54,
    0x0, 0x0, 0x0, 0x7f, 0xff, 0x0, 0x0, 0x1,
    0xe, 0xff, 0x90, 0x0, 0x16, 0x66, 0x67, 0xbf,
    0xff, 0xac, 0xdf, 0xfc, 0xe, 0xff, 0x90, 0x0,
    0x3f, 0xff, 0xff, 0xff, 0xff, 0xff, 0xff, 0xfe,
    0xe, 0xff, 0x90, 0x0, 0x1f, 0xff, 0xff, 0xff,
    0xff, 0xfd, 0xba, 0x86, 0xe, 0xff, 0x90, 0x0,
    0x5, 0x55, 0x54, 0x43, 0x21, 0x0, 0x0, 0x0,
    0xe, 0xff, 0x90, 0x0, 0x0, 0x0, 0x0, 0x0,
    0x0, 0x0, 0x0, 0x0, 0xe, 0xff, 0x90, 0x0,
    0x0, 0x0, 0xff, 0xf7, 0x0, 0x0, 0x0, 0x0,
    0xe, 0xff, 0x90, 0x0, 0x0, 0x0, 0xff, 0xf7,
    0x0, 0x0, 0x0, 0x0, 0xc, 0xdd, 0x70, 0x0,
    0x0, 0x0, 0xff, 0xf7, 0x0, 0x0, 0x0, 0x0,
    0x0, 0x0, 0x0, 0x0, 0x0, 0x0, 0xff, 0xf7,
    0x0, 0x0, 0x0, 0x0, 0x0, 0x0, 0x0, 0x0,
    0x0, 0x0, 0xff, 0xfd, 0xbb, 0xbb, 0xbb, 0xbb,
    0xbb, 0xbb, 0xb4, 0x0, 0x0, 0x0, 0xff, 0xff,
    0xff, 0xff, 0xff, 0xff, 0xff, 0xff, 0xf6, 0x0,
    0x0, 0x0, 0xff, 0xff, 0xff, 0xff, 0xff, 0xff,
    0xff, 0xff, 0xf6, 0x0, 0x0, 0x0, 0x0, 0x0,
    0x0, 0x0, 0x0, 0x0, 0x0, 0x0, 0x0, 0x0,

    /* U+C694 "요" */
    0x0, 0x0, 0x0, 0x0, 0x0, 0x0, 0x10, 0x0,
    0x0, 0x0, 0x0, 0x0, 0x0, 0x0, 0x0, 0x3,
    0x9c, 0xef, 0xff, 0xdb, 0x60, 0x0, 0x0, 0x0,
    0x0, 0x0, 0x3, 0xbf, 0xff, 0xff, 0xff, 0xff,
    0xfe, 0x80, 0x0, 0x0, 0x0, 0x0, 0x5f, 0xff,
    0xff, 0xdb, 0xac, 0xef, 0xff, 0xfc, 0x10, 0x0,
    0x0, 0x2, 0xff, 0xfe, 0x61, 0x0, 0x0, 0x3,
    0xaf, 0xff, 0xb0, 0x0, 0x0, 0xa, 0xff, 0xf3,
    0x0, 0x0, 0x0, 0x0, 0x9, 0xff, 0xf3, 0x0,
    0x0, 0xf, 0xff, 0x90, 0x0, 0x0, 0x0, 0x0,
    0x1, 0xff, 0xf8, 0x0, 0x0, 0xf, 0xff, 0x60,
    0x0, 0x0, 0x0, 0x0, 0x0, 0xdf, 0xf9, 0x0,
    0x0, 0xf, 0xff, 0x90, 0x0, 0x0, 0x0, 0x0,
    0x1, 0xff, 0xf8, 0x0, 0x0, 0xa, 0xff, 0xe2,
    0x0, 0x0, 0x0, 0x0, 0x9, 0xff, 0xf3, 0x0,
    0x0, 0x3, 0xff, 0xfe, 0x60, 0x0, 0x0, 0x2,
    0xaf, 0xff, 0xb0, 0x0, 0x0, 0x0, 0x6f, 0xff,
    0xff, 0xca, 0x9b, 0xdf, 0xff, 0xfd, 0x10, 0x0,
    0x0, 0x0, 0x3, 0xff, 0xff, 0xff, 0xff, 0xff,
    0xff, 0xc0, 0x0, 0x0, 0x0, 0x0, 0x0, 0xff,
    0xff, 0xff, 0xff, 0xef, 0xff, 0xa0, 0x0, 0x0,
    0x0, 0x0, 0x0, 0xff, 0xf7, 0x1, 0x10, 0xe,
    0xff, 0xa0, 0x0, 0x0, 0x0, 0x0, 0x0, 0xff,
    0xf7, 0x0, 0x0, 0xe, 0xff, 0xa0, 0x0, 0x0,
    0x0, 0x0, 0x0, 0xff, 0xf7, 0x0, 0x0, 0xe,
    0xff, 0xa0, 0x0, 0x0, 0x0, 0x0, 0x0, 0xff,
    0xf7, 0x0, 0x0, 0xe, 0xff, 0xa0, 0x0, 0x0,
    0x0, 0x0, 0x0, 0xff, 0xf7, 0x0, 0x0, 0xe,
    0xff, 0xa0, 0x0, 0x0, 0x1f, 0xff, 0xff, 0xff,
    0xff, 0xff, 0xff, 0xff, 0xff, 0xff, 0xff, 0xfb,
    0x1f, 0xff, 0xff, 0xff, 0xff, 0xff, 0xff, 0xff,
    0xff, 0xff, 0xff, 0xfb, 0x1c, 0xcc, 0xcc, 0xcc,
    0xcc, 0xcc, 0xcc, 0xcc, 0xcc, 0xcc, 0xcc, 0xc9,

    /* U+C74C "음" */
    0x0, 0x0, 0x0, 0x3, 0x8a, 0xbd, 0xec, 0xb9,
    0x61, 0x0, 0x0, 0x0, 0x0, 0x0, 0x7, 0xef,
    0xff, 0xff, 0xff, 0xff, 0xff, 0xb3, 0x0, 0x0,
    0x0, 0x0, 0xbf, 0xff, 0xff, 0xed, 0xdd, 0xff,
    0xff, 0xff, 0x40, 0x0, 0x0, 0x7, 0xff, 0xfc,
    0x40, 0x0, 0x0, 0x2, 0x8f, 0xff, 0xe0, 0x0,
    0x0, 0xb, 0xff, 0xf0, 0x0, 0x0, 0x0, 0x0,
    0x7, 0xff, 0xf4, 0x0, 0x0, 0xb, 0xff, 0xf1,
    0x0, 0x0, 0x0, 0x0, 0x8, 0xff, 0xf3, 0x0,
    0x0, 0x6, 0xff, 0xfe, 0x62, 0x0, 0x0, 0x14,
    0x9f, 0xff, 0xe0, 0x0, 0x0, 0x0, 0xaf, 0xff,
    0xff, 0xff, 0xff, 0xff, 0xff, 0xff, 0x30, 0x0,
    0x0, 0x0, 0x6, 0xcf, 0xff, 0xff, 0xff, 0xff,
    0xff, 0xa2, 0x0, 0x0, 0x0, 0x0, 0x0, 0x1,
    0x68, 0xab, 0xca, 0x98, 0x40, 0x0, 0x0, 0x0,
    0x0, 0x0, 0x0, 0x0, 0x0, 0x0, 0x0, 0x0,
    0x0, 0x0, 0x0, 0x0, 0xc, 0xcc, 0xcc, 0xcc,
    0xcc, 0xcc, 0xcc, 0xcc, 0xcc, 0xcc, 0xcc, 0xc7,
    0x1f, 0xff, 0xff, 0xff, 0xff, 0xff, 0xff, 0xff,
    0xff, 0xff, 0xff, 0xf9, 0x1f, 0xff, 0xff, 0xff,
    0xff, 0xff, 0xff, 0xff, 0xff, 0xff, 0xff, 0xf9,
    0x0, 0x0, 0x0, 0x0, 0x0, 0x0, 0x0, 0x0,
    0x0, 0x0, 0x0, 0x0, 0x0, 0x0, 0x0, 0x0,
    0x0, 0x0, 0x0, 0x0, 0x0, 0x0, 0x0, 0x0,
    0x0, 0x7, 0xff, 0xff, 0xff, 0xff, 0xff, 0xff,
    0xff, 0xff, 0xe0, 0x0, 0x0, 0x7, 0xff, 0xff,
    0xff, 0xff, 0xff, 0xff, 0xff, 0xff, 0xe0, 0x0,
    0x0, 0x7, 0xff, 0xfb, 0xbb, 0xbb, 0xbb, 0xbb,
    0xbd, 0xff, 0xe0, 0x0, 0x0, 0x7, 0xff, 0xf0,
    0x0, 0x0, 0x0, 0x0, 0x7, 0xff, 0xe0, 0x0,
    0x0, 0x7, 0xff, 0xf0, 0x0, 0x0, 0x0, 0x0,
    0x7, 0xff, 0xe0, 0x0, 0x0, 0x7, 0xff, 0xfb,
    0xbb, 0xbb, 0xbb, 0xbb, 0xbd, 0xff, 0xe0, 0x0,
    0x0, 0x7, 0xff, 0xff, 0xff, 0xff, 0xff, 0xff,
    0xff, 0xff, 0xe0, 0x0, 0x0, 0x7, 0xff, 0xff,
    0xff, 0xff, 0xff, 0xff, 0xff, 0xff, 0xe0, 0x0,
    0x0, 0x0, 0x0, 0x0, 0x0, 0x0, 0x0, 0x0,
    0x0, 0x0, 0x0, 0x0,

    /* U+C774 "이" */
    0x0, 0x0, 0x0, 0x0, 0x0, 0x0, 0x0, 0x0,
    0x2, 0x22, 0x10, 0x0, 0x0, 0x0, 0x0, 0x0,
    0x0, 0x0, 0x0, 0xff, 0xf9, 0x0, 0x0, 0x2,
    0x55, 0x30, 0x0, 0x0, 0x0, 0xf, 0xff, 0x90,
    0x0, 0x3c, 0xff, 0xff, 0xd3, 0x0, 0x0, 0x0,
    0xff, 0xf9, 0x0, 0x3f, 0xff, 0xff, 0xff, 0xf4,
    0x0, 0x0, 0xf, 0xff, 0x90, 0xe, 0xff, 0xfe,
    0xdf, 0xff, 0xe0, 0x0, 0x0, 0xff, 0xf9, 0x6,
    0xff, 0xf6, 0x0, 0x5f, 0xff, 0x70, 0x0, 0xf,
    0xff, 0x90, 0xef, 0xfa, 0x0, 0x0, 0x8f, 0xfe,
    0x0, 0x0, 0xff, 0xf9, 0x2f, 0xff, 0x40, 0x0,
    0x2, 0xff, 0xf3, 0x0, 0xf, 0xff, 0x94, 0xff,
    0xf0, 0x0, 0x0, 0xf, 0xff, 0x50, 0x0, 0xff,
    0xf9, 0x6f, 0xfe, 0x0, 0x0, 0x0, 0xdf, 0xf7,
    0x0, 0xf, 0xff, 0x97, 0xff, 0xd0, 0x0, 0x0,
    0xc, 0xff, 0x90, 0x0, 0xff, 0xf9, 0x6f, 0xff,
    0x0, 0x0, 0x0, 0xdf, 0xf7, 0x0, 0xf, 0xff,
    0x94, 0xff, 0xf0, 0x0, 0x0, 0xf, 0xff, 0x50,
    0x0, 0xff, 0xf9, 0x2f, 0xff, 0x40, 0x0, 0x3,
    0xff, 0xf3, 0x0, 0xf, 0xff, 0x90, 0xdf, 0xfa,
    0x0, 0x0, 0x9f, 0xfe, 0x0, 0x0, 0xff, 0xf9,
    0x6, 0xff, 0xf7, 0x0, 0x6f, 0xff, 0x70, 0x0,
    0xf, 0xff, 0x90, 0xe, 0xff, 0xff, 0xff, 0xff,
    0xe0, 0x0, 0x0, 0xff, 0xf9, 0x0, 0x3f, 0xff,
    0xff, 0xff, 0xf4, 0x0, 0x0, 0xf, 0xff, 0x90,
    0x0, 0x2b, 0xff, 0xff, 0xc3, 0x0, 0x0, 0x0,
    0xff, 0xf9, 0x0, 0x0, 0x2, 0x44, 0x20, 0x0,
    0x0, 0x0, 0xf, 0xff, 0x90, 0x0, 0x0, 0x0,
    0x0, 0x0, 0x0, 0x0, 0x0, 0xff, 0xf9, 0x0,
    0x0, 0x0, 0x0, 0x0, 0x0, 0x0, 0x0, 0xf,
    0xff, 0x90, 0x0, 0x0, 0x0, 0x0, 0x0, 0x0,
    0x0, 0x0, 0xff, 0xf9, 0x0, 0x0, 0x0, 0x0,
    0x0, 0x0, 0x0, 0x0, 0xf, 0xff, 0x90, 0x0,
    0x0, 0x0, 0x0, 0x0, 0x0, 0x0, 0x0, 0xcc,
    0xc7,

    /* U+C785 "입" */
    0x0, 0x0, 0x0, 0x0, 0x0, 0x0, 0x0, 0x0,
    0x5, 0x55, 0x30, 0x0, 0x0, 0x14, 0x31, 0x0,
    0x0, 0x0, 0x0, 0xef, 0xf9, 0x0, 0x7, 0xef,
    0xff, 0xfe, 0x60, 0x0, 0x0, 0xe, 0xff, 0x90,
    0x2e, 0xff, 0xff, 0xff, 0xff, 0xd1, 0x0, 0x0,
    0xef, 0xf9, 0xc, 0xff, 0xfd, 0xaa, 0xef, 0xff,
    0xb0, 0x0, 0xe, 0xff, 0x97, 0xff, 0xf7, 0x0,
    0x0, 0x9f, 0xff, 0x50, 0x0, 0xef, 0xf9, 0xcf,
    0xfc, 0x0, 0x0, 0x0, 0xef, 0xfa, 0x0, 0xe,
    0xff, 0x9d, 0xff, 0x90, 0x0, 0x0, 0xb, 0xff,
    0xb0, 0x0, 0xef, 0xf9, 0xcf, 0xfb, 0x0, 0x0,
    0x0, 0xdf, 0xfa, 0x0, 0xe, 0xff, 0x97, 0xff,
    0xf5, 0x0, 0x0, 0x7f, 0xff, 0x60, 0x0, 0xef,
    0xf9, 0xd, 0xff, 0xfb, 0x88, 0xcf, 0xff, 0xc0,
    0x0, 0xe, 0xff, 0x90, 0x2e, 0xff, 0xff, 0xff,
    0xff, 0xe1, 0x0, 0x0, 0xef, 0xf9, 0x0, 0x18,
    0xff, 0xff, 0xff, 0x70, 0x0, 0x0, 0xe, 0xff,
    0x90, 0x0, 0x0, 0x25, 0x42, 0x0, 0x0, 0x0,
    0x0, 0xef, 0xf9, 0x0, 0x0, 0x11, 0x10, 0x0,
    0x0, 0x0, 0x0, 0x1, 0x11, 0x10, 0x0, 0x1f,
    0xff, 0x60, 0x0, 0x0, 0x0, 0x0, 0xef, 0xf9,
    0x0, 0x1, 0xff, 0xf6, 0x0, 0x0, 0x0, 0x0,
    0xe, 0xff, 0x90, 0x0, 0x1f, 0xff, 0xca, 0xaa,
    0xaa, 0xaa, 0xaa, 0xff, 0xf9, 0x0, 0x1, 0xff,
    0xff, 0xff, 0xff, 0xff, 0xff, 0xff, 0xff, 0x90,
    0x0, 0x1f, 0xff, 0xff, 0xff, 0xff, 0xff, 0xff,
    0xff, 0xf9, 0x0, 0x1, 0xff, 0xf6, 0x0, 0x0,
    0x0, 0x0, 0xe, 0xff, 0x90, 0x0, 0x1f, 0xff,
    0x60, 0x0, 0x0, 0x0, 0x0, 0xef, 0xf9, 0x0,
    0x1, 0xff, 0xfd, 0xcc, 0xcc, 0xcc, 0xcc, 0xcf,
    0xff, 0x90, 0x0, 0x1f, 0xff, 0xff, 0xff, 0xff,
    0xff, 0xff, 0xff, 0xf9, 0x0, 0x1, 0xff, 0xff,
    0xff, 0xff, 0xff, 0xff, 0xff, 0xff, 0x90, 0x0,
    0x0, 0x0, 0x0, 0x0, 0x0, 0x0, 0x0, 0x0,
    0x0,

    /* U+C790 "자" */
    0x0, 0x0, 0x0, 0x0, 0x0, 0x0, 0x0, 0x0,
    0x2, 0x22, 0x10, 0x0, 0x0, 0x0, 0x0, 0x0,
    0x0, 0x0, 0x0, 0x0, 0x1, 0xff, 0xf6, 0x0,
    0x0, 0x0, 0x0, 0x0, 0x0, 0x0, 0x0, 0x0,
    0x0, 0x1f, 0xff, 0x60, 0x0, 0x0, 0xab, 0xbb,
    0xbb, 0xbb, 0xbb, 0xbb, 0xbb, 0x1, 0xff, 0xf6,
    0x0, 0x0, 0xd, 0xff, 0xff, 0xff, 0xff, 0xff,
    0xff, 0xe0, 0x1f, 0xff, 0x60, 0x0, 0x0, 0xdf,
    0xff, 0xff, 0xff, 0xff, 0xff, 0xfe, 0x1, 0xff,
    0xf6, 0x0, 0x0, 0x1, 0x11, 0x11, 0x9f, 0xff,
    0x11, 0x11, 0x10, 0x1f, 0xff, 0x60, 0x0, 0x0,
    0x0, 0x0, 0x9, 0xff, 0xf0, 0x0, 0x0, 0x1,
    0xff, 0xf6, 0x0, 0x0, 0x0, 0x0, 0x0, 0xaf,
    0xff, 0x0, 0x0, 0x0, 0x1f, 0xff, 0x60, 0x0,
    0x0, 0x0, 0x0, 0xc, 0xff, 0xf2, 0x0, 0x0,
    0x1, 0xff, 0xf6, 0x0, 0x0, 0x0, 0x0, 0x0,
    0xef, 0xff, 0x50, 0x0, 0x0, 0x1f, 0xff, 0xca,
    0xaa, 0x0, 0x0, 0x0, 0x4f, 0xff, 0xfa, 0x0,
    0x0, 0x1, 0xff, 0xff, 0xff, 0xf1, 0x0, 0x0,
    0xa, 0xff, 0xff, 0xf1, 0x0, 0x0, 0x1f, 0xff,
    0xff, 0xff, 0x10, 0x0, 0x1, 0xff, 0xfe, 0xff,
    0x80, 0x0, 0x1, 0xff, 0xf9, 0x44, 0x40, 0x0,
    0x0, 0xaf, 0xfd, 0x5f, 0xff, 0x40, 0x0, 0x1f,
    0xff, 0x60, 0x0, 0x0, 0x0, 0x6f, 0xff, 0x60,
    0xef, 0xff, 0x20, 0x1, 0xff, 0xf6, 0x0, 0x0,
    0x0, 0x5f, 0xff, 0xd0, 0x4, 0xff, 0xfe, 0x50,
    0x1f, 0xff, 0x60, 0x0, 0x0, 0xaf, 0xff, 0xf4,
    0x0, 0x9, 0xff, 0xff, 0xa1, 0xff, 0xf6, 0x0,
    0x0, 0x9f, 0xff, 0xf7, 0x0, 0x0, 0x9, 0xff,
    0xf7, 0x1f, 0xff, 0x60, 0x0, 0x1, 0xef, 0xf7,
    0x0, 0x0, 0x0, 0x7, 0xfb, 0x1, 0xff, 0xf6,
    0x0, 0x0, 0x3, 0xd3, 0x0, 0x0, 0x0, 0x0,
    0x1, 0x10, 0x1f, 0xff, 0x60, 0x0, 0x0, 0x0,
    0x0, 0x0, 0x0, 0x0, 0x0, 0x0, 0x1, 0xff,
    0xf6, 0x0, 0x0, 0x0, 0x0, 0x0, 0x0, 0x0,
    0x0, 0x0, 0x0, 0x1f, 0xff, 0x60, 0x0, 0x0,
    0x0, 0x0, 0x0, 0x0, 0x0, 0x0, 0x0, 0x1,
    0xff, 0xf6, 0x0, 0x0, 0x0, 0x0, 0x0, 0x0,
    0x0, 0x0, 0x0, 0x0, 0x1f, 0xff, 0x60, 0x0,
    0x0, 0x0, 0x0, 0x0, 0x0, 0x0, 0x0, 0x0,
    0x0, 0xbb, 0xb4, 0x0, 0x0,

    /* U+C791 "작" */
    0x0, 0x0, 0x0, 0x0, 0x0, 0x0, 0x0, 0x0,
    0x2, 0x22, 0x10, 0x0, 0x0, 0x0, 0x0, 0x0,
    0x0, 0x0, 0x0, 0x0, 0xf, 0xff, 0x80, 0x0,
    0x7, 0xbb, 0xbb, 0xbb, 0xbb, 0xbb, 0xbb, 0xa0,
    0xf, 0xff, 0x80, 0x0, 0xa, 0xff, 0xff, 0xff,
    0xff, 0xff, 0xff, 0xe0, 0xf, 0xff, 0x80, 0x0,
    0xa, 0xff, 0xff, 0xff, 0xff, 0xff, 0xff, 0xe0,
    0xf, 0xff, 0x80, 0x0, 0x0, 0x11, 0x11, 0xaf,
    0xff, 0x11, 0x11, 0x10, 0xf, 0xff, 0x80, 0x0,
    0x0, 0x0, 0x0, 0xcf, 0xff, 0x30, 0x0, 0x0,
    0xf, 0xff, 0x91, 0x11, 0x0, 0x0, 0x0, 0xff,
    0xff, 0x70, 0x0, 0x0, 0xf, 0xff, 0xff, 0xfe,
    0x0, 0x0, 0x8, 0xff, 0xff, 0xe0, 0x0, 0x0,
    0xf, 0xff, 0xff, 0xfe, 0x0, 0x0, 0x2f, 0xff,
    0xff, 0xf9, 0x0, 0x0, 0xf, 0xff, 0xec, 0xcb,
    0x0, 0x2, 0xef, 0xfe, 0x9f, 0xff, 0x90, 0x0,
    0xf, 0xff, 0x80, 0x0, 0x0, 0x5e, 0xff, 0xf6,
    0xd, 0xff, 0xfd, 0x50, 0xf, 0xff, 0x80, 0x0,
    0x3d, 0xff, 0xff, 0xa0, 0x1, 0xef, 0xff, 0xf8,
    0xf, 0xff, 0x80, 0x0, 0x1e, 0xff, 0xf9, 0x0,
    0x0, 0x1b, 0xff, 0xe0, 0xf, 0xff, 0x80, 0x0,
    0x5, 0xfd, 0x50, 0x0, 0x0, 0x0, 0x5c, 0x40,
    0xf, 0xff, 0x80, 0x0, 0x0, 0x30, 0x0, 0x0,
    0x0, 0x0, 0x0, 0x0, 0xd, 0xdd, 0x70, 0x0,
    0x0, 0x0, 0x11, 0x11, 0x11, 0x11, 0x11, 0x11,
    0x11, 0x11, 0x0, 0x0, 0x0, 0x3, 0xff, 0xff,
    0xff, 0xff, 0xff, 0xff, 0xff, 0xff, 0x80, 0x0,
    0x0, 0x3, 0xff, 0xff, 0xff, 0xff, 0xff, 0xff,
    0xff, 0xff, 0x80, 0x0, 0x0, 0x2, 0xaa, 0xaa,
    0xaa, 0xaa, 0xaa, 0xaa, 0xaf, 0xff, 0x80, 0x0,
    0x0, 0x0, 0x0, 0x0, 0x0, 0x0, 0x0, 0x0,
    0xf, 0xff, 0x80, 0x0, 0x0, 0x0, 0x0, 0x0,
    0x0, 0x0, 0x0, 0x0, 0xf, 0xff, 0x80, 0x0,
    0x0, 0x0, 0x0, 0x0, 0x0, 0x0, 0x0, 0x0,
    0xf, 0xff, 0x80, 0x0, 0x0, 0x0, 0x0, 0x0,
    0x0, 0x0, 0x0, 0x0, 0xf, 0xff, 0x80, 0x0,
    0x0, 0x0, 0x0, 0x0, 0x0, 0x0, 0x0, 0x0,
    0xf, 0xff, 0x80, 0x0, 0x0, 0x0, 0x0, 0x0,
    0x0, 0x0, 0x0, 0x0, 0xb, 0xbb, 0x60, 0x0,

    /* U+C798 "잘" */
    0x0, 0x0, 0x0, 0x0, 0x0, 0x0, 0x0, 0x0,
    0x8, 0x99, 0x50, 0x0, 0x4, 0x66, 0x66, 0x66,
    0x66, 0x66, 0x66, 0x50, 0xe, 0xff, 0x90, 0x0,
    0xa, 0xff, 0xff, 0xff, 0xff, 0xff, 0xff, 0xe0,
    0xe, 0xff, 0x90, 0x0, 0xa, 0xff, 0xff, 0xff,
    0xff, 0xff, 0xff, 0xe0, 0xe, 0xff, 0x90, 0x0,
    0x3, 0x55, 0x55, 0xcf, 0xff, 0x65, 0x55, 0x40,
    0xe, 0xff, 0x90, 0x0, 0x0, 0x0, 0x0, 0xdf,
    0xff, 0x40, 0x0, 0x0, 0xe, 0xff, 0xda, 0xaa,
    0x0, 0x0, 0x2, 0xff, 0xff, 0xb0, 0x0, 0x0,
    0xe, 0xff, 0xff, 0xfe, 0x0, 0x0, 0xc, 0xff,
    0xff, 0xf5, 0x0, 0x0, 0xe, 0xff, 0xff, 0xfe,
    0x0, 0x0, 0x9f, 0xff, 0xdf, 0xff, 0x60, 0x0,
    0xe, 0xff, 0xa1, 0x11, 0x0, 0x1b, 0xff, 0xfb,
    0x1f, 0xff, 0xfa, 0x30, 0xe, 0xff, 0x90, 0x0,
    0x29, 0xff, 0xff, 0xe1, 0x4, 0xff, 0xff, 0xf8,
    0xe, 0xff, 0x90, 0x0, 0x3f, 0xff, 0xfe, 0x20,
    0x0, 0x3d, 0xff, 0xf2, 0xe, 0xff, 0x90, 0x0,
    0xa, 0xff, 0xa1, 0x0, 0x0, 0x0, 0x7d, 0x80,
    0xe, 0xff, 0x90, 0x0, 0x1, 0x82, 0x0, 0x0,
    0x0, 0x0, 0x0, 0x0, 0x5, 0x55, 0x30, 0x0,
    0x0, 0x0, 0x9a, 0xaa, 0xaa, 0xaa, 0xaa, 0xaa,
    0xaa, 0xaa, 0x50, 0x0, 0x0, 0x0, 0xef, 0xff,
    0xff, 0xff, 0xff, 0xff, 0xff, 0xff, 0x90, 0x0,
    0x0, 0x0, 0xef, 0xff, 0xff, 0xff, 0xff, 0xff,
    0xff, 0xff, 0x90, 0x0, 0x0, 0x0, 0x0, 0x0,
    0x0, 0x0, 0x0, 0x0, 0xe, 0xff, 0x90, 0x0,
    0x0, 0x0, 0x78, 0x88, 0x88, 0x88, 0x88, 0x88,
    0x8f, 0xff, 0x90, 0x0, 0x0, 0x0, 0xef, 0xff,
    0xff, 0xff, 0xff, 0xff, 0xff, 0xff, 0x90, 0x0,
    0x0, 0x0, 0xef, 0xff, 0xff, 0xff, 0xff, 0xff,
    0xff, 0xff, 0x80, 0x0, 0x0, 0x0, 0xef, 0xf8,
    0x0, 0x0, 0x0, 0x0, 0x0, 0x0, 0x0, 0x0,
    0x0, 0x0, 0xef, 0xfd, 0x99, 0x99, 0x99, 0x99,
    0x99, 0x99, 0x92, 0x0, 0x0, 0x0, 0xef, 0xff,
    0xff, 0xff, 0xff, 0xff, 0xff, 0xff, 0xf4, 0x0,
    0x0, 0x0, 0xef, 0xff, 0xff, 0xff, 0xff, 0xff,
    0xff, 0xff, 0xf4, 0x0, 0x0, 0x0, 0x0, 0x0,
    0x0, 0x0, 0x0, 0x0, 0x0, 0x0, 0x0, 0x0,

    /* U+C7A0 "잠" */
    0x0, 0x0, 0x0, 0x0, 0x0, 0x0, 0x0, 0x0,
    0x5, 0x66, 0x30, 0x0, 0x0, 0x0, 0x0, 0x0,
    0x0, 0x0, 0x0, 0x0, 0xe, 0xff, 0x90, 0x0,
    0x9, 0xff, 0xff, 0xff, 0xff, 0xff, 0xff, 0xe0,
    0xe, 0xff, 0x90, 0x0, 0xa, 0xff, 0xff, 0xff,
    0xff, 0xff, 0xff, 0xe0, 0xe, 0xff, 0x90, 0x0,
    0x8, 0xdd, 0xdd, 0xef, 0xff, 0xdd, 0xdd, 0xc0,
    0xe, 0xff, 0x90, 0x0, 0x0, 0x0, 0x0, 0xaf,
    0xff, 0x10, 0x0, 0x0, 0xe, 0xff, 0x90, 0x0,
    0x0, 0x0, 0x0, 0xdf, 0xff, 0x30, 0x0, 0x0,
    0xe, 0xff, 0xec, 0xcb, 0x0, 0x0, 0x2, 0xff,
    0xff, 0x90, 0x0, 0x0, 0xe, 0xff, 0xff, 0xfe,
    0x0, 0x0, 0xa, 0xff, 0xff, 0xf2, 0x0, 0x0,
    0xe, 0xff, 0xff, 0xfe, 0x0, 0x0, 0x5f, 0xff,
    0xff, 0xfd, 0x20, 0x0, 0xe, 0xff, 0x90, 0x0,
    0x0, 0x5, 0xff, 0xfc, 0x4f, 0xff, 0xe4, 0x0,
    0xe, 0xff, 0x90, 0x0, 0x3, 0xaf, 0xff, 0xf3,
    0x9, 0xff, 0xff, 0xc4, 0xe, 0xff, 0x90, 0x0,
    0x5f, 0xff, 0xff, 0x50, 0x0, 0x9f, 0xff, 0xf5,
    0xe, 0xff, 0x90, 0x0, 0xd, 0xff, 0xe4, 0x0,
    0x0, 0x5, 0xef, 0xb0, 0xe, 0xff, 0x90, 0x0,
    0x3, 0xf8, 0x10, 0x0, 0x0, 0x0, 0x5, 0x20,
    0xe, 0xff, 0x90, 0x0, 0x0, 0x0, 0x0, 0x0,
    0x0, 0x0, 0x0, 0x0, 0x0, 0x0, 0x0, 0x0,
    0x0, 0x0, 0xaf, 0xff, 0xff, 0xff, 0xff, 0xff,
    0xff, 0xff, 0x80, 0x0, 0x0, 0x0, 0xaf, 0xff,
    0xff, 0xff, 0xff, 0xff, 0xff, 0xff, 0x90, 0x0,
    0x0, 0x0, 0xaf, 0xff, 0xcc, 0xcc, 0xcc, 0xcc,
    0xcf, 0xff, 0x90, 0x0, 0x0, 0x0, 0xaf, 0xfc,
    0x0, 0x0, 0x0, 0x0, 0xd, 0xff, 0x90, 0x0,
    0x0, 0x0, 0xaf, 0xfc, 0x0, 0x0, 0x0, 0x0,
    0xd, 0xff, 0x90, 0x0, 0x0, 0x0, 0xaf, 0xfc,
    0x0, 0x0, 0x0, 0x0, 0xd, 0xff, 0x90, 0x0,
    0x0, 0x0, 0xaf, 0xff, 0xbb, 0xbb, 0xbb, 0xbb,
    0xbf, 0xff, 0x90, 0x0, 0x0, 0x0, 0xaf, 0xff,
    0xff, 0xff, 0xff, 0xff, 0xff, 0xff, 0x90, 0x0,
    0x0, 0x0, 0xaf, 0xff, 0xff, 0xff, 0xff, 0xff,
    0xff, 0xff, 0x90, 0x0, 0x0, 0x0, 0x0, 0x0,
    0x0, 0x0, 0x0, 0x0, 0x0, 0x0, 0x0, 0x0,

    /* U+C810 "점" */
    0x0, 0x0, 0x0, 0x0, 0x0, 0x0, 0x0, 0x0,
    0x0, 0x55, 0x53, 0x0, 0x11, 0x11, 0x11, 0x11,
    0x11, 0x11, 0x10, 0x0, 0xef, 0xf8, 0x6, 0xff,
    0xff, 0xff, 0xff, 0xff, 0xff, 0xf1, 0x0, 0xef,
    0xf8, 0x6, 0xff, 0xff, 0xff, 0xff, 0xff, 0xff,
    0xf1, 0x0, 0xef, 0xf8, 0x4, 0xbb, 0xbb, 0xdf,
    0xff, 0xbb, 0xbb, 0xb0, 0x0, 0xef, 0xf8, 0x0,
    0x0, 0x0, 0x9f, 0xff, 0x20, 0x0, 0x0, 0x0,
    0xef, 0xf8, 0x0, 0x0, 0x0, 0xcf, 0xff, 0x50,
    0x0, 0x89, 0x99, 0xff, 0xf8, 0x0, 0x0, 0x2,
    0xff, 0xff, 0xc0, 0x0, 0xdf, 0xff, 0xff, 0xf8,
    0x0, 0x0, 0xa, 0xff, 0xff, 0xf4, 0x0, 0xdf,
    0xff, 0xff, 0xf8, 0x0, 0x0, 0x4f, 0xff, 0xef,
    0xfe, 0x30, 0x33, 0x33, 0xff, 0xf8, 0x0, 0x4,
    0xff, 0xfd, 0x3f, 0xff, 0xf4, 0x0, 0x0, 0xef,
    0xf8, 0x2, 0xaf, 0xff, 0xf3, 0x7, 0xff, 0xff,
    0xc4, 0x0, 0xef, 0xf8, 0x2f, 0xff, 0xff, 0x50,
    0x0, 0x8f, 0xff, 0xf6, 0x0, 0xef, 0xf8, 0xa,
    0xff, 0xe4, 0x0, 0x0, 0x5, 0xef, 0xb0, 0x0,
    0xef, 0xf8, 0x1, 0xd8, 0x10, 0x0, 0x0, 0x0,
    0x6, 0x10, 0x0, 0xef, 0xf8, 0x0, 0x0, 0x0,
    0x0, 0x0, 0x0, 0x0, 0x0, 0x0, 0x0, 0x0,
    0x0, 0x0, 0x1f, 0xff, 0xff, 0xff, 0xff, 0xff,
    0xff, 0xff, 0xf8, 0x0, 0x0, 0x1f, 0xff, 0xff,
    0xff, 0xff, 0xff, 0xff, 0xff, 0xf8, 0x0, 0x0,
    0x1f, 0xff, 0xdc, 0xcc, 0xcc, 0xcc, 0xcc, 0xff,
    0xf8, 0x0, 0x0, 0x1f, 0xff, 0x60, 0x0, 0x0,
    0x0, 0x0, 0xdf, 0xf8, 0x0, 0x0, 0x1f, 0xff,
    0x60, 0x0, 0x0, 0x0, 0x0, 0xdf, 0xf8, 0x0,
    0x0, 0x1f, 0xff, 0x60, 0x0, 0x0, 0x0, 0x0,
    0xdf, 0xf8, 0x0, 0x0, 0x1f, 0xff, 0xdb, 0xbb,
    0xbb, 0xbb, 0xbb, 0xff, 0xf8, 0x0, 0x0, 0x1f,
    0xff, 0xff, 0xff, 0xff, 0xff, 0xff, 0xff, 0xf8,
    0x0, 0x0, 0x1f, 0xff, 0xff, 0xff, 0xff, 0xff,
    0xff, 0xff, 0xf8, 0x0, 0x0, 0x0, 0x0, 0x0,
    0x0, 0x0, 0x0, 0x0, 0x0, 0x0,

    /* U+C885 "종" */
    0x0, 0x1, 0x11, 0x11, 0x11, 0x11, 0x11, 0x11,
    0x11, 0x11, 0x10, 0x0, 0x0, 0xf, 0xff, 0xff,
    0xff, 0xff, 0xff, 0xff, 0xff, 0xff, 0xf9, 0x0,
    0x0, 0xf, 0xff, 0xff, 0xff, 0xff, 0xff, 0xff,
    0xff, 0xff, 0xf9, 0x0, 0x0, 0xa, 0xaa, 0xaa,
    0xac, 0xff, 0xff, 0xfa, 0xaa, 0xaa, 0xa6, 0x0,
    0x0, 0x0, 0x0, 0x0, 0xd, 0xff, 0xff, 0xf6,
    0x0, 0x0, 0x0, 0x0, 0x0, 0x0, 0x0, 0x4,
    0xef, 0xff, 0xbf, 0xff, 0xa1, 0x0, 0x0, 0x0,
    0x0, 0x1, 0x48, 0xef, 0xff, 0xf5, 0xc, 0xff,
    0xff, 0xb6, 0x30, 0x0, 0x0, 0xdf, 0xff, 0xff,
    0xfd, 0x40, 0x0, 0x9f, 0xff, 0xff, 0xff, 0x60,
    0x0, 0x7f, 0xff, 0xfc, 0x60, 0x5a, 0xaa, 0x3,
    0x9f, 0xff, 0xff, 0x0, 0x0, 0xa, 0x85, 0x20,
    0x0, 0x7f, 0xff, 0x0, 0x0, 0x46, 0x96, 0x0,
    0x0, 0x0, 0x0, 0x0, 0x0, 0x7f, 0xff, 0x0,
    0x0, 0x0, 0x0, 0x0, 0xa, 0xaa, 0xaa, 0xaa,
    0xaa, 0xdf, 0xff, 0xaa, 0xaa, 0xaa, 0xaa, 0xa6,
    0x1f, 0xff, 0xff, 0xff, 0xff, 0xff, 0xff, 0xff,
    0xff, 0xff, 0xff, 0xf9, 0x1f, 0xff, 0xff, 0xff,
    0xff, 0xff, 0xff, 0xff, 0xff, 0xff, 0xff, 0xf9,
    0x1, 0x11, 0x11, 0x11, 0x11, 0x11, 0x11, 0x11,
    0x11, 0x11, 0x11, 0x11, 0x0, 0x0, 0x0, 0x0,
    0x0, 0x1, 0x10, 0x0, 0x0, 0x0, 0x0, 0x0,
    0x0, 0x0, 0x0, 0x38, 0xce, 0xff, 0xff, 0xfe,
    0xa5, 0x10, 0x0, 0x0, 0x0, 0x0, 0x2c, 0xff,
    0xff, 0xff, 0xff, 0xff, 0xff, 0xf6, 0x0, 0x0,
    0x0, 0x0, 0xef, 0xff, 0xeb, 0x98, 0x89, 0xad,
    0xff, 0xff, 0x50, 0x0, 0x0, 0x5, 0xff, 0xf7,
    0x0, 0x0, 0x0, 0x0, 0x2e, 0xff, 0xc0, 0x0,
    0x0, 0x6, 0xff, 0xf3, 0x0, 0x0, 0x0, 0x0,
    0xb, 0xff, 0xd0, 0x0, 0x0, 0x2, 0xff, 0xfe,
    0x74, 0x21, 0x12, 0x36, 0xbf, 0xff, 0x90, 0x0,
    0x0, 0x0, 0x7f, 0xff, 0xff, 0xff, 0xff, 0xff,
    0xff, 0xfc, 0x10, 0x0, 0x0, 0x0, 0x3, 0x9e,
    0xff, 0xff, 0xff, 0xff, 0xfb, 0x60, 0x0, 0x0,
    0x0, 0x0, 0x0, 0x0, 0x34, 0x67, 0x76, 0x54,
    0x10, 0x0, 0x0, 0x0,

    /* U+C8FC "주" */
    0x0, 0x0, 0x0, 0x0, 0x0, 0x0, 0x0, 0x0,
    0x0, 0x0, 0x0, 0x0, 0x0, 0xf, 0xff, 0xff,
    0xff, 0xff, 0xff, 0xff, 0xff, 0xff, 0xf9, 0x0,
    0x0, 0xf, 0xff, 0xff, 0xff, 0xff, 0xff, 0xff,
    0xff, 0xff, 0xf9, 0x0, 0x0, 0xa, 0xaa, 0xaa,
    0xaa, 0xff, 0xff, 0xda, 0xaa, 0xaa, 0xa6, 0x0,
    0x0, 0x0, 0x0, 0x0, 0x1, 0xff, 0xff, 0xa0,
    0x0, 0x0, 0x0, 0x0, 0x0, 0x0, 0x0, 0x0,
    0x9, 0xff, 0xff, 0xf2, 0x0, 0x0, 0x0, 0x0,
    0x0, 0x0, 0x0, 0x0, 0x8f, 0xff, 0xff, 0xfe,
    0x20, 0x0, 0x0, 0x0, 0x0, 0x0, 0x0, 0x3b,
    0xff, 0xfc, 0x3f, 0xff, 0xe7, 0x0, 0x0, 0x0,
    0x0, 0x3, 0x6b, 0xff, 0xff, 0xd1, 0x5, 0xff,
    0xff, 0xe9, 0x51, 0x0, 0x0, 0xbf, 0xff, 0xff,
    0xf9, 0x0, 0x0, 0x3d, 0xff, 0xff, 0xff, 0x50,
    0x0, 0x4f, 0xff, 0xfa, 0x30, 0x0, 0x0, 0x0,
    0x6d, 0xff, 0xfe, 0x0, 0x0, 0xa, 0x95, 0x10,
    0x0, 0x0, 0x0, 0x0, 0x0, 0x37, 0xa6, 0x0,
    0x0, 0x0, 0x0, 0x0, 0x0, 0x0, 0x0, 0x0,
    0x0, 0x0, 0x0, 0x0, 0xb, 0xbb, 0xbb, 0xbb,
    0xbb, 0xbb, 0xbb, 0xbb, 0xbb, 0xbb, 0xbb, 0xb7,
    0x1f, 0xff, 0xff, 0xff, 0xff, 0xff, 0xff, 0xff,
    0xff, 0xff, 0xff, 0xf9, 0x1f, 0xff, 0xff, 0xff,
    0xff, 0xff, 0xff, 0xff, 0xff, 0xff, 0xff, 0xf9,
    0x0, 0x0, 0x0, 0x0, 0x0, 0x8f, 0xff, 0x0,
    0x0, 0x0, 0x0, 0x0, 0x0, 0x0, 0x0, 0x0,
    0x0, 0x7f, 0xfe, 0x0, 0x0, 0x0, 0x0, 0x0,
    0x0, 0x0, 0x0, 0x0, 0x0, 0x7f, 0xfe, 0x0,
    0x0, 0x0, 0x0, 0x0, 0x0, 0x0, 0x0, 0x0,
    0x0, 0x7f, 0xfe, 0x0, 0x0, 0x0, 0x0, 0x0,
    0x0, 0x0, 0x0, 0x0, 0x0, 0x7f, 0xfe, 0x0,
    0x0, 0x0, 0x0, 0x0, 0x0, 0x0, 0x0, 0x0,
    0x0, 0x7f, 0xfe, 0x0, 0x0, 0x0, 0x0, 0x0,
    0x0, 0x0, 0x0, 0x0, 0x0, 0x7f, 0xfe, 0x0,
    0x0, 0x0, 0x0, 0x0, 0x0, 0x0, 0x0, 0x0,
    0x0, 0x7f, 0xfe, 0x0, 0x0, 0x0, 0x0, 0x0,
    0x0, 0x0, 0x0, 0x0, 0x0, 0x36, 0x66, 0x0,
    0x0, 0x0, 0x0, 0x0,

    /* U+C900 "준" */
    0x0, 0x1, 0x11, 0x11, 0x11, 0x11, 0x11, 0x11,
    0x11, 0x11, 0x10, 0x0, 0x0, 0xf, 0xff, 0xff,
    0xff, 0xff, 0xff, 0xff, 0xff, 0xff, 0xf9, 0x0,
    0x0, 0xf, 0xff, 0xff, 0xff, 0xff, 0xff, 0xff,
    0xff, 0xff, 0xf9, 0x0, 0x0, 0xa, 0xaa, 0xaa,
    0xab, 0xff, 0xff, 0xea, 0xaa, 0xaa, 0xa6, 0x0,
    0x0, 0x0, 0x0, 0x0, 0x9, 0xff, 0xff, 0xf2,
    0x0, 0x0, 0x0, 0x0, 0x0, 0x0, 0x0, 0x0,
    0x5f, 0xff, 0xff, 0xfc, 0x10, 0x0, 0x0, 0x0,
    0x0, 0x0, 0x0, 0x18, 0xff, 0xfd, 0x6f, 0xff,
    0xd4, 0x0, 0x0, 0x0, 0x0, 0x1, 0x49, 0xff,
    0xff, 0xe2, 0x9, 0xff, 0xff, 0xd7, 0x30, 0x0,
    0x0, 0xcf, 0xff, 0xff, 0xfc, 0x10, 0x0, 0x6f,
    0xff, 0xff, 0xff, 0x60, 0x0, 0x6f, 0xff, 0xfc,
    0x60, 0x0, 0x0, 0x2, 0x9f, 0xff, 0xfe, 0x0,
    0x0, 0xc, 0x96, 0x30, 0x0, 0x0, 0x0, 0x0,
    0x0, 0x58, 0xb7, 0x0, 0x0, 0x0, 0x0, 0x0,
    0x0, 0x0, 0x0, 0x0, 0x0, 0x0, 0x0, 0x0,
    0x1f, 0xff, 0xff, 0xff, 0xff, 0xff, 0xff, 0xff,
    0xff, 0xff, 0xff, 0xfa, 0x1f, 0xff, 0xff, 0xff,
    0xff, 0xff, 0xff, 0xff, 0xff, 0xff, 0xff, 0xfa,
    0x1c, 0xcc, 0xcc, 0xcc, 0xcc, 0xdf, 0xff, 0xdc,
    0xcc, 0xcc, 0xcc, 0xc8, 0x0, 0x0, 0x0, 0x0,
    0x0, 0x1f, 0xff, 0x40, 0x0, 0x0, 0x0, 0x0,
    0x0, 0x0, 0x22, 0x20, 0x0, 0x1f, 0xff, 0x40,
    0x0, 0x0, 0x0, 0x0, 0x0, 0x6, 0xff, 0xf1,
    0x0, 0x1f, 0xff, 0x40, 0x0, 0x0, 0x0, 0x0,
    0x0, 0x6, 0xff, 0xf1, 0x0, 0x1f, 0xff, 0x40,
    0x0, 0x0, 0x0, 0x0, 0x0, 0x6, 0xff, 0xf1,
    0x0, 0x1, 0x11, 0x0, 0x0, 0x0, 0x0, 0x0,
    0x0, 0x6, 0xff, 0xf1, 0x0, 0x0, 0x0, 0x0,
    0x0, 0x0, 0x0, 0x0, 0x0, 0x6, 0xff, 0xfc,
    0xbb, 0xbb, 0xbb, 0xbb, 0xbb, 0xbb, 0xb2, 0x0,
    0x0, 0x6, 0xff, 0xff, 0xff, 0xff, 0xff, 0xff,
    0xff, 0xff, 0xf2, 0x0, 0x0, 0x6, 0xff, 0xff,
    0xff, 0xff, 0xff, 0xff, 0xff, 0xff, 0xf2, 0x0,
    0x0, 0x0, 0x0, 0x0, 0x0, 0x0, 0x0, 0x0,
    0x0, 0x0, 0x0, 0x0,

    /* U+C911 "중" */
    0x0, 0x1, 0x11, 0x11, 0x11, 0x11, 0x11, 0x11,
    0x11, 0x11, 0x10, 0x0, 0x0, 0xf, 0xff, 0xff,
    0xff, 0xff, 0xff, 0xff, 0xff, 0xff, 0xf9, 0x0,
    0x0, 0xf, 0xff, 0xff, 0xff, 0xff, 0xff, 0xff,
    0xff, 0xff, 0xf9, 0x0, 0x0, 0xa, 0xaa, 0xaa,
    0xac, 0xff, 0xff, 0xfa, 0xaa, 0xaa, 0xa6, 0x0,
    0x0, 0x0, 0x0, 0x0, 0xd, 0xff, 0xff, 0xf6,
    0x0, 0x0, 0x0, 0x0, 0x0, 0x0, 0x0, 0x2,
    0xcf, 0xff, 0xdf, 0xff, 0x70, 0x0, 0x0, 0x0,
    0x0, 0x0, 0x4, 0xaf, 0xff, 0xf7, 0x1d, 0xff,
    0xfd, 0x82, 0x0, 0x0, 0x0, 0xad, 0xff, 0xff,
    0xff, 0x70, 0x2, 0xcf, 0xff, 0xff, 0xfc, 0x50,
    0x0, 0x9f, 0xff, 0xff, 0xa2, 0x0, 0x0, 0x6,
    0xdf, 0xff, 0xff, 0x20, 0x0, 0x2f, 0xca, 0x61,
    0x0, 0x0, 0x0, 0x0, 0x3, 0x8b, 0xea, 0x0,
    0x0, 0x0, 0x0, 0x0, 0x0, 0x0, 0x0, 0x0,
    0x0, 0x0, 0x0, 0x0, 0x1f, 0xff, 0xff, 0xff,
    0xff, 0xff, 0xff, 0xff, 0xff, 0xff, 0xff, 0xf9,
    0x1f, 0xff, 0xff, 0xff, 0xff, 0xff, 0xff, 0xff,
    0xff, 0xff, 0xff, 0xf9, 0xc, 0xcc, 0xcc, 0xcc,
    0xcc, 0xef, 0xff, 0xcc, 0xcc, 0xcc, 0xcc, 0xc7,
    0x0, 0x0, 0x0, 0x0, 0x0, 0x7f, 0xff, 0x0,
    0x0, 0x0, 0x0, 0x0, 0x0, 0x0, 0x0, 0x0,
    0x14, 0xaf, 0xff, 0x52, 0x0, 0x0, 0x0, 0x0,
    0x0, 0x0, 0x1, 0x8e, 0xff, 0xff, 0xff, 0xff,
    0xfb, 0x40, 0x0, 0x0, 0x0, 0x0, 0x3f, 0xff,
    0xff, 0xff, 0xff, 0xff, 0xff, 0xf9, 0x0, 0x0,
    0x0, 0x1, 0xff, 0xff, 0x96, 0x32, 0x23, 0x47,
    0xdf, 0xff, 0x70, 0x0, 0x0, 0x5, 0xff, 0xf4,
    0x0, 0x0, 0x0, 0x0, 0xc, 0xff, 0xc0, 0x0,
    0x0, 0x6, 0xff, 0xf4, 0x0, 0x0, 0x0, 0x0,
    0xc, 0xff, 0xd0, 0x0, 0x0, 0x2, 0xff, 0xff,
    0x95, 0x32, 0x22, 0x47, 0xdf, 0xff, 0x80, 0x0,
    0x0, 0x0, 0x5f, 0xff, 0xff, 0xff, 0xff, 0xff,
    0xff, 0xfb, 0x0, 0x0, 0x0, 0x0, 0x2, 0x9e,
    0xff, 0xff, 0xff, 0xff, 0xfb, 0x50, 0x0, 0x0,
    0x0, 0x0, 0x0, 0x0, 0x24, 0x67, 0x76, 0x54,
    0x0, 0x0, 0x0, 0x0,

    /* U+C9C0 "지" */
    0x0, 0x0, 0x0, 0x0, 0x0, 0x0, 0x0, 0x0,
    0x0, 0x12, 0x22, 0x0, 0x0, 0x0, 0x0, 0x0,
    0x0, 0x0, 0x0, 0x0, 0x9f, 0xfe, 0x0, 0x0,
    0x0, 0x0, 0x0, 0x0, 0x0, 0x0, 0x0, 0x9f,
    0xfe, 0x2, 0xbb, 0xbb, 0xbb, 0xbb, 0xbb, 0xbb,
    0xb9, 0x0, 0x9f, 0xfe, 0x3, 0xff, 0xff, 0xff,
    0xff, 0xff, 0xff, 0xfc, 0x0, 0x9f, 0xfe, 0x3,
    0xff, 0xff, 0xff, 0xff, 0xff, 0xff, 0xfc, 0x0,
    0x9f, 0xfe, 0x0, 0x11, 0x11, 0x1f, 0xff, 0xa1,
    0x11, 0x11, 0x0, 0x9f, 0xfe, 0x0, 0x0, 0x0,
    0xf, 0xff, 0x90, 0x0, 0x0, 0x0, 0x9f, 0xfe,
    0x0, 0x0, 0x0, 0x1f, 0xff, 0xb0, 0x0, 0x0,
    0x0, 0x9f, 0xfe, 0x0, 0x0, 0x0, 0x3f, 0xff,
    0xd0, 0x0, 0x0, 0x0, 0x9f, 0xfe, 0x0, 0x0,
    0x0, 0x5f, 0xff, 0xf0, 0x0, 0x0, 0x0, 0x9f,
    0xfe, 0x0, 0x0, 0x0, 0xaf, 0xff, 0xf5, 0x0,
    0x0, 0x0, 0x9f, 0xfe, 0x0, 0x0, 0x1, 0xff,
    0xff, 0xfc, 0x0, 0x0, 0x0, 0x9f, 0xfe, 0x0,
    0x0, 0x6, 0xff, 0xff, 0xff, 0x30, 0x0, 0x0,
    0x9f, 0xfe, 0x0, 0x0, 0x1e, 0xff, 0x8b, 0xff,
    0xe1, 0x0, 0x0, 0x9f, 0xfe, 0x0, 0x0, 0xcf,
    0xff, 0x14, 0xff, 0xfc, 0x0, 0x0, 0x9f, 0xfe,
    0x0, 0x9, 0xff, 0xf8, 0x0, 0xaf, 0xff, 0xc3,
    0x0, 0x9f, 0xfe, 0x3, 0xdf, 0xff, 0xd0, 0x0,
    0xd, 0xff, 0xff, 0x80, 0x9f, 0xfe, 0xe, 0xff,
    0xfe, 0x20, 0x0, 0x1, 0xdf, 0xff, 0x50, 0x9f,
    0xfe, 0x5, 0xff, 0xe2, 0x0, 0x0, 0x0, 0x9,
    0xf9, 0x0, 0x9f, 0xfe, 0x0, 0xa9, 0x10, 0x0,
    0x0, 0x0, 0x0, 0x20, 0x0, 0x9f, 0xfe, 0x0,
    0x0, 0x0, 0x0, 0x0, 0x0, 0x0, 0x0, 0x0,
    0x9f, 0xfe, 0x0, 0x0, 0x0, 0x0, 0x0, 0x0,
    0x0, 0x0, 0x0, 0x9f, 0xfe, 0x0, 0x0, 0x0,
    0x0, 0x0, 0x0, 0x0, 0x0, 0x0, 0x9f, 0xfe,
    0x0, 0x0, 0x0, 0x0, 0x0, 0x0, 0x0, 0x0,
    0x0, 0x9f, 0xfe, 0x0, 0x0, 0x0, 0x0, 0x0,
    0x0, 0x0, 0x0, 0x0, 0x7b, 0xba,

    /* U+C9C4 "진" */
    0x0, 0x0, 0x0, 0x0, 0x0, 0x0, 0x0, 0x0,
    0x0, 0x11, 0x11, 0x0, 0x0, 0x0, 0x0, 0x0,
    0x0, 0x0, 0x0, 0x0, 0xe, 0xff, 0x90, 0x0,
    0x66, 0x66, 0x66, 0x66, 0x66, 0x66, 0x63, 0x0,
    0xef, 0xf9, 0x0, 0x1f, 0xff, 0xff, 0xff, 0xff,
    0xff, 0xff, 0x90, 0xe, 0xff, 0x90, 0x1, 0xff,
    0xff, 0xff, 0xff, 0xff, 0xff, 0xf9, 0x0, 0xef,
    0xf9, 0x0, 0x5, 0x55, 0x55, 0xff, 0xfb, 0x55,
    0x55, 0x30, 0xe, 0xff, 0x90, 0x0, 0x0, 0x0,
    0x1f, 0xff, 0xb0, 0x0, 0x0, 0x0, 0xef, 0xf9,
    0x0, 0x0, 0x0, 0x4, 0xff, 0xfe, 0x0, 0x0,
    0x0, 0xe, 0xff, 0x90, 0x0, 0x0, 0x0, 0x9f,
    0xff, 0xf4, 0x0, 0x0, 0x0, 0xef, 0xf9, 0x0,
    0x0, 0x0, 0x1f, 0xff, 0xff, 0xc0, 0x0, 0x0,
    0xe, 0xff, 0x90, 0x0, 0x0, 0xc, 0xff, 0xef,
    0xff, 0xa0, 0x0, 0x0, 0xef, 0xf9, 0x0, 0x0,
    0xc, 0xff, 0xf5, 0x9f, 0xff, 0xb1, 0x0, 0xe,
    0xff, 0x90, 0x0, 0x6e, 0xff, 0xfb, 0x1, 0xdf,
    0xff, 0xf9, 0x10, 0xef, 0xf9, 0x0, 0xcf, 0xff,
    0xfc, 0x0, 0x1, 0xcf, 0xff, 0xf1, 0xe, 0xff,
    0x90, 0x3, 0xff, 0xf9, 0x0, 0x0, 0x0, 0x8f,
    0xf6, 0x0, 0xef, 0xf9, 0x0, 0x8, 0xa3, 0x0,
    0x0, 0x0, 0x0, 0x5, 0x0, 0xe, 0xff, 0x90,
    0x0, 0x0, 0x0, 0x0, 0x0, 0x0, 0x0, 0x0,
    0x0, 0xef, 0xf9, 0x0, 0x0, 0x0, 0xff, 0xf8,
    0x0, 0x0, 0x0, 0x0, 0xe, 0xff, 0x90, 0x0,
    0x0, 0xf, 0xff, 0x80, 0x0, 0x0, 0x0, 0x0,
    0xcd, 0xd8, 0x0, 0x0, 0x0, 0xff, 0xf8, 0x0,
    0x0, 0x0, 0x0, 0x0, 0x0, 0x0, 0x0, 0x0,
    0xf, 0xff, 0x80, 0x0, 0x0, 0x0, 0x0, 0x0,
    0x0, 0x0, 0x0, 0x0, 0xff, 0xf8, 0x0, 0x0,
    0x0, 0x0, 0x0, 0x0, 0x0, 0x0, 0x0, 0xf,
    0xff, 0xeb, 0xbb, 0xbb, 0xbb, 0xbb, 0xbb, 0xbb,
    0x20, 0x0, 0x0, 0xff, 0xff, 0xff, 0xff, 0xff,
    0xff, 0xff, 0xff, 0xf3, 0x0, 0x0, 0xf, 0xff,
    0xff, 0xff, 0xff, 0xff, 0xff, 0xff, 0xff, 0x30,
    0x0, 0x0, 0x0, 0x0, 0x0, 0x0, 0x0, 0x0,
    0x0, 0x0, 0x0,

    /* U+CC28 "차" */
    0x0, 0x0, 0x0, 0x0, 0x0, 0x0, 0x0, 0x0,
    0x2, 0x22, 0x10, 0x0, 0x0, 0x0, 0x0, 0x7,
    0x99, 0x60, 0x0, 0x0, 0x1, 0xff, 0xf6, 0x0,
    0x0, 0x0, 0x0, 0x0, 0xcf, 0xfb, 0x0, 0x0,
    0x0, 0x1f, 0xff, 0x60, 0x0, 0x0, 0x0, 0x0,
    0xc, 0xff, 0xb0, 0x0, 0x0, 0x1, 0xff, 0xf6,
    0x0, 0x0, 0x1, 0x11, 0x11, 0xdf, 0xfb, 0x11,
    0x11, 0x10, 0x1f, 0xff, 0x60, 0x0, 0x0, 0xef,
    0xff, 0xff, 0xff, 0xff, 0xff, 0xfb, 0x1, 0xff,
    0xf6, 0x0, 0x0, 0xe, 0xff, 0xff, 0xff, 0xff,
    0xff, 0xff, 0xb0, 0x1f, 0xff, 0x60, 0x0, 0x0,
    0xaa, 0xaa, 0xae, 0xff, 0xea, 0xaa, 0xa8, 0x1,
    0xff, 0xf6, 0x0, 0x0, 0x0, 0x0, 0x0, 0xcf,
    0xfa, 0x0, 0x0, 0x0, 0x1f, 0xff, 0x60, 0x0,
    0x0, 0x0, 0x0, 0xe, 0xff, 0xc0, 0x0, 0x0,
    0x1, 0xff, 0xf6, 0x0, 0x0, 0x0, 0x0, 0x0,
    0xff, 0xfe, 0x0, 0x0, 0x0, 0x1f, 0xff, 0xb7,
    0x77, 0x0, 0x0, 0x0, 0x3f, 0xff, 0xf1, 0x0,
    0x0, 0x1, 0xff, 0xff, 0xff, 0xf1, 0x0, 0x0,
    0x9, 0xff, 0xff, 0x70, 0x0, 0x0, 0x1f, 0xff,
    0xff, 0xff, 0x10, 0x0, 0x0, 0xff, 0xff, 0xfe,
    0x0, 0x0, 0x1, 0xff, 0xfa, 0x66, 0x60, 0x0,
    0x0, 0x7f, 0xfe, 0xef, 0xf7, 0x0, 0x0, 0x1f,
    0xff, 0x60, 0x0, 0x0, 0x0, 0x4f, 0xff, 0x77,
    0xff, 0xf4, 0x0, 0x1, 0xff, 0xf6, 0x0, 0x0,
    0x0, 0x2e, 0xff, 0xe0, 0x1e, 0xff, 0xe4, 0x0,
    0x1f, 0xff, 0x60, 0x0, 0x0, 0x7f, 0xff, 0xf4,
    0x0, 0x4f, 0xff, 0xfa, 0x1, 0xff, 0xf6, 0x0,
    0x0, 0x8f, 0xff, 0xf8, 0x0, 0x0, 0x7f, 0xff,
    0xf3, 0x1f, 0xff, 0x60, 0x0, 0x1, 0xef, 0xf8,
    0x0, 0x0, 0x0, 0x6f, 0xf6, 0x1, 0xff, 0xf6,
    0x0, 0x0, 0x5, 0xd4, 0x0, 0x0, 0x0, 0x0,
    0x17, 0x0, 0x1f, 0xff, 0x60, 0x0, 0x0, 0x0,
    0x0, 0x0, 0x0, 0x0, 0x0, 0x0, 0x1, 0xff,
    0xf6, 0x0, 0x0, 0x0, 0x0, 0x0, 0x0, 0x0,
    0x0, 0x0, 0x0, 0x1f, 0xff, 0x60, 0x0, 0x0,
    0x0, 0x0, 0x0, 0x0, 0x0, 0x0, 0x0, 0x1,
    0xff, 0xf6, 0x0, 0x0, 0x0, 0x0, 0x0, 0x0,
    0x0, 0x0, 0x0, 0x0, 0x1f, 0xff, 0x60, 0x0,
    0x0, 0x0, 0x0, 0x0, 0x0, 0x0, 0x0, 0x0,
    0x0, 0xbb, 0xb4, 0x0, 0x0,

    /* U+CC9C "천" */
    0x0, 0x0, 0x0, 0x23, 0x33, 0x0, 0x0, 0x0,
    0x0, 0x55, 0x53, 0x0, 0x0, 0x0, 0xa, 0xff,
    0xd0, 0x0, 0x0, 0x0, 0xe, 0xff, 0x80, 0x0,
    0x0, 0x0, 0xaf, 0xfd, 0x0, 0x0, 0x0, 0x0,
    0xef, 0xf8, 0x0, 0x47, 0x77, 0x7c, 0xff, 0xe7,
    0x77, 0x77, 0x0, 0xe, 0xff, 0x80, 0x9, 0xff,
    0xff, 0xff, 0xff, 0xff, 0xff, 0xe0, 0x0, 0xef,
    0xf8, 0x0, 0x9f, 0xff, 0xff, 0xff, 0xff, 0xff,
    0xfe, 0x0, 0xe, 0xff, 0x80, 0x2, 0x44, 0x44,
    0xcf, 0xfe, 0x44, 0x44, 0x30, 0x0, 0xef, 0xf8,
    0x0, 0x0, 0x0, 0xc, 0xff, 0xf0, 0x0, 0x1,
    0x11, 0x1e, 0xff, 0x80, 0x0, 0x0, 0x0, 0xff,
    0xff, 0x20, 0x0, 0xff, 0xff, 0xff, 0xf8, 0x0,
    0x0, 0x0, 0x6f, 0xff, 0xfa, 0x0, 0xf, 0xff,
    0xff, 0xff, 0x80, 0x0, 0x0, 0xd, 0xff, 0xff,
    0xf5, 0x0, 0xaa, 0xaa, 0xff, 0xf8, 0x0, 0x0,
    0xb, 0xff, 0xfc, 0xff, 0xf6, 0x0, 0x0, 0xe,
    0xff, 0x80, 0x0, 0x2c, 0xff, 0xf7, 0x2f, 0xff,
    0xfa, 0x30, 0x0, 0xef, 0xf8, 0x2, 0xbf, 0xff,
    0xfb, 0x0, 0x4f, 0xff, 0xff, 0x70, 0xe, 0xff,
    0x80, 0xe, 0xff, 0xfb, 0x0, 0x0, 0x4e, 0xff,
    0xe1, 0x0, 0xef, 0xf8, 0x0, 0x5f, 0xe6, 0x0,
    0x0, 0x0, 0x7, 0xd5, 0x0, 0xe, 0xff, 0x80,
    0x0, 0x40, 0x0, 0x0, 0x0, 0x0, 0x0, 0x0,
    0x0, 0xef, 0xf8, 0x0, 0x0, 0x0, 0x67, 0x74,
    0x0, 0x0, 0x0, 0x0, 0xe, 0xff, 0x80, 0x0,
    0x0, 0xd, 0xff, 0x90, 0x0, 0x0, 0x0, 0x0,
    0xef, 0xf8, 0x0, 0x0, 0x0, 0xdf, 0xf9, 0x0,
    0x0, 0x0, 0x0, 0x1, 0x11, 0x0, 0x0, 0x0,
    0xd, 0xff, 0x90, 0x0, 0x0, 0x0, 0x0, 0x0,
    0x0, 0x0, 0x0, 0x0, 0xdf, 0xf9, 0x0, 0x0,
    0x0, 0x0, 0x0, 0x0, 0x0, 0x0, 0x0, 0xd,
    0xff, 0xeb, 0xbb, 0xbb, 0xbb, 0xbb, 0xbb, 0xbb,
    0x10, 0x0, 0x0, 0xdf, 0xff, 0xff, 0xff, 0xff,
    0xff, 0xff, 0xff, 0xf2, 0x0, 0x0, 0xd, 0xff,
    0xff, 0xff, 0xff, 0xff, 0xff, 0xff, 0xff, 0x20,
    0x0, 0x0, 0x0, 0x0, 0x0, 0x0, 0x0, 0x0,
    0x0, 0x0, 0x0,

    /* U+CD08 "초" */
    0x0, 0x0, 0x0, 0x0, 0x0, 0x6e, 0xee, 0x0,
    0x0, 0x0, 0x0, 0x0, 0x0, 0x0, 0x0, 0x0,
    0x0, 0x7f, 0xff, 0x0, 0x0, 0x0, 0x0, 0x0,
    0x0, 0x0, 0x0, 0x0, 0x0, 0x7f, 0xff, 0x0,
    0x0, 0x0, 0x0, 0x0, 0x0, 0x1f, 0xff, 0xff,
    0xff, 0xff, 0xff, 0xff, 0xff, 0xff, 0xfa, 0x0,
    0x0, 0x1f, 0xff, 0xff, 0xff, 0xff, 0xff, 0xff,
    0xff, 0xff, 0xfb, 0x0, 0x0, 0x1d, 0xdd, 0xdd,
    0xdd, 0xef, 0xff, 0xdd, 0xdd, 0xdd, 0xd9, 0x0,
    0x0, 0x0, 0x0, 0x0, 0x0, 0xbf, 0xff, 0x40,
    0x0, 0x0, 0x0, 0x0, 0x0, 0x0, 0x0, 0x0,
    0x1, 0xff, 0xff, 0xa0, 0x0, 0x0, 0x0, 0x0,
    0x0, 0x0, 0x0, 0x0, 0xb, 0xff, 0xff, 0xf3,
    0x0, 0x0, 0x0, 0x0, 0x0, 0x0, 0x0, 0x0,
    0xaf, 0xff, 0xff, 0xfe, 0x30, 0x0, 0x0, 0x0,
    0x0, 0x0, 0x0, 0x3c, 0xff, 0xfc, 0x3f, 0xff,
    0xf8, 0x0, 0x0, 0x0, 0x0, 0x2, 0x6c, 0xff,
    0xff, 0xd1, 0x5, 0xff, 0xff, 0xf9, 0x40, 0x0,
    0x1, 0xff, 0xff, 0xff, 0xf9, 0x0, 0x0, 0x3d,
    0xff, 0xff, 0xff, 0xa0, 0x0, 0xbf, 0xff, 0xfa,
    0x30, 0x0, 0x0, 0x0, 0x6d, 0xff, 0xff, 0x40,
    0x0, 0x3c, 0x96, 0x10, 0x0, 0x6e, 0xee, 0x0,
    0x0, 0x37, 0xab, 0x0, 0x0, 0x0, 0x0, 0x0,
    0x0, 0x7f, 0xff, 0x0, 0x0, 0x0, 0x0, 0x0,
    0x0, 0x0, 0x0, 0x0, 0x0, 0x7f, 0xff, 0x0,
    0x0, 0x0, 0x0, 0x0, 0x0, 0x0, 0x0, 0x0,
    0x0, 0x7f, 0xff, 0x0, 0x0, 0x0, 0x0, 0x0,
    0x0, 0x0, 0x0, 0x0, 0x0, 0x7f, 0xff, 0x0,
    0x0, 0x0, 0x0, 0x0, 0x1f, 0xff, 0xff, 0xff,
    0xff, 0xff, 0xff, 0xff, 0xff, 0xff, 0xff, 0xfb,
    0x1f, 0xff, 0xff, 0xff, 0xff, 0xff, 0xff, 0xff,
    0xff, 0xff, 0xff, 0xfb, 0xc, 0xcc, 0xcc, 0xcc,
    0xcc, 0xcc, 0xcc, 0xcc, 0xcc, 0xcc, 0xcc, 0xc8,

    /* U+CD5C "최" */
    0x0, 0x0, 0x0, 0x2, 0x22, 0x10, 0x0, 0x0,
    0x0, 0x22, 0x21, 0x0, 0x0, 0x0, 0xc, 0xff,
    0xa0, 0x0, 0x0, 0x0, 0xef, 0xf8, 0x0, 0x0,
    0x0, 0xc, 0xff, 0xa0, 0x0, 0x0, 0x0, 0xef,
    0xf8, 0x0, 0x67, 0x77, 0x7e, 0xff, 0xc7, 0x77,
    0x75, 0x0, 0xef, 0xf8, 0x0, 0xef, 0xff, 0xff,
    0xff, 0xff, 0xff, 0xfc, 0x0, 0xef, 0xf8, 0x0,
    0xef, 0xff, 0xff, 0xff, 0xff, 0xff, 0xfc, 0x0,
    0xef, 0xf8, 0x0, 0x55, 0x55, 0x5f, 0xff, 0xd5,
    0x55, 0x54, 0x0, 0xef, 0xf8, 0x0, 0x0, 0x0,
    0x3f, 0xff, 0xf0, 0x0, 0x0, 0x0, 0xef, 0xf8,
    0x0, 0x0, 0x0, 0x9f, 0xff, 0xf7, 0x0, 0x0,
    0x0, 0xef, 0xf8, 0x0, 0x0, 0x4, 0xff, 0xff,
    0xff, 0x30, 0x0, 0x0, 0xef, 0xf8, 0x0, 0x0,
    0x5f, 0xff, 0xcd, 0xff, 0xf6, 0x0, 0x0, 0xef,
    0xf8, 0x0, 0x4a, 0xff, 0xff, 0x23, 0xff, 0xff,
    0xd7, 0x10, 0xef, 0xf8, 0x7, 0xff, 0xff, 0xf3,
    0x0, 0x3f, 0xff, 0xff, 0x30, 0xef, 0xf8, 0x0,
    0xef, 0xfc, 0x20, 0x0, 0x1, 0xaf, 0xfa, 0x0,
    0xef, 0xf8, 0x0, 0x4a, 0x40, 0xb, 0xee, 0x90,
    0x2, 0x71, 0x0, 0xef, 0xf8, 0x0, 0x0, 0x0,
    0xc, 0xff, 0xa0, 0x0, 0x0, 0x0, 0xef, 0xf8,
    0x0, 0x0, 0x0, 0xc, 0xff, 0xa0, 0x0, 0x0,
    0x0, 0xef, 0xf8, 0x0, 0x0, 0x0, 0xd, 0xff,
    0xb4, 0x57, 0x8a, 0x80, 0xef, 0xf8, 0x2e, 0xee,
    0xff, 0xff, 0xff, 0xff, 0xff, 0xff, 0xd0, 0xef,
    0xf8, 0xf, 0xff, 0xff, 0xff, 0xff, 0xff, 0xff,
    0xff, 0xd0, 0xef, 0xf8, 0xd, 0xff, 0xfe, 0xed,
    0xdc, 0xa9, 0x85, 0x30, 0x0, 0xef, 0xf8, 0x0,
    0x0, 0x0, 0x0, 0x0, 0x0, 0x0, 0x0, 0x0,
    0xef, 0xf8, 0x0, 0x0, 0x0, 0x0, 0x0, 0x0,
    0x0, 0x0, 0x0, 0xef, 0xf8, 0x0, 0x0, 0x0,
    0x0, 0x0, 0x0, 0x0, 0x0, 0x0, 0xef, 0xf8,
    0x0, 0x0, 0x0, 0x0, 0x0, 0x0, 0x0, 0x0,
    0x0, 0xef, 0xf8, 0x0, 0x0, 0x0, 0x0, 0x0,
    0x0, 0x0, 0x0, 0x0, 0xbc, 0xc6,

    /* U+D2B8 "트" */
    0x0, 0x4, 0xbb, 0xbb, 0xbb, 0xbb, 0xbb, 0xbb,
    0xbb, 0xbb, 0xb0, 0x0, 0x0, 0x6, 0xff, 0xff,
    0xff, 0xff, 0xff, 0xff, 0xff, 0xff, 0xf0, 0x0,
    0x0, 0x6, 0xff, 0xff, 0xff, 0xff, 0xff, 0xff,
    0xff, 0xff, 0xf0, 0x0, 0x0, 0x6, 0xff, 0xf3,
    0x0, 0x0, 0x0, 0x0, 0x0, 0x0, 0x0, 0x0,
    0x0, 0x6, 0xff, 0xf2, 0x0, 0x0, 0x0, 0x0,
    0x0, 0x0, 0x0, 0x0, 0x0, 0x6, 0xff, 0xf3,
    0x0, 0x0, 0x0, 0x0, 0x0, 0x0, 0x0, 0x0,
    0x0, 0x6, 0xff, 0xff, 0xff, 0xff, 0xff, 0xff,
    0xff, 0xff, 0x70, 0x0, 0x0, 0x6, 0xff, 0xff,
    0xff, 0xff, 0xff, 0xff, 0xff, 0xff, 0x70, 0x0,
    0x0, 0x6, 0xff, 0xfb, 0xaa, 0xaa, 0xaa, 0xaa,
    0xaa, 0xaa, 0x40, 0x0, 0x0, 0x6, 0xff, 0xf2,
    0x0, 0x0, 0x0, 0x0, 0x0, 0x0, 0x0, 0x0,
    0x0, 0x6, 0xff, 0xf2, 0x0, 0x0, 0x0, 0x0,
    0x0, 0x0, 0x0, 0x0, 0x0, 0x6, 0xff, 0xfc,
    0xbb, 0xbb, 0xbb, 0xbb, 0xbb, 0xbb, 0xb2, 0x0,
    0x0, 0x6, 0xff, 0xff, 0xff, 0xff, 0xff, 0xff,
    0xff, 0xff, 0xf3, 0x0, 0x0, 0x6, 0xff, 0xff,
    0xff, 0xff, 0xff, 0xff, 0xff, 0xff, 0xf3, 0x0,
    0x0, 0x0, 0x0, 0x0, 0x0, 0x0, 0x0, 0x0,
    0x0, 0x0, 0x0, 0x0, 0x0, 0x0, 0x0, 0x0,
    0x0, 0x0, 0x0, 0x0, 0x0, 0x0, 0x0, 0x0,
    0x0, 0x0, 0x0, 0x0, 0x0, 0x0, 0x0, 0x0,
    0x0, 0x0, 0x0, 0x0, 0x0, 0x0, 0x0, 0x0,
    0x0, 0x0, 0x0, 0x0, 0x0, 0x0, 0x0, 0x0,
    0x1f, 0xff, 0xff, 0xff, 0xff, 0xff, 0xff, 0xff,
    0xff, 0xff, 0xff, 0xfb, 0x1f, 0xff, 0xff, 0xff,
    0xff, 0xff, 0xff, 0xff, 0xff, 0xff, 0xff, 0xfb,
    0xc, 0xcc, 0xcc, 0xcc, 0xcc, 0xcc, 0xcc, 0xcc,
    0xcc, 0xcc, 0xcc, 0xc8,

    /* U+D3B8 "편" */
    0x0, 0x0, 0x0, 0x0, 0x0, 0x0, 0x0, 0x0,
    0x0, 0x55, 0x52, 0x0, 0x0, 0x0, 0x0, 0x0,
    0x0, 0x0, 0x0, 0x0, 0xf, 0xff, 0x70, 0x8,
    0x99, 0x99, 0x99, 0x99, 0x99, 0x99, 0x30, 0x0,
    0xff, 0xf7, 0x0, 0xdf, 0xff, 0xff, 0xff, 0xff,
    0xff, 0xf6, 0x0, 0xf, 0xff, 0x70, 0xd, 0xff,
    0xff, 0xff, 0xff, 0xff, 0xff, 0x60, 0x0, 0xff,
    0xf7, 0x0, 0x22, 0xdf, 0xf9, 0x22, 0xff, 0xf7,
    0x23, 0xff, 0xff, 0xff, 0x70, 0x0, 0xd, 0xff,
    0x80, 0xf, 0xff, 0x50, 0x2f, 0xff, 0xff, 0xf7,
    0x0, 0x0, 0xdf, 0xf8, 0x0, 0xff, 0xf5, 0x1,
    0xcc, 0xcf, 0xff, 0x70, 0x0, 0xd, 0xff, 0x80,
    0xf, 0xff, 0x50, 0x0, 0x0, 0xff, 0xf7, 0x0,
    0x0, 0xdf, 0xf8, 0x0, 0xff, 0xf5, 0x0, 0x0,
    0xf, 0xff, 0x70, 0x0, 0xd, 0xff, 0x80, 0xf,
    0xff, 0x50, 0x2f, 0xff, 0xff, 0xf7, 0x0, 0x0,
    0xdf, 0xf8, 0x0, 0xff, 0xf5, 0x2, 0xff, 0xff,
    0xff, 0x70, 0x0, 0xd, 0xff, 0x80, 0x1f, 0xff,
    0x86, 0x8c, 0xcc, 0xff, 0xf7, 0x6, 0xff, 0xff,
    0xff, 0xff, 0xff, 0xff, 0xfd, 0x0, 0xf, 0xff,
    0x70, 0x4f, 0xff, 0xff, 0xff, 0xff, 0xff, 0xff,
    0xe0, 0x0, 0xff, 0xf7, 0x2, 0xee, 0xed, 0xdc,
    0xca, 0x97, 0x64, 0x31, 0x0, 0xf, 0xff, 0x70,
    0x0, 0x0, 0x0, 0x0, 0x0, 0x0, 0x0, 0x0,
    0x0, 0xff, 0xf7, 0x0, 0x0, 0x0, 0x77, 0x73,
    0x0, 0x0, 0x0, 0x0, 0xf, 0xff, 0x70, 0x0,
    0x0, 0xf, 0xff, 0x70, 0x0, 0x0, 0x0, 0x0,
    0xff, 0xf7, 0x0, 0x0, 0x0, 0xff, 0xf7, 0x0,
    0x0, 0x0, 0x0, 0x0, 0x0, 0x0, 0x0, 0x0,
    0xf, 0xff, 0x70, 0x0, 0x0, 0x0, 0x0, 0x0,
    0x0, 0x0, 0x0, 0x0, 0xff, 0xf7, 0x0, 0x0,
    0x0, 0x0, 0x0, 0x0, 0x0, 0x0, 0x0, 0xf,
    0xff, 0xdb, 0xbb, 0xbb, 0xbb, 0xbb, 0xbb, 0xbb,
    0x10, 0x0, 0x0, 0xff, 0xff, 0xff, 0xff, 0xff,
    0xff, 0xff, 0xff, 0xf1, 0x0, 0x0, 0xf, 0xff,
    0xff, 0xff, 0xff, 0xff, 0xff, 0xff, 0xff, 0x10,
    0x0, 0x0, 0x0, 0x0, 0x0, 0x0, 0x0, 0x0,
    0x0, 0x0, 0x0,

    /* U+D3C9 "평" */
    0x0, 0x0, 0x0, 0x0, 0x0, 0x0, 0x0, 0x0,
    0x0, 0x22, 0x21, 0x0, 0x0, 0x0, 0x0, 0x0,
    0x0, 0x0, 0x0, 0x0, 0xff, 0xf7, 0x6, 0x88,
    0x88, 0x88, 0x88, 0x88, 0x88, 0x30, 0x0, 0xff,
    0xf7, 0xd, 0xff, 0xff, 0xff, 0xff, 0xff, 0xff,
    0x60, 0x0, 0xff, 0xf7, 0xd, 0xff, 0xff, 0xff,
    0xff, 0xff, 0xff, 0x61, 0x11, 0xff, 0xf7, 0x3,
    0x4d, 0xff, 0xa4, 0x4f, 0xff, 0x84, 0x2f, 0xff,
    0xff, 0xf7, 0x0, 0xd, 0xff, 0x80, 0xf, 0xff,
    0x50, 0xf, 0xff, 0xff, 0xf7, 0x0, 0xd, 0xff,
    0x80, 0xf, 0xff, 0x50, 0x9, 0x99, 0xff, 0xf7,
    0x0, 0xd, 0xff, 0x80, 0xf, 0xff, 0x50, 0x0,
    0x0, 0xff, 0xf7, 0x0, 0xd, 0xff, 0x80, 0xf,
    0xff, 0x50, 0x8, 0x88, 0xff, 0xf7, 0x0, 0xd,
    0xff, 0x80, 0xf, 0xff, 0x50, 0xf, 0xff, 0xff,
    0xf7, 0x0, 0xd, 0xff, 0x80, 0x1f, 0xff, 0x85,
    0x7f, 0xff, 0xff, 0xf7, 0x6e, 0xef, 0xff, 0xff,
    0xff, 0xff, 0xff, 0xf3, 0x22, 0xff, 0xf7, 0x4f,
    0xff, 0xff, 0xff, 0xff, 0xff, 0xff, 0xf1, 0x0,
    0xff, 0xf7, 0x2e, 0xee, 0xed, 0xdc, 0xb9, 0x86,
    0x43, 0x10, 0x0, 0xff, 0xf7, 0x0, 0x0, 0x0,
    0x0, 0x0, 0x0, 0x0, 0x0, 0x0, 0xdd, 0xd6,
    0x0, 0x0, 0x0, 0x0, 0x27, 0x8a, 0xbb, 0xa8,
    0x72, 0x0, 0x0, 0x0, 0x0, 0x0, 0x6d, 0xff,
    0xff, 0xff, 0xff, 0xff, 0xc6, 0x0, 0x0, 0x0,
    0x9, 0xff, 0xff, 0xff, 0xee, 0xff, 0xff, 0xff,
    0x90, 0x0, 0x0, 0x4f, 0xff, 0xd5, 0x10, 0x0,
    0x1, 0x5d, 0xff, 0xf4, 0x0, 0x0, 0x8f, 0xff,
    0x10, 0x0, 0x0, 0x0, 0x1, 0xff, 0xf8, 0x0,
    0x0, 0x7f, 0xff, 0x20, 0x0, 0x0, 0x0, 0x2,
    0xff, 0xf7, 0x0, 0x0, 0x2f, 0xff, 0xf9, 0x53,
    0x22, 0x35, 0x9f, 0xff, 0xf2, 0x0, 0x0, 0x5,
    0xff, 0xff, 0xff, 0xff, 0xff, 0xff, 0xff, 0x50,
    0x0, 0x0, 0x0, 0x28, 0xef, 0xff, 0xff, 0xff,
    0xfe, 0x82, 0x0, 0x0, 0x0, 0x0, 0x0, 0x3,
    0x46, 0x77, 0x64, 0x30, 0x0, 0x0,

    /* U+D558 "하" */
    0x0, 0x0, 0x0, 0x0, 0x0, 0x0, 0x0, 0x0,
    0x2, 0x22, 0x0, 0x0, 0x0, 0x0, 0x0, 0xef,
    0xf9, 0x0, 0x0, 0x0, 0x3f, 0xff, 0x30, 0x0,
    0x0, 0x0, 0x0, 0xef, 0xf9, 0x0, 0x0, 0x0,
    0x3f, 0xff, 0x30, 0x0, 0x0, 0x0, 0x0, 0xef,
    0xf9, 0x0, 0x0, 0x0, 0x3f, 0xff, 0x30, 0x0,
    0x59, 0x99, 0x99, 0xff, 0xfd, 0x99, 0x99, 0x90,
    0x3f, 0xff, 0x30, 0x0, 0x8f, 0xff, 0xff, 0xff,
    0xff, 0xff, 0xff, 0xf1, 0x3f, 0xff, 0x30, 0x0,
    0x8f, 0xff, 0xff, 0xff, 0xff, 0xff, 0xff, 0xf1,
    0x3f, 0xff, 0x30, 0x0, 0x12, 0x22, 0x22, 0x22,
    0x22, 0x22, 0x22, 0x20, 0x3f, 0xff, 0x30, 0x0,
    0x0, 0x0, 0x0, 0x25, 0x41, 0x0, 0x0, 0x0,
    0x3f, 0xff, 0x30, 0x0, 0x0, 0x0, 0x7f, 0xff,
    0xff, 0xd3, 0x0, 0x0, 0x3f, 0xff, 0x30, 0x0,
    0x0, 0xc, 0xff, 0xff, 0xff, 0xff, 0x70, 0x0,
    0x3f, 0xff, 0xa8, 0x87, 0x0, 0x9f, 0xff, 0xc8,
    0x9e, 0xff, 0xf3, 0x0, 0x3f, 0xff, 0xff, 0xfd,
    0x1, 0xff, 0xf9, 0x0, 0x1, 0xdf, 0xfb, 0x0,
    0x3f, 0xff, 0xff, 0xfd, 0x5, 0xff, 0xf0, 0x0,
    0x0, 0x5f, 0xff, 0x0, 0x3f, 0xff, 0x75, 0x54,
    0x7, 0xff, 0xd0, 0x0, 0x0, 0x3f, 0xff, 0x10,
    0x3f, 0xff, 0x30, 0x0, 0x5, 0xff, 0xf0, 0x0,
    0x0, 0x5f, 0xff, 0x0, 0x3f, 0xff, 0x30, 0x0,
    0x2, 0xff, 0xf6, 0x0, 0x0, 0xcf, 0xfc, 0x0,
    0x3f, 0xff, 0x30, 0x0, 0x0, 0xbf, 0xff, 0xa6,
    0x6c, 0xff, 0xf5, 0x0, 0x3f, 0xff, 0x30, 0x0,
    0x0, 0x1e, 0xff, 0xff, 0xff, 0xff, 0xa0, 0x0,
    0x3f, 0xff, 0x30, 0x0, 0x0, 0x1, 0xaf, 0xff,
    0xff, 0xf6, 0x0, 0x0, 0x3f, 0xff, 0x30, 0x0,
    0x0, 0x0, 0x2, 0x58, 0x74, 0x10, 0x0, 0x0,
    0x3f, 0xff, 0x30, 0x0, 0x0, 0x0, 0x0, 0x0,
    0x0, 0x0, 0x0, 0x0, 0x3f, 0xff, 0x30, 0x0,
    0x0, 0x0, 0x0, 0x0, 0x0, 0x0, 0x0, 0x0,
    0x3f, 0xff, 0x30, 0x0, 0x0, 0x0, 0x0, 0x0,
    0x0, 0x0, 0x0, 0x0, 0x3f, 0xff, 0x30, 0x0,
    0x0, 0x0, 0x0, 0x0, 0x0, 0x0, 0x0, 0x0,
    0x3f, 0xff, 0x30, 0x0, 0x0, 0x0, 0x0, 0x0,
    0x0, 0x0, 0x0, 0x0, 0x2b, 0xbb, 0x20, 0x0,

    /* U+D569 "합" */
    0x0, 0x0, 0x0, 0x38, 0x88, 0x0, 0x0, 0x0,
    0x7, 0x88, 0x40, 0x0, 0x0, 0x0, 0x0, 0x6f,
    0xff, 0x0, 0x0, 0x0, 0xe, 0xff, 0x90, 0x0,
    0x5, 0x55, 0x55, 0x9f, 0xff, 0x65, 0x55, 0x53,
    0xe, 0xff, 0x90, 0x0, 0x1f, 0xff, 0xff, 0xff,
    0xff, 0xff, 0xff, 0xfa, 0xe, 0xff, 0x90, 0x0,
    0x1f, 0xff, 0xff, 0xff, 0xff, 0xff, 0xff, 0xfa,
    0xe, 0xff, 0x90, 0x0, 0x6, 0x66, 0x66, 0x66,
    0x66, 0x66, 0x66, 0x64, 0xe, 0xff, 0x90, 0x0,
    0x0, 0x0, 0x6, 0xac, 0xdb, 0x93, 0x0, 0x0,
    0xe, 0xff, 0xc8, 0x88, 0x0, 0x5, 0xef, 0xff,
    0xff, 0xff, 0xc1, 0x0, 0xe, 0xff, 0xff, 0xfe,
    0x0, 0x3f, 0xff, 0xfb, 0xad, 0xff, 0xfc, 0x0,
    0xe, 0xff, 0xff, 0xfe, 0x0, 0x9f, 0xfd, 0x10,
    0x0, 0x5f, 0xff, 0x20, 0xe, 0xff, 0xb5, 0x55,
    0x0, 0xdf, 0xf9, 0x0, 0x0, 0xf, 0xff, 0x50,
    0xe, 0xff, 0x90, 0x0, 0x0, 0xaf, 0xfd, 0x10,
    0x0, 0x5f, 0xff, 0x20, 0xe, 0xff, 0x90, 0x0,
    0x0, 0x3f, 0xff, 0xfb, 0xac, 0xff, 0xfc, 0x0,
    0xe, 0xff, 0x90, 0x0, 0x0, 0x5, 0xff, 0xff,
    0xff, 0xff, 0xc1, 0x0, 0xe, 0xff, 0x90, 0x0,
    0x0, 0x0, 0x7, 0xac, 0xdc, 0x94, 0x0, 0x0,
    0xe, 0xff, 0x90, 0x0, 0x0, 0x0, 0x0, 0x0,
    0x0, 0x0, 0x0, 0x0, 0x1, 0x11, 0x0, 0x0,
    0x0, 0x0, 0x9f, 0xfd, 0x0, 0x0, 0x0, 0x0,
    0xe, 0xff, 0x90, 0x0, 0x0, 0x0, 0x9f, 0xfd,
    0x0, 0x0, 0x0, 0x0, 0xe, 0xff, 0x90, 0x0,
    0x0, 0x0, 0x9f, 0xff, 0xff, 0xff, 0xff, 0xff,
    0xff, 0xff, 0x90, 0x0, 0x0, 0x0, 0x9f, 0xff,
    0xff, 0xff, 0xff, 0xff, 0xff, 0xff, 0x90, 0x0,
    0x0, 0x0, 0x9f, 0xff, 0xbb, 0xbb, 0xbb, 0xbb,
    0xbf, 0xff, 0x90, 0x0, 0x0, 0x0, 0x9f, 0xfd,
    0x0, 0x0, 0x0, 0x0, 0xe, 0xff, 0x90, 0x0,
    0x0, 0x0, 0x9f, 0xff, 0xbb, 0xbb, 0xbb, 0xbb,
    0xbf, 0xff, 0x90, 0x0, 0x0, 0x0, 0x9f, 0xff,
    0xff, 0xff, 0xff, 0xff, 0xff, 0xff, 0x90, 0x0,
    0x0, 0x0, 0x9f, 0xff, 0xff, 0xff, 0xff, 0xff,
    0xff, 0xff, 0x90, 0x0, 0x0, 0x0, 0x0, 0x0,
    0x0, 0x0, 0x0, 0x0, 0x0, 0x0, 0x0, 0x0,

    /* U+D589 "행" */
    0x0, 0x0, 0x2, 0x22, 0x10, 0x0, 0x0, 0x0,
    0x0, 0x5, 0x55, 0x10, 0x0, 0x0, 0xef, 0xf9,
    0x0, 0x0, 0x5f, 0xfd, 0x1, 0xff, 0xf3, 0x0,
    0x0, 0xe, 0xff, 0x90, 0x0, 0x5, 0xff, 0xe0,
    0x1f, 0xff, 0x34, 0xdd, 0xdd, 0xff, 0xfe, 0xdd,
    0xdc, 0x5f, 0xfe, 0x1, 0xff, 0xf3, 0x4f, 0xff,
    0xff, 0xff, 0xff, 0xff, 0xe5, 0xff, 0xe0, 0x1f,
    0xff, 0x34, 0xdd, 0xdd, 0xdd, 0xdd, 0xdd, 0xdc,
    0x5f, 0xfe, 0x1, 0xff, 0xf3, 0x0, 0x0, 0x2,
    0x43, 0x10, 0x0, 0x5, 0xff, 0xe4, 0x5f, 0xff,
    0x30, 0x0, 0x6e, 0xff, 0xff, 0xc3, 0x0, 0x5f,
    0xff, 0xff, 0xff, 0xf3, 0x0, 0x8f, 0xff, 0xff,
    0xff, 0xf4, 0x5, 0xff, 0xff, 0xff, 0xff, 0x30,
    0x2f, 0xff, 0x94, 0x6b, 0xff, 0xe0, 0x5f, 0xff,
    0x99, 0xff, 0xf3, 0x6, 0xff, 0xb0, 0x0, 0xf,
    0xff, 0x25, 0xff, 0xe0, 0x1f, 0xff, 0x30, 0x6f,
    0xfb, 0x0, 0x0, 0xff, 0xf2, 0x5f, 0xfe, 0x1,
    0xff, 0xf3, 0x2, 0xff, 0xf7, 0x23, 0xaf, 0xfe,
    0x5, 0xff, 0xe0, 0x1f, 0xff, 0x30, 0x8, 0xff,
    0xff, 0xff, 0xff, 0x40, 0x5f, 0xfe, 0x1, 0xff,
    0xf3, 0x0, 0x6, 0xef, 0xff, 0xfc, 0x40, 0x5,
    0xff, 0xe0, 0x1f, 0xff, 0x30, 0x0, 0x0, 0x24,
    0x41, 0x0, 0x0, 0x25, 0x55, 0x1, 0xff, 0xf3,
    0x0, 0x0, 0x0, 0x0, 0x0, 0x45, 0x68, 0x76,
    0x42, 0x3, 0x33, 0x0, 0x0, 0x0, 0x0, 0x5b,
    0xff, 0xff, 0xff, 0xff, 0xfd, 0x81, 0x0, 0x0,
    0x0, 0x0, 0xbf, 0xff, 0xff, 0xff, 0xff, 0xff,
    0xff, 0xf3, 0x0, 0x0, 0x0, 0x8f, 0xff, 0xc6,
    0x32, 0x12, 0x25, 0x9f, 0xff, 0xe0, 0x0, 0x0,
    0xd, 0xff, 0xc0, 0x0, 0x0, 0x0, 0x0, 0x6f,
    0xff, 0x40, 0x0, 0x0, 0xdf, 0xfc, 0x0, 0x0,
    0x0, 0x0, 0x6, 0xff, 0xf4, 0x0, 0x0, 0x8,
    0xff, 0xfc, 0x73, 0x21, 0x23, 0x59, 0xff, 0xfe,
    0x0, 0x0, 0x0, 0xb, 0xff, 0xff, 0xff, 0xff,
    0xff, 0xff, 0xfe, 0x30, 0x0, 0x0, 0x0, 0x5,
    0xbf, 0xff, 0xff, 0xff, 0xff, 0xd8, 0x10, 0x0,
    0x0, 0x0, 0x0, 0x0, 0x3, 0x56, 0x77, 0x54,
    0x20, 0x0, 0x0,

    /* U+D638 "호" */
    0x0, 0x0, 0x0, 0x0, 0x0, 0x1, 0x11, 0x0,
    0x0, 0x0, 0x0, 0x0, 0x0, 0x0, 0x0, 0x0,
    0x0, 0x7f, 0xff, 0x0, 0x0, 0x0, 0x0, 0x0,
    0x0, 0x0, 0x0, 0x0, 0x0, 0x7f, 0xff, 0x0,
    0x0, 0x0, 0x0, 0x0, 0x0, 0x55, 0x55, 0x55,
    0x55, 0xaf, 0xff, 0x55, 0x55, 0x55, 0x55, 0x30,
    0x1, 0xff, 0xff, 0xff, 0xff, 0xff, 0xff, 0xff,
    0xff, 0xff, 0xff, 0x90, 0x1, 0xff, 0xff, 0xff,
    0xff, 0xff, 0xff, 0xff, 0xff, 0xff, 0xff, 0x90,
    0x0, 0x55, 0x55, 0x55, 0x55, 0x55, 0x55, 0x55,
    0x55, 0x55, 0x55, 0x30, 0x0, 0x0, 0x0, 0x0,
    0x24, 0x67, 0x87, 0x53, 0x0, 0x0, 0x0, 0x0,
    0x0, 0x0, 0x0, 0x7c, 0xff, 0xff, 0xff, 0xff,
    0xe9, 0x30, 0x0, 0x0, 0x0, 0x0, 0x1d, 0xff,
    0xff, 0xff, 0xff, 0xff, 0xff, 0xf6, 0x0, 0x0,
    0x0, 0x0, 0xcf, 0xff, 0xc7, 0x43, 0x23, 0x59,
    0xff, 0xff, 0x30, 0x0, 0x0, 0x2, 0xff, 0xfa,
    0x0, 0x0, 0x0, 0x0, 0x3f, 0xff, 0x90, 0x0,
    0x0, 0x3, 0xff, 0xf6, 0x0, 0x0, 0x0, 0x0,
    0xf, 0xff, 0xa0, 0x0, 0x0, 0x0, 0xff, 0xfc,
    0x10, 0x0, 0x0, 0x0, 0x6f, 0xff, 0x60, 0x0,
    0x0, 0x0, 0x9f, 0xff, 0xfa, 0x76, 0x67, 0x9d,
    0xff, 0xfe, 0x10, 0x0, 0x0, 0x0, 0xa, 0xff,
    0xff, 0xff, 0xff, 0xff, 0xff, 0xe2, 0x0, 0x0,
    0x0, 0x0, 0x0, 0x3a, 0xef, 0xff, 0xff, 0xff,
    0xd6, 0x0, 0x0, 0x0, 0x0, 0x0, 0x0, 0x0,
    0x1, 0x9f, 0xff, 0x30, 0x0, 0x0, 0x0, 0x0,
    0x0, 0x0, 0x0, 0x0, 0x0, 0x7f, 0xff, 0x0,
    0x0, 0x0, 0x0, 0x0, 0x0, 0x0, 0x0, 0x0,
    0x0, 0x7f, 0xff, 0x0, 0x0, 0x0, 0x0, 0x0,
    0x1c, 0xcc, 0xcc, 0xcc, 0xcc, 0xef, 0xff, 0xcc,
    0xcc, 0xcc, 0xcc, 0xc9, 0x1f, 0xff, 0xff, 0xff,
    0xff, 0xff, 0xff, 0xff, 0xff, 0xff, 0xff, 0xfb,
    0x1f, 0xff, 0xff, 0xff, 0xff, 0xff, 0xff, 0xff,
    0xff, 0xff, 0xff, 0xfa,

    /* U+D68C "회" */
    0x0, 0x0, 0x0, 0x0, 0x0, 0x0, 0x0, 0x0,
    0x0, 0x22, 0x21, 0x0, 0x0, 0x0, 0xf, 0xff,
    0x70, 0x0, 0x0, 0x0, 0xff, 0xf6, 0x0, 0x0,
    0x0, 0xf, 0xff, 0x70, 0x0, 0x0, 0x0, 0xff,
    0xf6, 0x6, 0x66, 0x66, 0x7f, 0xff, 0xb6, 0x66,
    0x66, 0x10, 0xff, 0xf6, 0xd, 0xff, 0xff, 0xff,
    0xff, 0xff, 0xff, 0xff, 0x30, 0xff, 0xf6, 0xd,
    0xff, 0xff, 0xff, 0xff, 0xff, 0xff, 0xff, 0x30,
    0xff, 0xf6, 0x3, 0x33, 0x33, 0x33, 0x33, 0x33,
    0x33, 0x33, 0x0, 0xff, 0xf6, 0x0, 0x0, 0x2,
    0x79, 0xba, 0x84, 0x0, 0x0, 0x0, 0xff, 0xf6,
    0x0, 0x0, 0x9f, 0xff, 0xff, 0xff, 0xd3, 0x0,
    0x0, 0xff, 0xf6, 0x0, 0xa, 0xff, 0xff, 0xde,
    0xff, 0xfe, 0x20, 0x0, 0xff, 0xf6, 0x0, 0x2f,
    0xff, 0x70, 0x0, 0x3e, 0xff, 0x90, 0x0, 0xff,
    0xf6, 0x0, 0x6f, 0xfe, 0x0, 0x0, 0x7, 0xff,
    0xd0, 0x0, 0xff, 0xf6, 0x0, 0x5f, 0xff, 0x0,
    0x0, 0x9, 0xff, 0xc0, 0x0, 0xff, 0xf6, 0x0,
    0x2f, 0xff, 0xc5, 0x34, 0x9f, 0xff, 0x80, 0x0,
    0xff, 0xf6, 0x0, 0x7, 0xff, 0xff, 0xff, 0xff,
    0xfd, 0x0, 0x0, 0xff, 0xf6, 0x0, 0x0, 0x4d,
    0xff, 0xff, 0xff, 0x80, 0x0, 0x0, 0xff, 0xf6,
    0x0, 0x0, 0x0, 0x2f, 0xff, 0x80, 0x0, 0x0,
    0x0, 0xff, 0xf6, 0x0, 0x0, 0x0, 0xf, 0xff,
    0x60, 0x0, 0x2, 0x20, 0xff, 0xf6, 0x28, 0x88,
    0x89, 0x9f, 0xff, 0xdc, 0xef, 0xff, 0xa0, 0xff,
    0xf6, 0x3f, 0xff, 0xff, 0xff, 0xff, 0xff, 0xff,
    0xff, 0xc0, 0xff, 0xf6, 0xf, 0xff, 0xff, 0xff,
    0xff, 0xff, 0xfd, 0xb9, 0x60, 0xff, 0xf6, 0x6,
    0x66, 0x66, 0x54, 0x43, 0x21, 0x0, 0x0, 0x0,
    0xff, 0xf6, 0x0, 0x0, 0x0, 0x0, 0x0, 0x0,
    0x0, 0x0, 0x0, 0xff, 0xf6, 0x0, 0x0, 0x0,
    0x0, 0x0, 0x0, 0x0, 0x0, 0x0, 0xff, 0xf6,
    0x0, 0x0, 0x0, 0x0, 0x0, 0x0, 0x0, 0x0,
    0x0, 0xff, 0xf6, 0x0, 0x0, 0x0, 0x0, 0x0,
    0x0, 0x0, 0x0, 0x0, 0xbb, 0xb5,

    /* U+D6C8 "훈" */
    0x0, 0x0, 0x0, 0x0, 0x0, 0x37, 0x77, 0x0,
    0x0, 0x0, 0x0, 0x0, 0x0, 0x0, 0x0, 0x0,
    0x0, 0x7f, 0xff, 0x0, 0x0, 0x0, 0x0, 0x0,
    0x0, 0x44, 0x44, 0x44, 0x44, 0xaf, 0xff, 0x44,
    0x44, 0x44, 0x44, 0x20, 0x0, 0xff, 0xff, 0xff,
    0xff, 0xff, 0xff, 0xff, 0xff, 0xff, 0xff, 0x70,
    0x0, 0xff, 0xff, 0xff, 0xff, 0xff, 0xff, 0xff,
    0xff, 0xff, 0xff, 0x70, 0x0, 0x55, 0x55, 0x55,
    0x55, 0x55, 0x55, 0x55, 0x55, 0x55, 0x55, 0x20,
    0x0, 0x0, 0x0, 0x26, 0xac, 0xde, 0xfe, 0xdc,
    0x84, 0x0, 0x0, 0x0, 0x0, 0x0, 0x1b, 0xff,
    0xff, 0xff, 0xff, 0xff, 0xff, 0xe6, 0x0, 0x0,
    0x0, 0x0, 0xcf, 0xff, 0xd9, 0x87, 0x77, 0x8b,
    0xff, 0xff, 0x40, 0x0, 0x0, 0x0, 0xff, 0xfa,
    0x0, 0x0, 0x0, 0x0, 0x1f, 0xff, 0x90, 0x0,
    0x0, 0x0, 0xef, 0xfd, 0x51, 0x0, 0x0, 0x2,
    0x8f, 0xff, 0x70, 0x0, 0x0, 0x0, 0x5f, 0xff,
    0xff, 0xff, 0xff, 0xff, 0xff, 0xfc, 0x0, 0x0,
    0x0, 0x0, 0x3, 0x9e, 0xff, 0xff, 0xff, 0xff,
    0xfc, 0x70, 0x0, 0x0, 0x0, 0x0, 0x0, 0x0,
    0x24, 0x56, 0x76, 0x53, 0x0, 0x0, 0x0, 0x0,
    0x9, 0x99, 0x99, 0x99, 0x99, 0x99, 0x99, 0x99,
    0x99, 0x99, 0x99, 0x96, 0x1f, 0xff, 0xff, 0xff,
    0xff, 0xff, 0xff, 0xff, 0xff, 0xff, 0xff, 0xf9,
    0x1f, 0xff, 0xff, 0xff, 0xff, 0xff, 0xff, 0xff,
    0xff, 0xff, 0xff, 0xf9, 0x1, 0x11, 0x11, 0x11,
    0x11, 0x4f, 0xff, 0x61, 0x11, 0x11, 0x11, 0x11,
    0x0, 0x1, 0x22, 0x20, 0x0, 0x2f, 0xff, 0x40,
    0x0, 0x0, 0x0, 0x0, 0x0, 0x6, 0xff, 0xf0,
    0x0, 0x2f, 0xff, 0x40, 0x0, 0x0, 0x0, 0x0,
    0x0, 0x6, 0xff, 0xf0, 0x0, 0x2, 0x22, 0x0,
    0x0, 0x0, 0x0, 0x0, 0x0, 0x6, 0xff, 0xf0,
    0x0, 0x0, 0x0, 0x0, 0x0, 0x0, 0x0, 0x0,
    0x0, 0x6, 0xff, 0xfb, 0xaa, 0xaa, 0xaa, 0xaa,
    0xaa, 0xaa, 0xa1, 0x0, 0x0, 0x6, 0xff, 0xff,
    0xff, 0xff, 0xff, 0xff, 0xff, 0xff, 0xf2, 0x0,
    0x0, 0x6, 0xff, 0xff, 0xff, 0xff, 0xff, 0xff,
    0xff, 0xff, 0xf2, 0x0, 0x0, 0x0, 0x0, 0x0,
    0x0, 0x0, 0x0, 0x0, 0x0, 0x0, 0x0, 0x0,

    /* U+D734 "휴" */
    0x0, 0x0, 0x0, 0x0, 0x0, 0x37, 0x77, 0x0,
    0x0, 0x0, 0x0, 0x0, 0x0, 0x0, 0x0, 0x0,
    0x0, 0x7f, 0xff, 0x0, 0x0, 0x0, 0x0, 0x0,
    0x0, 0x0, 0x0, 0x0, 0x0, 0x7f, 0xff, 0x0,
    0x0, 0x0, 0x0, 0x0, 0x0, 0xff, 0xff, 0xff,
    0xff, 0xff, 0xff, 0xff, 0xff, 0xff, 0xff, 0x60,
    0x0, 0xff, 0xff, 0xff, 0xff, 0xff, 0xff, 0xff,
    0xff, 0xff, 0xff, 0x60, 0x0, 0xcc, 0xcc, 0xcc,
    0xcc, 0xcc, 0xcc, 0xcc, 0xcc, 0xcc, 0xcc, 0x50,
    0x0, 0x0, 0x0, 0x0, 0x0, 0x1, 0x10, 0x0,
    0x0, 0x0, 0x0, 0x0, 0x0, 0x0, 0x0, 0x38,
    0xce, 0xff, 0xff, 0xfe, 0xa6, 0x10, 0x0, 0x0,
    0x0, 0x0, 0x2c, 0xff, 0xff, 0xff, 0xff, 0xff,
    0xff, 0xf7, 0x0, 0x0, 0x0, 0x0, 0xdf, 0xff,
    0xea, 0x88, 0x78, 0x9c, 0xff, 0xff, 0x60, 0x0,
    0x0, 0x3, 0xff, 0xf9, 0x0, 0x0, 0x0, 0x0,
    0x2f, 0xff, 0xc0, 0x0, 0x0, 0x3, 0xff, 0xf8,
    0x0, 0x0, 0x0, 0x0, 0x1e, 0xff, 0xc0, 0x0,
    0x0, 0x0, 0xdf, 0xff, 0xc9, 0x76, 0x56, 0x7a,
    0xff, 0xff, 0x60, 0x0, 0x0, 0x0, 0x2d, 0xff,
    0xff, 0xff, 0xff, 0xff, 0xff, 0xf7, 0x0, 0x0,
    0x0, 0x0, 0x0, 0x49, 0xdf, 0xff, 0xff, 0xff,
    0xb6, 0x10, 0x0, 0x0, 0x0, 0x0, 0x0, 0x0,
    0x0, 0x2, 0x21, 0x0, 0x0, 0x0, 0x0, 0x0,
    0xa, 0xaa, 0xaa, 0xaa, 0xaa, 0xaa, 0xaa, 0xaa,
    0xaa, 0xaa, 0xaa, 0xa7, 0x1f, 0xff, 0xff, 0xff,
    0xff, 0xff, 0xff, 0xff, 0xff, 0xff, 0xff, 0xfb,
    0x1f, 0xff, 0xff, 0xff, 0xff, 0xff, 0xff, 0xff,
    0xff, 0xff, 0xff, 0xfb, 0x2, 0x22, 0x22, 0xcf,
    0xfb, 0x22, 0x22, 0x3f, 0xff, 0x82, 0x22, 0x21,
    0x0, 0x0, 0x0, 0xcf, 0xfb, 0x0, 0x0, 0x1f,
    0xff, 0x60, 0x0, 0x0, 0x0, 0x0, 0x0, 0xcf,
    0xfb, 0x0, 0x0, 0x1f, 0xff, 0x60, 0x0, 0x0,
    0x0, 0x0, 0x0, 0xcf, 0xfb, 0x0, 0x0, 0x1f,
    0xff, 0x60, 0x0, 0x0, 0x0, 0x0, 0x0, 0xcf,
    0xfb, 0x0, 0x0, 0x1f, 0xff, 0x60, 0x0, 0x0,
    0x0, 0x0, 0x0, 0xcf, 0xfb, 0x0, 0x0, 0x1f,
    0xff, 0x60, 0x0, 0x0, 0x0, 0x0, 0x0, 0x45,
    0x53, 0x0, 0x0, 0x5, 0x55, 0x20, 0x0, 0x0,

    /* U+D761 "흡" */
    0x0, 0x0, 0x0, 0x0, 0x0, 0x49, 0x99, 0x0,
    0x0, 0x0, 0x0, 0x0, 0x0, 0x0, 0x0, 0x0,
    0x0, 0x7f, 0xff, 0x0, 0x0, 0x0, 0x0, 0x0,
    0x0, 0xaa, 0xaa, 0xaa, 0xaa, 0xdf, 0xff, 0xaa,
    0xaa, 0xaa, 0xaa, 0x40, 0x0, 0xff, 0xff, 0xff,
    0xff, 0xff, 0xff, 0xff, 0xff, 0xff, 0xff, 0x70,
    0x0, 0xff, 0xff, 0xff, 0xff, 0xff, 0xff, 0xff,
    0xff, 0xff, 0xff, 0x60, 0x0, 0x0, 0x0, 0x0,
    0x34, 0x56, 0x76, 0x54, 0x10, 0x0, 0x0, 0x0,
    0x0, 0x0, 0x5, 0xbf, 0xff, 0xff, 0xff, 0xff,
    0xfd, 0x81, 0x0, 0x0, 0x0, 0x0, 0x8f, 0xff,
    0xff, 0xed, 0xde, 0xff, 0xff, 0xfe, 0x20, 0x0,
    0x0, 0x0, 0xff, 0xfe, 0x40, 0x0, 0x0, 0x1,
    0x8f, 0xff, 0x80, 0x0, 0x0, 0x0, 0xff, 0xfe,
    0x41, 0x0, 0x0, 0x2, 0x8f, 0xff, 0x80, 0x0,
    0x0, 0x0, 0x6f, 0xff, 0xff, 0xfe, 0xef, 0xff,
    0xff, 0xfd, 0x10, 0x0, 0x0, 0x0, 0x3, 0x9d,
    0xff, 0xff, 0xff, 0xff, 0xfb, 0x70, 0x0, 0x0,
    0x0, 0x0, 0x0, 0x0, 0x12, 0x34, 0x54, 0x32,
    0x0, 0x0, 0x0, 0x0, 0xa, 0xaa, 0xaa, 0xaa,
    0xaa, 0xaa, 0xaa, 0xaa, 0xaa, 0xaa, 0xaa, 0xa6,
    0x1f, 0xff, 0xff, 0xff, 0xff, 0xff, 0xff, 0xff,
    0xff, 0xff, 0xff, 0xf9, 0x1f, 0xff, 0xff, 0xff,
    0xff, 0xff, 0xff, 0xff, 0xff, 0xff, 0xff, 0xf9,
    0x0, 0x1, 0x11, 0x10, 0x0, 0x0, 0x0, 0x0,
    0x1, 0x11, 0x10, 0x0, 0x0, 0x6, 0xff, 0xf0,
    0x0, 0x0, 0x0, 0x0, 0x9, 0xff, 0xe0, 0x0,
    0x0, 0x6, 0xff, 0xf7, 0x77, 0x77, 0x77, 0x77,
    0x7c, 0xff, 0xe0, 0x0, 0x0, 0x6, 0xff, 0xff,
    0xff, 0xff, 0xff, 0xff, 0xff, 0xff, 0xe0, 0x0,
    0x0, 0x6, 0xff, 0xff, 0xff, 0xff, 0xff, 0xff,
    0xff, 0xff, 0xe0, 0x0, 0x0, 0x6, 0xff, 0xf0,
    0x0, 0x0, 0x0, 0x0, 0xa, 0xff, 0xe0, 0x0,
    0x0, 0x6, 0xff, 0xf8, 0x88, 0x88, 0x88, 0x88,
    0x8d, 0xff, 0xe0, 0x0, 0x0, 0x6, 0xff, 0xff,
    0xff, 0xff, 0xff, 0xff, 0xff, 0xff, 0xe0, 0x0,
    0x0, 0x6, 0xff, 0xff, 0xff, 0xff, 0xff, 0xff,
    0xff, 0xff, 0xe0, 0x0, 0x0, 0x0, 0x0, 0x0,
    0x0, 0x0, 0x0, 0x0, 0x0, 0x0, 0x0, 0x0,

    /* U+D788 "히" */
    0x0, 0x0, 0x0, 0x0, 0x0, 0x0, 0x0, 0x0,
    0x2, 0x22, 0x10, 0x0, 0x0, 0x2f, 0xff, 0x60,
    0x0, 0x0, 0x0, 0xff, 0xf8, 0x0, 0x0, 0x2,
    0xff, 0xf6, 0x0, 0x0, 0x0, 0xf, 0xff, 0x80,
    0x0, 0x0, 0x2f, 0xff, 0x60, 0x0, 0x0, 0x0,
    0xff, 0xf8, 0x79, 0x99, 0x9a, 0xff, 0xfc, 0x99,
    0x99, 0x90, 0xf, 0xff, 0x8c, 0xff, 0xff, 0xff,
    0xff, 0xff, 0xff, 0xff, 0x10, 0xff, 0xf8, 0xcf,
    0xff, 0xff, 0xff, 0xff, 0xff, 0xff, 0xf1, 0xf,
    0xff, 0x82, 0x33, 0x33, 0x33, 0x33, 0x33, 0x33,
    0x33, 0x0, 0xff, 0xf8, 0x0, 0x0, 0x0, 0x35,
    0x41, 0x0, 0x0, 0x0, 0xf, 0xff, 0x80, 0x0,
    0x9, 0xff, 0xff, 0xfc, 0x30, 0x0, 0x0, 0xff,
    0xf8, 0x0, 0x2e, 0xff, 0xff, 0xff, 0xff, 0x60,
    0x0, 0xf, 0xff, 0x80, 0xc, 0xff, 0xfb, 0x79,
    0xef, 0xff, 0x20, 0x0, 0xff, 0xf8, 0x4, 0xff,
    0xf6, 0x0, 0x1, 0xef, 0xfa, 0x0, 0xf, 0xff,
    0x80, 0x8f, 0xfd, 0x0, 0x0, 0x7, 0xff, 0xd0,
    0x0, 0xff, 0xf8, 0xa, 0xff, 0xa0, 0x0, 0x0,
    0x4f, 0xff, 0x0, 0xf, 0xff, 0x80, 0x8f, 0xfc,
    0x0, 0x0, 0x6, 0xff, 0xe0, 0x0, 0xff, 0xf8,
    0x5, 0xff, 0xf3, 0x0, 0x0, 0xdf, 0xfb, 0x0,
    0xf, 0xff, 0x80, 0xd, 0xff, 0xf8, 0x57, 0xdf,
    0xff, 0x40, 0x0, 0xff, 0xf8, 0x0, 0x3f, 0xff,
    0xff, 0xff, 0xff, 0x80, 0x0, 0xf, 0xff, 0x80,
    0x0, 0x2c, 0xff, 0xff, 0xfe, 0x50, 0x0, 0x0,
    0xff, 0xf8, 0x0, 0x0, 0x3, 0x58, 0x74, 0x0,
    0x0, 0x0, 0xf, 0xff, 0x80, 0x0, 0x0, 0x0,
    0x0, 0x0, 0x0, 0x0, 0x0, 0xff, 0xf8, 0x0,
    0x0, 0x0, 0x0, 0x0, 0x0, 0x0, 0x0, 0xf,
    0xff, 0x80, 0x0, 0x0, 0x0, 0x0, 0x0, 0x0,
    0x0, 0x0, 0xff, 0xf8, 0x0, 0x0, 0x0, 0x0,
    0x0, 0x0, 0x0, 0x0, 0xf, 0xff, 0x80, 0x0,
    0x0, 0x0, 0x0, 0x0, 0x0, 0x0, 0x0, 0xbb,
    0xb6
};


/*---------------------
 *  GLYPH DESCRIPTION
 *--------------------*/

static const lv_font_fmt_txt_glyph_dsc_t glyph_dsc[] = {
    {.bitmap_index = 0, .adv_w = 0, .box_w = 0, .box_h = 0, .ofs_x = 0, .ofs_y = 0} /* id = 0 reserved */,
    {.bitmap_index = 0, .adv_w = 103, .box_w = 0, .box_h = 0, .ofs_x = 0, .ofs_y = 0},
    {.bitmap_index = 0, .adv_w = 137, .box_w = 5, .box_h = 20, .ofs_x = 2, .ofs_y = 0},
    {.bitmap_index = 50, .adv_w = 168, .box_w = 9, .box_h = 8, .ofs_x = 1, .ofs_y = 12},
    {.bitmap_index = 86, .adv_w = 280, .box_w = 18, .box_h = 20, .ofs_x = 0, .ofs_y = 0},
    {.bitmap_index = 266, .adv_w = 282, .box_w = 16, .box_h = 25, .ofs_x = 1, .ofs_y = -2},
    {.bitmap_index = 466, .adv_w = 430, .box_w = 23, .box_h = 20, .ofs_x = 2, .ofs_y = 0},
    {.bitmap_index = 696, .adv_w = 291, .box_w = 18, .box_h = 20, .ofs_x = 1, .ofs_y = 0},
    {.bitmap_index = 876, .adv_w = 88, .box_w = 4, .box_h = 8, .ofs_x = 1, .ofs_y = 12},
    {.bitmap_index = 892, .adv_w = 175, .box_w = 9, .box_h = 27, .ofs_x = 2, .ofs_y = -6},
    {.bitmap_index = 1014, .adv_w = 175, .box_w = 9, .box_h = 27, .ofs_x = 0, .ofs_y = -6},
    {.bitmap_index = 1136, .adv_w = 242, .box_w = 12, .box_h = 12, .ofs_x = 2, .ofs_y = 8},
    {.bitmap_index = 1208, .adv_w = 293, .box_w = 14, .box_h = 14, .ofs_x = 2, .ofs_y = 1},
    {.bitmap_index = 1306, .adv_w = 129, .box_w = 6, .box_h = 8, .ofs_x = 0, .ofs_y = -6},
    {.bitmap_index = 1330, .adv_w = 201, .box_w = 10, .box_h = 4, .ofs_x = 1, .ofs_y = 7},
    {.bitmap_index = 1350, .adv_w = 126, .box_w = 6, .box_h = 5, .ofs_x = 1, .ofs_y = 0},
    {.bitmap_index = 1365, .adv_w = 166, .box_w = 11, .box_h = 24, .ofs_x = 0, .ofs_y = -3},
    {.bitmap_index = 1497, .adv_w = 296, .box_w = 17, .box_h = 20, .ofs_x = 1, .ofs_y = 0},
    {.bitmap_index = 1667, .adv_w = 210, .box_w = 10, .box_h = 20, .ofs_x = 1, .ofs_y = 0},
    {.bitmap_index = 1767, .adv_w = 273, .box_w = 15, .box_h = 20, .ofs_x = 1, .ofs_y = 0},
    {.bitmap_index = 1917, .adv_w = 286, .box_w = 16, .box_h = 20, .ofs_x = 1, .ofs_y = 0},
    {.bitmap_index = 2077, .adv_w = 294, .box_w = 17, .box_h = 20, .ofs_x = 1, .ofs_y = 0},
    {.bitmap_index = 2247, .adv_w = 281, .box_w = 16, .box_h = 20, .ofs_x = 1, .ofs_y = 0},
    {.bitmap_index = 2407, .adv_w = 288, .box_w = 16, .box_h = 20, .ofs_x = 1, .ofs_y = 0},
    {.bitmap_index = 2567, .adv_w = 258, .box_w = 15, .box_h = 20, .ofs_x = 0, .ofs_y = 0},
    {.bitmap_index = 2717, .adv_w = 288, .box_w = 16, .box_h = 20, .ofs_x = 1, .ofs_y = 0},
    {.bitmap_index = 2877, .adv_w = 288, .box_w = 16, .box_h = 20, .ofs_x = 1, .ofs_y = 0},
    {.bitmap_index = 3037, .adv_w = 126, .box_w = 6, .box_h = 15, .ofs_x = 1, .ofs_y = 0},
    {.bitmap_index = 3082, .adv_w = 126, .box_w = 7, .box_h = 21, .ofs_x = 0, .ofs_y = -6},
    {.bitmap_index = 3156, .adv_w = 293, .box_w = 14, .box_h = 16, .ofs_x = 2, .ofs_y = 0},
    {.bitmap_index = 3268, .adv_w = 293, .box_w = 14, .box_h = 10, .ofs_x = 2, .ofs_y = 3},
    {.bitmap_index = 3338, .adv_w = 293, .box_w = 14, .box_h = 16, .ofs_x = 2, .ofs_y = 0},
    {.bitmap_index = 3450, .adv_w = 241, .box_w = 14, .box_h = 20, .ofs_x = 0, .ofs_y = 0},
    {.bitmap_index = 3590, .adv_w = 392, .box_w = 23, .box_h = 22, .ofs_x = 1, .ofs_y = -2},
    {.bitmap_index = 3843, .adv_w = 322, .box_w = 20, .box_h = 20, .ofs_x = 0, .ofs_y = 0},
    {.bitmap_index = 4043, .adv_w = 285, .box_w = 16, .box_h = 20, .ofs_x = 1, .ofs_y = 0},
    {.bitmap_index = 4203, .adv_w = 324, .box_w = 19, .box_h = 20, .ofs_x = 1, .ofs_y = 0},
    {.bitmap_index = 4393, .adv_w = 314, .box_w = 18, .box_h = 20, .ofs_x = 1, .ofs_y = 0},
    {.bitmap_index = 4573, .adv_w = 264, .box_w = 14, .box_h = 20, .ofs_x = 1, .ofs_y = 0},
    {.bitmap_index = 4713, .adv_w = 252, .box_w = 14, .box_h = 20, .ofs_x = 1, .ofs_y = 0},
    {.bitmap_index = 4853, .adv_w = 328, .box_w = 19, .box_h = 20, .ofs_x = 1, .ofs_y = 0},
    {.bitmap_index = 5043, .adv_w = 322, .box_w = 18, .box_h = 20, .ofs_x = 1, .ofs_y = 0},
    {.bitmap_index = 5223, .adv_w = 119, .box_w = 5, .box_h = 20, .ofs_x = 1, .ofs_y = 0},
    {.bitmap_index = 5273, .adv_w = 245, .box_w = 14, .box_h = 20, .ofs_x = 0, .ofs_y = 0},
    {.bitmap_index = 5413, .adv_w = 297, .box_w = 18, .box_h = 20, .ofs_x = 1, .ofs_y = 0},
    {.bitmap_index = 5593, .adv_w = 245, .box_w = 14, .box_h = 20, .ofs_x = 1, .ofs_y = 0},
    {.bitmap_index = 5733, .adv_w = 396, .box_w = 23, .box_h = 20, .ofs_x = 1, .ofs_y = 0},
    {.bitmap_index = 5963, .adv_w = 318, .box_w = 18, .box_h = 20, .ofs_x = 1, .ofs_y = 0},
    {.bitmap_index = 6143, .adv_w = 337, .box_w = 19, .box_h = 20, .ofs_x = 1, .ofs_y = 0},
    {.bitmap_index = 6333, .adv_w = 279, .box_w = 16, .box_h = 20, .ofs_x = 1, .ofs_y = 0},
    {.bitmap_index = 6493, .adv_w = 338, .box_w = 19, .box_h = 22, .ofs_x = 1, .ofs_y = -2},
    {.bitmap_index = 6702, .adv_w = 283, .box_w = 17, .box_h = 20, .ofs_x = 1, .ofs_y = 0},
    {.bitmap_index = 6872, .adv_w = 282, .box_w = 16, .box_h = 20, .ofs_x = 1, .ofs_y = 0},
    {.bitmap_index = 7032, .adv_w = 288, .box_w = 18, .box_h = 20, .ofs_x = 0, .ofs_y = 0},
    {.bitmap_index = 7212, .adv_w = 315, .box_w = 18, .box_h = 20, .ofs_x = 1, .ofs_y = 0},
    {.bitmap_index = 7392, .adv_w = 322, .box_w = 20, .box_h = 20, .ofs_x = 0, .ofs_y = 0},
    {.bitmap_index = 7592, .adv_w = 448, .box_w = 28, .box_h = 20, .ofs_x = 0, .ofs_y = 0},
    {.bitmap_index = 7872, .adv_w = 307, .box_w = 19, .box_h = 20, .ofs_x = 0, .ofs_y = 0},
    {.bitmap_index = 8062, .adv_w = 312, .box_w = 19, .box_h = 20, .ofs_x = 0, .ofs_y = 0},
    {.bitmap_index = 8252, .adv_w = 287, .box_w = 16, .box_h = 20, .ofs_x = 1, .ofs_y = 0},
    {.bitmap_index = 8412, .adv_w = 175, .box_w = 9, .box_h = 27, .ofs_x = 2, .ofs_y = -6},
    {.bitmap_index = 8534, .adv_w = 166, .box_w = 11, .box_h = 24, .ofs_x = 0, .ofs_y = -3},
    {.bitmap_index = 8666, .adv_w = 175, .box_w = 9, .box_h = 27, .ofs_x = 0, .ofs_y = -6},
    {.bitmap_index = 8788, .adv_w = 209, .box_w = 13, .box_h = 9, .ofs_x = 0, .ofs_y = 11},
    {.bitmap_index = 8847, .adv_w = 204, .box_w = 14, .box_h = 4, .ofs_x = -1, .ofs_y = -3},
    {.bitmap_index = 8875, .adv_w = 214, .box_w = 7, .box_h = 5, .ofs_x = 3, .ofs_y = 17},
    {.bitmap_index = 8893, .adv_w = 250, .box_w = 15, .box_h = 15, .ofs_x = 0, .ofs_y = 0},
    {.bitmap_index = 9006, .adv_w = 274, .box_w = 16, .box_h = 20, .ofs_x = 1, .ofs_y = 0},
    {.bitmap_index = 9166, .adv_w = 252, .box_w = 15, .box_h = 15, .ofs_x = 0, .ofs_y = 0},
    {.bitmap_index = 9279, .adv_w = 274, .box_w = 15, .box_h = 20, .ofs_x = 1, .ofs_y = 0},
    {.bitmap_index = 9429, .adv_w = 257, .box_w = 16, .box_h = 15, .ofs_x = 0, .ofs_y = 0},
    {.bitmap_index = 9549, .adv_w = 165, .box_w = 10, .box_h = 21, .ofs_x = 0, .ofs_y = 0},
    {.bitmap_index = 9654, .adv_w = 273, .box_w = 15, .box_h = 21, .ofs_x = 1, .ofs_y = -6},
    {.bitmap_index = 9812, .adv_w = 269, .box_w = 15, .box_h = 20, .ofs_x = 1, .ofs_y = 0},
    {.bitmap_index = 9962, .adv_w = 115, .box_w = 5, .box_h = 21, .ofs_x = 1, .ofs_y = 0},
    {.bitmap_index = 10015, .adv_w = 115, .box_w = 7, .box_h = 27, .ofs_x = -1, .ofs_y = -6},
    {.bitmap_index = 10110, .adv_w = 250, .box_w = 15, .box_h = 20, .ofs_x = 1, .ofs_y = 0},
    {.bitmap_index = 10260, .adv_w = 115, .box_w = 5, .box_h = 20, .ofs_x = 1, .ofs_y = 0},
    {.bitmap_index = 10310, .adv_w = 394, .box_w = 23, .box_h = 15, .ofs_x = 1, .ofs_y = 0},
    {.bitmap_index = 10483, .adv_w = 268, .box_w = 15, .box_h = 15, .ofs_x = 1, .ofs_y = 0},
    {.bitmap_index = 10596, .adv_w = 264, .box_w = 16, .box_h = 15, .ofs_x = 0, .ofs_y = 0},
    {.bitmap_index = 10716, .adv_w = 273, .box_w = 15, .box_h = 21, .ofs_x = 1, .ofs_y = -6},
    {.bitmap_index = 10874, .adv_w = 273, .box_w = 15, .box_h = 21, .ofs_x = 1, .ofs_y = -6},
    {.bitmap_index = 11032, .adv_w = 175, .box_w = 10, .box_h = 15, .ofs_x = 1, .ofs_y = 0},
    {.bitmap_index = 11107, .adv_w = 242, .box_w = 15, .box_h = 15, .ofs_x = 0, .ofs_y = 0},
    {.bitmap_index = 11220, .adv_w = 166, .box_w = 10, .box_h = 19, .ofs_x = 0, .ofs_y = 0},
    {.bitmap_index = 11315, .adv_w = 267, .box_w = 15, .box_h = 15, .ofs_x = 1, .ofs_y = 0},
    {.bitmap_index = 11428, .adv_w = 252, .box_w = 16, .box_h = 15, .ofs_x = 0, .ofs_y = 0},
    {.bitmap_index = 11548, .adv_w = 367, .box_w = 23, .box_h = 15, .ofs_x = 0, .ofs_y = 0},
    {.bitmap_index = 11721, .adv_w = 247, .box_w = 15, .box_h = 15, .ofs_x = 0, .ofs_y = 0},
    {.bitmap_index = 11834, .adv_w = 252, .box_w = 16, .box_h = 21, .ofs_x = 0, .ofs_y = -6},
    {.bitmap_index = 12002, .adv_w = 246, .box_w = 13, .box_h = 15, .ofs_x = 1, .ofs_y = 0},
    {.bitmap_index = 12100, .adv_w = 175, .box_w = 11, .box_h = 27, .ofs_x = 0, .ofs_y = -6},
    {.bitmap_index = 12249, .adv_w = 159, .box_w = 4, .box_h = 26, .ofs_x = 3, .ofs_y = -3},
    {.bitmap_index = 12301, .adv_w = 175, .box_w = 11, .box_h = 27, .ofs_x = 0, .ofs_y = -6},
    {.bitmap_index = 12450, .adv_w = 293, .box_w = 14, .box_h = 5, .ofs_x = 2, .ofs_y = 5},
    {.bitmap_index = 12485, .adv_w = 182, .box_w = 11, .box_h = 13, .ofs_x = 0, .ofs_y = -4},
    {.bitmap_index = 12557, .adv_w = 387, .box_w = 24, .box_h = 26, .ofs_x = 0, .ofs_y = -3},
    {.bitmap_index = 12869, .adv_w = 387, .box_w = 24, .box_h = 26, .ofs_x = 0, .ofs_y = -3},
    {.bitmap_index = 13181, .adv_w = 387, .box_w = 22, .box_h = 26, .ofs_x = 0, .ofs_y = -3},
    {.bitmap_index = 13467, .adv_w = 387, .box_w = 23, .box_h = 26, .ofs_x = 0, .ofs_y = -3},
    {.bitmap_index = 13766, .adv_w = 387, .box_w = 22, .box_h = 26, .ofs_x = 1, .ofs_y = -3},
    {.bitmap_index = 14052, .adv_w = 387, .box_w = 24, .box_h = 21, .ofs_x = 0, .ofs_y = 0},
    {.bitmap_index = 14304, .adv_w = 387, .box_w = 24, .box_h = 25, .ofs_x = 0, .ofs_y = -3},
    {.bitmap_index = 14604, .adv_w = 387, .box_w = 24, .box_h = 25, .ofs_x = 0, .ofs_y = -3},
    {.bitmap_index = 14904, .adv_w = 387, .box_w = 24, .box_h = 25, .ofs_x = 0, .ofs_y = -3},
    {.bitmap_index = 15204, .adv_w = 387, .box_w = 22, .box_h = 26, .ofs_x = 0, .ofs_y = -3},
    {.bitmap_index = 15490, .adv_w = 387, .box_w = 22, .box_h = 26, .ofs_x = 1, .ofs_y = -3},
    {.bitmap_index = 15776, .adv_w = 387, .box_w = 20, .box_h = 26, .ofs_x = 2, .ofs_y = -3},
    {.bitmap_index = 16036, .adv_w = 387, .box_w = 24, .box_h = 26, .ofs_x = 1, .ofs_y = -3},
    {.bitmap_index = 16348, .adv_w = 387, .box_w = 22, .box_h = 26, .ofs_x = 1, .ofs_y = -3},
    {.bitmap_index = 16634, .adv_w = 387, .box_w = 22, .box_h = 26, .ofs_x = 0, .ofs_y = -3},
    {.bitmap_index = 16920, .adv_w = 387, .box_w = 24, .box_h = 25, .ofs_x = 0, .ofs_y = -3},
    {.bitmap_index = 17220, .adv_w = 387, .box_w = 21, .box_h = 26, .ofs_x = 1, .ofs_y = -3},
    {.bitmap_index = 17493, .adv_w = 387, .box_w = 22, .box_h = 26, .ofs_x = 1, .ofs_y = -3},
    {.bitmap_index = 17779, .adv_w = 387, .box_w = 22, .box_h = 26, .ofs_x = 1, .ofs_y = -3},
    {.bitmap_index = 18065, .adv_w = 387, .box_w = 24, .box_h = 21, .ofs_x = 0, .ofs_y = 0},
    {.bitmap_index = 18317, .adv_w = 387, .box_w = 24, .box_h = 21, .ofs_x = 0, .ofs_y = 0},
    {.bitmap_index = 18569, .adv_w = 387, .box_w = 24, .box_h = 25, .ofs_x = 0, .ofs_y = -3},
    {.bitmap_index = 18869, .adv_w = 387, .box_w = 24, .box_h = 26, .ofs_x = 1, .ofs_y = -3},
    {.bitmap_index = 19181, .adv_w = 387, .box_w = 24, .box_h = 25, .ofs_x = 0, .ofs_y = -3},
    {.bitmap_index = 19481, .adv_w = 387, .box_w = 24, .box_h = 21, .ofs_x = 0, .ofs_y = 0},
    {.bitmap_index = 19733, .adv_w = 387, .box_w = 24, .box_h = 25, .ofs_x = 0, .ofs_y = -3},
    {.bitmap_index = 20033, .adv_w = 387, .box_w = 21, .box_h = 26, .ofs_x = 1, .ofs_y = -3},
    {.bitmap_index = 20306, .adv_w = 387, .box_w = 22, .box_h = 26, .ofs_x = 0, .ofs_y = -3},
    {.bitmap_index = 20592, .adv_w = 387, .box_w = 23, .box_h = 26, .ofs_x = 0, .ofs_y = -3},
    {.bitmap_index = 20891, .adv_w = 387, .box_w = 25, .box_h = 26, .ofs_x = 0, .ofs_y = -3},
    {.bitmap_index = 21216, .adv_w = 387, .box_w = 24, .box_h = 25, .ofs_x = 0, .ofs_y = -3},
    {.bitmap_index = 21516, .adv_w = 387, .box_w = 22, .box_h = 26, .ofs_x = 0, .ofs_y = -3},
    {.bitmap_index = 21802, .adv_w = 387, .box_w = 22, .box_h = 26, .ofs_x = 0, .ofs_y = -3},
    {.bitmap_index = 22088, .adv_w = 387, .box_w = 22, .box_h = 26, .ofs_x = 0, .ofs_y = -3},
    {.bitmap_index = 22374, .adv_w = 387, .box_w = 23, .box_h = 26, .ofs_x = 0, .ofs_y = -3},
    {.bitmap_index = 22673, .adv_w = 387, .box_w = 24, .box_h = 26, .ofs_x = 0, .ofs_y = -3},
    {.bitmap_index = 22985, .adv_w = 387, .box_w = 24, .box_h = 26, .ofs_x = 0, .ofs_y = -3},
    {.bitmap_index = 23297, .adv_w = 387, .box_w = 24, .box_h = 26, .ofs_x = 0, .ofs_y = -3},
    {.bitmap_index = 23609, .adv_w = 387, .box_w = 21, .box_h = 26, .ofs_x = 1, .ofs_y = -3},
    {.bitmap_index = 23882, .adv_w = 387, .box_w = 23, .box_h = 26, .ofs_x = 0, .ofs_y = -3},
    {.bitmap_index = 24181, .adv_w = 387, .box_w = 22, .box_h = 26, .ofs_x = 1, .ofs_y = -3},
    {.bitmap_index = 24467, .adv_w = 387, .box_w = 21, .box_h = 26, .ofs_x = 1, .ofs_y = -3},
    {.bitmap_index = 24740, .adv_w = 387, .box_w = 24, .box_h = 26, .ofs_x = 0, .ofs_y = -3},
    {.bitmap_index = 25052, .adv_w = 387, .box_w = 24, .box_h = 22, .ofs_x = 0, .ofs_y = 0},
    {.bitmap_index = 25316, .adv_w = 387, .box_w = 24, .box_h = 25, .ofs_x = 0, .ofs_y = -3},
    {.bitmap_index = 25616, .adv_w = 387, .box_w = 21, .box_h = 26, .ofs_x = 1, .ofs_y = -3},
    {.bitmap_index = 25889, .adv_w = 387, .box_w = 21, .box_h = 26, .ofs_x = 1, .ofs_y = -3},
    {.bitmap_index = 26162, .adv_w = 387, .box_w = 25, .box_h = 26, .ofs_x = 0, .ofs_y = -3},
    {.bitmap_index = 26487, .adv_w = 387, .box_w = 24, .box_h = 26, .ofs_x = 0, .ofs_y = -3},
    {.bitmap_index = 26799, .adv_w = 387, .box_w = 24, .box_h = 26, .ofs_x = 0, .ofs_y = -3},
    {.bitmap_index = 27111, .adv_w = 387, .box_w = 24, .box_h = 26, .ofs_x = 0, .ofs_y = -3},
    {.bitmap_index = 27423, .adv_w = 387, .box_w = 22, .box_h = 26, .ofs_x = 0, .ofs_y = -3},
    {.bitmap_index = 27709, .adv_w = 387, .box_w = 24, .box_h = 25, .ofs_x = 0, .ofs_y = -3},
    {.bitmap_index = 28009, .adv_w = 387, .box_w = 24, .box_h = 25, .ofs_x = 0, .ofs_y = -3},
    {.bitmap_index = 28309, .adv_w = 387, .box_w = 24, .box_h = 25, .ofs_x = 0, .ofs_y = -3},
    {.bitmap_index = 28609, .adv_w = 387, .box_w = 24, .box_h = 25, .ofs_x = 0, .ofs_y = -3},
    {.bitmap_index = 28909, .adv_w = 387, .box_w = 22, .box_h = 26, .ofs_x = 0, .ofs_y = -3},
    {.bitmap_index = 29195, .adv_w = 387, .box_w = 23, .box_h = 26, .ofs_x = 0, .ofs_y = -3},
    {.bitmap_index = 29494, .adv_w = 387, .box_w = 25, .box_h = 26, .ofs_x = 0, .ofs_y = -3},
    {.bitmap_index = 29819, .adv_w = 387, .box_w = 23, .box_h = 26, .ofs_x = 0, .ofs_y = -3},
    {.bitmap_index = 30118, .adv_w = 387, .box_w = 24, .box_h = 22, .ofs_x = 0, .ofs_y = 0},
    {.bitmap_index = 30382, .adv_w = 387, .box_w = 22, .box_h = 26, .ofs_x = 0, .ofs_y = -3},
    {.bitmap_index = 30668, .adv_w = 387, .box_w = 24, .box_h = 21, .ofs_x = 0, .ofs_y = 0},
    {.bitmap_index = 30920, .adv_w = 387, .box_w = 23, .box_h = 26, .ofs_x = 0, .ofs_y = -3},
    {.bitmap_index = 31219, .adv_w = 387, .box_w = 22, .box_h = 26, .ofs_x = 0, .ofs_y = -3},
    {.bitmap_index = 31505, .adv_w = 387, .box_w = 24, .box_h = 26, .ofs_x = 0, .ofs_y = -3},
    {.bitmap_index = 31817, .adv_w = 387, .box_w = 24, .box_h = 26, .ofs_x = 0, .ofs_y = -3},
    {.bitmap_index = 32129, .adv_w = 387, .box_w = 23, .box_h = 26, .ofs_x = 0, .ofs_y = -3},
    {.bitmap_index = 32428, .adv_w = 387, .box_w = 24, .box_h = 23, .ofs_x = 0, .ofs_y = 0},
    {.bitmap_index = 32704, .adv_w = 387, .box_w = 22, .box_h = 26, .ofs_x = 0, .ofs_y = -3},
    {.bitmap_index = 32990, .adv_w = 387, .box_w = 24, .box_h = 26, .ofs_x = 0, .ofs_y = -3},
    {.bitmap_index = 33302, .adv_w = 387, .box_w = 24, .box_h = 26, .ofs_x = 0, .ofs_y = -3},
    {.bitmap_index = 33614, .adv_w = 387, .box_w = 24, .box_h = 26, .ofs_x = 0, .ofs_y = -3},
    {.bitmap_index = 33926, .adv_w = 387, .box_w = 21, .box_h = 26, .ofs_x = 1, .ofs_y = -3}
};

/*---------------------
 *  CHARACTER MAPPING
 *--------------------*/

static const uint16_t unicode_list_1[] = {
    0x0, 0x8b82, 0x8b93, 0x8bee, 0x8c0a, 0x8c2e, 0x8c5e, 0x8c65,
    0x8c73, 0x8d5e, 0x8dae, 0x9032, 0x9246, 0x9262, 0x927e, 0x93a6,
    0x9462, 0x97a3, 0x97a6, 0x97be, 0x97da, 0x984a, 0x98de, 0x9946,
    0x9aba, 0x9c72, 0x9d02, 0x9dc2, 0xa0af, 0xa0b6, 0xa0e6, 0xa10b,
    0xa1ea, 0xa25a, 0xa25b, 0xa262, 0xa4c6, 0xa4c7, 0xa4d3, 0xa532,
    0xa54e, 0xa56e, 0xa57f, 0xa5c2, 0xa612, 0xa6ca, 0xa6f2, 0xa703,
    0xa70e, 0xa70f, 0xa716, 0xa71e, 0xa78e, 0xa803, 0xa87a, 0xa87e,
    0xa88f, 0xa93e, 0xa942, 0xaba6, 0xac1a, 0xac86, 0xacda, 0xb236,
    0xb336, 0xb347, 0xb4d6, 0xb4e7, 0xb507, 0xb5b6, 0xb60a, 0xb646,
    0xb6b2, 0xb6df, 0xb706
};

/*Collect the unicode lists and glyph_id offsets*/
static const lv_font_fmt_txt_cmap_t cmaps[] =
{
    {
        .range_start = 32, .range_length = 95, .glyph_id_start = 1,
        .unicode_list = NULL, .glyph_id_ofs_list = NULL, .list_length = 0, .type = LV_FONT_FMT_TXT_CMAP_FORMAT0_TINY
    },
    {
        .range_start = 8322, .range_length = 46855, .glyph_id_start = 96,
        .unicode_list = unicode_list_1, .glyph_id_ofs_list = NULL, .list_length = 75, .type = LV_FONT_FMT_TXT_CMAP_SPARSE_TINY
    }
};

/*-----------------
 *    KERNING
 *----------------*/


/*Pair left and right glyphs for kerning*/
static const uint8_t kern_pair_glyph_ids[] =
{
    3, 7,
    3, 13,
    3, 15,
    3, 21,
    3, 34,
    3, 43,
    7, 3,
    7, 8,
    8, 7,
    8, 13,
    8, 15,
    8, 21,
    8, 34,
    8, 43,
    9, 68,
    9, 69,
    9, 70,
    9, 72,
    9, 75,
    9, 80,
    9, 82,
    11, 7,
    11, 13,
    11, 15,
    11, 21,
    11, 34,
    11, 43,
    11, 64,
    12, 19,
    12, 20,
    12, 24,
    12, 53,
    12, 55,
    12, 56,
    12, 57,
    12, 58,
    12, 61,
    12, 89,
    13, 1,
    13, 2,
    13, 3,
    13, 8,
    13, 17,
    13, 18,
    13, 20,
    13, 22,
    13, 23,
    13, 24,
    13, 25,
    13, 26,
    13, 32,
    13, 53,
    13, 58,
    13, 65,
    14, 19,
    14, 20,
    14, 24,
    14, 53,
    14, 55,
    14, 56,
    14, 57,
    14, 58,
    14, 61,
    14, 89,
    15, 1,
    15, 2,
    15, 3,
    15, 8,
    15, 17,
    15, 18,
    15, 20,
    15, 22,
    15, 23,
    15, 24,
    15, 25,
    15, 26,
    15, 32,
    15, 53,
    15, 58,
    15, 65,
    16, 13,
    16, 15,
    16, 43,
    16, 55,
    16, 56,
    16, 61,
    17, 13,
    17, 15,
    17, 24,
    17, 58,
    17, 64,
    18, 13,
    18, 15,
    19, 21,
    21, 13,
    21, 15,
    21, 18,
    22, 13,
    22, 15,
    23, 13,
    23, 15,
    23, 64,
    24, 4,
    24, 7,
    24, 13,
    24, 15,
    24, 17,
    24, 20,
    24, 21,
    24, 22,
    24, 23,
    24, 24,
    24, 25,
    24, 26,
    24, 27,
    24, 28,
    24, 29,
    24, 34,
    24, 43,
    24, 64,
    24, 66,
    24, 68,
    24, 69,
    24, 70,
    24, 72,
    24, 80,
    24, 82,
    24, 84,
    24, 96,
    26, 13,
    26, 15,
    26, 24,
    26, 58,
    26, 64,
    27, 53,
    27, 55,
    27, 61,
    28, 53,
    28, 55,
    28, 61,
    31, 24,
    32, 34,
    60, 68,
    60, 69,
    60, 70,
    60, 72,
    60, 75,
    60, 80,
    60, 82,
    61, 13,
    61, 15,
    61, 53,
    61, 55,
    61, 56,
    61, 61,
    61, 87,
    61, 90,
    63, 7,
    63, 13,
    63, 15,
    63, 21,
    63, 34,
    63, 43,
    63, 64,
    64, 11,
    64, 17,
    64, 18,
    64, 20,
    64, 21,
    64, 22,
    64, 23,
    64, 25,
    64, 26,
    64, 36,
    64, 40,
    64, 48,
    64, 50,
    64, 53,
    64, 54,
    64, 55,
    64, 61,
    64, 63,
    64, 74,
    64, 75,
    64, 78,
    64, 79,
    64, 81,
    64, 83,
    64, 87,
    64, 90,
    92, 68,
    92, 69,
    92, 70,
    92, 72,
    92, 75,
    92, 80,
    92, 82,
    95, 19,
    95, 20,
    95, 24,
    95, 53,
    95, 55,
    95, 56,
    95, 57,
    95, 58,
    95, 61,
    95, 89
};

/* Kerning between the respective left and right glyphs
 * 4.4 format which needs to scaled with `kern_scale`*/
static const int8_t kern_pair_values[] =
{
    -15, -39, -39, -27, -35, -72, -15, -15,
    -15, -39, -39, -27, -35, -72, -2, -2,
    -2, -2, 5, -2, -2, -15, -59, -59,
    -20, -42, -42, -30, -9, -2, -13, -14,
    -9, -9, -23, -15, -9, -10, -14, -6,
    -44, -44, -13, -39, -10, -3, -13, -11,
    -13, -6, -45, -15, -29, -59, -9, -2,
    -13, -14, -9, -9, -23, -15, -9, -10,
    -14, -6, -44, -44, -13, -39, -10, -3,
    -13, -11, -13, -6, -45, -15, -29, -59,
    -17, -17, -27, 4, 4, 4, -13, -13,
    -9, -15, -20, -17, -17, -7, -6, -6,
    -4, -10, -10, -13, -13, -20, -25, -20,
    -54, -54, -7, -7, -25, -4, -7, 9,
    -6, -4, -15, -15, -40, -47, -42, -69,
    -20, -22, -22, -22, -22, -22, -22, -17,
    -17, -13, -13, -9, -15, -20, -15, -27,
    -27, -15, -27, -27, -32, -27, -2, -2,
    -2, -2, 5, -2, -2, 17, 17, -17,
    -24, -25, -24, -22, -22, -15, -59, -59,
    -20, -42, -42, -30, -30, -20, -47, -20,
    -25, -20, -20, -20, -20, -17, -17, -17,
    -17, -25, -17, -35, -35, -30, 15, 42,
    20, 20, 20, 20, -35, -35, -2, -2,
    -2, -2, 5, -2, -2, -9, -2, -13,
    -14, -9, -9, -23, -15, -9, -10
};

/*Collect the kern pair's data in one place*/
static const lv_font_fmt_txt_kern_pair_t kern_pairs =
{
    .glyph_ids = kern_pair_glyph_ids,
    .values = kern_pair_values,
    .pair_cnt = 207,
    .glyph_ids_size = 0
};

/*--------------------
 *  ALL CUSTOM DATA
 *--------------------*/

#if LVGL_VERSION_MAJOR == 8
/*Store all the custom data of the font*/
static  lv_font_fmt_txt_glyph_cache_t cache;
#endif

#if LVGL_VERSION_MAJOR >= 8
static const lv_font_fmt_txt_dsc_t font_dsc = {
#else
static lv_font_fmt_txt_dsc_t font_dsc = {
#endif
    .glyph_bitmap = glyph_bitmap,
    .glyph_dsc = glyph_dsc,
    .cmaps = cmaps,
    .kern_dsc = &kern_pairs,
    .kern_scale = 16,
    .cmap_num = 2,
    .bpp = 4,
    .kern_classes = 0,
    .bitmap_format = 0,
#if LVGL_VERSION_MAJOR == 8
    .cache = &cache
#endif
};



/*-----------------
 *  PUBLIC FONT
 *----------------*/

/*Initialize a public general font descriptor*/
#if LVGL_VERSION_MAJOR >= 8
const lv_font_t lv_font_pretendard_b_28 = {
#else
lv_font_t lv_font_pretendard_b_28 = {
#endif
    .get_glyph_dsc = lv_font_get_glyph_dsc_fmt_txt,    /*Function pointer to get glyph's data*/
    .get_glyph_bitmap = lv_font_get_bitmap_fmt_txt,    /*Function pointer to get glyph's bitmap*/
    .line_height = 29,          /*The maximum line height required by the font*/
    .base_line = 6,             /*Baseline measured from the bottom of the line*/
#if !(LVGL_VERSION_MAJOR == 6 && LVGL_VERSION_MINOR == 0)
    .subpx = LV_FONT_SUBPX_NONE,
#endif
#if LV_VERSION_CHECK(7, 4, 0) || LVGL_VERSION_MAJOR >= 8
    .underline_position = -3,
    .underline_thickness = 3,
#endif
    .dsc = &font_dsc,          /*The custom font data. Will be accessed by `get_glyph_bitmap/dsc` */
#if LV_VERSION_CHECK(8, 2, 0) || LVGL_VERSION_MAJOR >= 9
    .fallback = NULL,
#endif
    .user_data = NULL,
};



#endif /*#if LV_FONT_PRETENDARD_B_28*/

